scenario,policy,candidate_size,arm,seed,ba,attack_f1,attack_recall,fpr,triggers,candidates_trained,commits,rejects,labels_total,labels_probe,labels_monitor,labels_candidate
ps_full,never,n/a,xvd_b1_ps_full_never,8001,0.920390625,0.9188971889505837,,,0,0,0,0,0,0,0,0
ps_full,never,n/a,xvd_b1_ps_full_never,8002,0.855078125,0.8399252853383057,,,0,0,0,0,0,0,0,0
ps_full,never,n/a,xvd_b1_ps_full_never,8003,0.8103125,0.7781351446980829,,,0,0,0,0,0,0,0,0
ps_full,never,n/a,xvd_b1_ps_full_never,8004,0.9071875,0.902419728465301,,,0,0,0,0,0,0,0,0
ps_full,never,n/a,xvd_b1_ps_full_never,8005,0.791015625,0.7474825487449275,,,0,0,0,0,0,0,0,0
ps_full,never,n/a,xvd_b1_ps_full_never,8006,0.897578125,0.893098853223824,,,0,0,0,0,0,0,0,0
ps_full,never,n/a,xvd_b1_ps_full_never,8007,0.78328125,0.735076962587403,,,0,0,0,0,0,0,0,0
ps_full,never,n/a,xvd_b1_ps_full_never,8008,0.79359375,0.7471624045038276,,,0,0,0,0,0,0,0,0
ps_full,never,n/a,xvd_b1_ps_full_never,8009,0.793046875,0.7526771485221221,,,0,0,0,0,0,0,0,0
ps_full,never,n/a,xvd_b1_ps_full_never,8010,0.79671875,0.7577781130651663,,,0,0,0,0,0,0,0,0
ps_full,never,n/a,xvd_b1_ps_full_never,8011,0.8346875,0.8133572763817021,,,0,0,0,0,0,0,0,0
ps_full,never,n/a,xvd_b1_ps_full_never,8012,0.91359375,0.9118595956171948,,,0,0,0,0,0,0,0,0
ps_full,never,n/a,xvd_b1_ps_full_never,8013,0.783984375,0.7385978240749398,,,0,0,0,0,0,0,0,0
ps_full,never,n/a,xvd_b1_ps_full_never,8014,0.9078125,0.9054030319608841,,,0,0,0,0,0,0,0,0
ps_full,never,n/a,xvd_b1_ps_full_never,8015,0.8775,0.8836187034308775,,,0,0,0,0,0,0,0,0
ps_full,never,n/a,xvd_b1_ps_full_never,8016,0.898359375,0.8951689265997351,,,0,0,0,0,0,0,0,0
ps_full,never,n/a,xvd_b1_ps_full_never,8017,0.78484375,0.7406489472382151,,,0,0,0,0,0,0,0,0
ps_full,never,n/a,xvd_b1_ps_full_never,8018,0.910859375,0.9083333339195729,,,0,0,0,0,0,0,0,0
ps_full,never,n/a,xvd_b1_ps_full_never,8019,0.788046875,0.7449973719522264,,,0,0,0,0,0,0,0,0
ps_full,never,n/a,xvd_b1_ps_full_never,8020,0.84140625,0.8161317238898576,,,0,0,0,0,0,0,0,0
ps_full,never,n/a,xvd_b1_ps_full_never,8021,0.78625,0.742046230625352,,,0,0,0,0,0,0,0,0
ps_full,never,n/a,xvd_b1_ps_full_never,8022,0.795546875,0.755588916604927,,,0,0,0,0,0,0,0,0
ps_full,never,n/a,xvd_b1_ps_full_never,8023,0.903828125,0.8999830442312726,,,0,0,0,0,0,0,0,0
ps_full,never,n/a,xvd_b1_ps_full_never,8024,0.785625,0.7403551894873656,,,0,0,0,0,0,0,0,0
ps_full,never,n/a,xvd_b1_ps_full_never,8025,0.91828125,0.9162019142920869,,,0,0,0,0,0,0,0,0
ps_full,never,n/a,xvd_b1_ps_full_never,8026,0.904921875,0.9009740721397627,,,0,0,0,0,0,0,0,0
ps_full,never,n/a,xvd_b1_ps_full_never,8027,0.792734375,0.7501658228048662,,,0,0,0,0,0,0,0,0
ps_full,never,n/a,xvd_b1_ps_full_never,8028,0.7809375,0.7348017435247078,,,0,0,0,0,0,0,0,0
ps_full,never,n/a,xvd_b1_ps_full_never,8029,0.793828125,0.7526305035250056,,,0,0,0,0,0,0,0,0
ps_full,never,n/a,xvd_b1_ps_full_never,8030,0.894765625,0.8900796223990725,,,0,0,0,0,0,0,0,0
ps_full,naive,2000,xvd_b1_ps_full_naive_2000,8001,0.937890625,0.9360196639868434,0.9190625,0.04328125,3,3,3,0,0,0,0,12000
ps_full,naive,2000,xvd_b1_ps_full_naive_2000,8002,0.91828125,0.9122782536290345,0.873125,0.0365625,3,3,3,0,0,0,0,12000
ps_full,naive,2000,xvd_b1_ps_full_naive_2000,8003,0.930703125,0.9282637423165282,0.9128125,0.05140625,3,3,3,0,0,0,0,12000
ps_full,naive,2000,xvd_b1_ps_full_naive_2000,8004,0.928984375,0.9246827422298084,0.89015625,0.0321875,2,2,2,0,0,0,0,8000
ps_full,naive,2000,xvd_b1_ps_full_naive_2000,8005,0.933359375,0.9299257292665749,0.910625,0.04390625,3,3,3,0,0,0,0,12000
ps_full,naive,2000,xvd_b1_ps_full_naive_2000,8006,0.93140625,0.9290126667315317,0.91265625,0.04984375,2,2,2,0,0,0,0,8000
ps_full,naive,2000,xvd_b1_ps_full_naive_2000,8007,0.902265625,0.8923072903899167,0.84171875,0.0371875,3,3,3,0,0,0,0,12000
ps_full,naive,2000,xvd_b1_ps_full_naive_2000,8008,0.92640625,0.921530690611303,0.8934375,0.040625,3,3,3,0,0,0,0,12000
ps_full,naive,2000,xvd_b1_ps_full_naive_2000,8009,0.929140625,0.9246314158841593,0.8971875,0.03890625,3,3,3,0,0,0,0,12000
ps_full,naive,2000,xvd_b1_ps_full_naive_2000,8010,0.924921875,0.9200910932899885,0.89,0.04015625,3,3,3,0,0,0,0,12000
ps_full,naive,2000,xvd_b1_ps_full_naive_2000,8011,0.93390625,0.9324563129561433,0.92421875,0.05640625,2,2,2,0,0,0,0,8000
ps_full,naive,2000,xvd_b1_ps_full_naive_2000,8012,0.936328125,0.9344690444030184,0.91875,0.04609375,3,3,3,0,0,0,0,12000
ps_full,naive,2000,xvd_b1_ps_full_naive_2000,8013,0.92359375,0.9179526666226259,0.88875,0.0415625,2,2,2,0,0,0,0,8000
ps_full,naive,2000,xvd_b1_ps_full_naive_2000,8014,0.935625,0.9341094505490214,0.92390625,0.05265625,2,2,2,0,0,0,0,8000
ps_full,naive,2000,xvd_b1_ps_full_naive_2000,8015,0.932578125,0.9351792198253791,0.9590625,0.09390625,2,2,2,0,0,0,0,8000
ps_full,naive,2000,xvd_b1_ps_full_naive_2000,8016,0.921328125,0.9173861917035808,0.89,0.04734375,2,2,2,0,0,0,0,8000
ps_full,naive,2000,xvd_b1_ps_full_naive_2000,8017,0.93015625,0.9269459942014852,0.91,0.0496875,2,2,2,0,0,0,0,8000
ps_full,naive,2000,xvd_b1_ps_full_naive_2000,8018,0.935078125,0.933419160552313,0.92140625,0.05125,2,2,2,0,0,0,0,8000
ps_full,naive,2000,xvd_b1_ps_full_naive_2000,8019,0.905,0.8969837383552306,0.856875,0.046875,2,2,2,0,0,0,0,8000
ps_full,naive,2000,xvd_b1_ps_full_naive_2000,8020,0.941796875,0.9398857505249728,0.925625,0.04203125,2,2,2,0,0,0,0,8000
ps_full,naive,2000,xvd_b1_ps_full_naive_2000,8021,0.930625,0.9260876212325142,0.903125,0.041875,2,2,2,0,0,0,0,8000
ps_full,naive,2000,xvd_b1_ps_full_naive_2000,8022,0.926796875,0.9229776563667713,0.89859375,0.045,3,3,3,0,0,0,0,12000
ps_full,naive,2000,xvd_b1_ps_full_naive_2000,8023,0.9378125,0.9353245545372704,0.91625,0.040625,3,3,3,0,0,0,0,12000
ps_full,naive,2000,xvd_b1_ps_full_naive_2000,8024,0.9228125,0.9173671933138133,0.888125,0.0425,2,2,2,0,0,0,0,8000
ps_full,naive,2000,xvd_b1_ps_full_naive_2000,8025,0.93625,0.9346781533087306,0.925,0.0525,2,2,2,0,0,0,0,8000
ps_full,naive,2000,xvd_b1_ps_full_naive_2000,8026,0.9325,0.9306061839539227,0.91671875,0.05171875,2,2,2,0,0,0,0,8000
ps_full,naive,2000,xvd_b1_ps_full_naive_2000,8027,0.909375,0.9011450882213893,0.86015625,0.04140625,2,2,2,0,0,0,0,8000
ps_full,naive,2000,xvd_b1_ps_full_naive_2000,8028,0.92296875,0.917898581304944,0.8940625,0.048125,2,2,2,0,0,0,0,8000
ps_full,naive,2000,xvd_b1_ps_full_naive_2000,8029,0.93046875,0.9267246812977064,0.90765625,0.04671875,3,3,3,0,0,0,0,12000
ps_full,naive,2000,xvd_b1_ps_full_naive_2000,8030,0.9253125,0.922813523971489,0.905,0.054375,3,3,3,0,0,0,0,12000
ps_full,point,2000,xvd_b1_ps_full_point_2000,8001,0.937890625,0.9360196639868434,0.9190625,0.04328125,3,3,3,0,96,96,0,12000
ps_full,point,2000,xvd_b1_ps_full_point_2000,8002,0.916328125,0.91036259875746,0.8721875,0.03953125,3,3,2,1,96,96,0,12000
ps_full,point,2000,xvd_b1_ps_full_point_2000,8003,0.930703125,0.9282637423165282,0.9128125,0.05140625,3,3,3,0,96,96,0,12000
ps_full,point,2000,xvd_b1_ps_full_point_2000,8004,0.928984375,0.9246827422298084,0.89015625,0.0321875,2,2,2,0,64,64,0,8000
ps_full,point,2000,xvd_b1_ps_full_point_2000,8005,0.933359375,0.9299257292665749,0.910625,0.04390625,3,3,3,0,96,96,0,12000
ps_full,point,2000,xvd_b1_ps_full_point_2000,8006,0.93140625,0.9290126667315317,0.91265625,0.04984375,2,2,2,0,64,64,0,8000
ps_full,point,2000,xvd_b1_ps_full_point_2000,8007,0.902421875,0.8924647707048773,0.84203125,0.0371875,3,3,2,1,96,96,0,12000
ps_full,point,2000,xvd_b1_ps_full_point_2000,8008,0.92703125,0.9226796904845541,0.90140625,0.04734375,3,3,2,1,96,96,0,12000
ps_full,point,2000,xvd_b1_ps_full_point_2000,8009,0.929140625,0.9246314158841593,0.8971875,0.03890625,3,3,3,0,96,96,0,12000
ps_full,point,2000,xvd_b1_ps_full_point_2000,8010,0.924921875,0.9200910932899885,0.89,0.04015625,3,3,3,0,96,96,0,12000
ps_full,point,2000,xvd_b1_ps_full_point_2000,8011,0.93390625,0.9324563129561433,0.92421875,0.05640625,2,2,2,0,64,64,0,8000
ps_full,point,2000,xvd_b1_ps_full_point_2000,8012,0.936328125,0.9344690444030184,0.91875,0.04609375,3,3,3,0,96,96,0,12000
ps_full,point,2000,xvd_b1_ps_full_point_2000,8013,0.923203125,0.9176032194259736,0.88890625,0.0425,3,3,2,1,96,96,0,12000
ps_full,point,2000,xvd_b1_ps_full_point_2000,8014,0.935625,0.9341094505490214,0.92390625,0.05265625,2,2,2,0,64,64,0,8000
ps_full,point,2000,xvd_b1_ps_full_point_2000,8015,0.932578125,0.9351792198253791,0.9590625,0.09390625,2,2,2,0,64,64,0,8000
ps_full,point,2000,xvd_b1_ps_full_point_2000,8016,0.921328125,0.9173861917035808,0.89,0.04734375,2,2,2,0,64,64,0,8000
ps_full,point,2000,xvd_b1_ps_full_point_2000,8017,0.93015625,0.9269459942014852,0.91,0.0496875,2,2,2,0,64,64,0,8000
ps_full,point,2000,xvd_b1_ps_full_point_2000,8018,0.935078125,0.933419160552313,0.92140625,0.05125,2,2,2,0,64,64,0,8000
ps_full,point,2000,xvd_b1_ps_full_point_2000,8019,0.905,0.8969837383552306,0.856875,0.046875,2,2,2,0,64,64,0,8000
ps_full,point,2000,xvd_b1_ps_full_point_2000,8020,0.941796875,0.9398857505249728,0.925625,0.04203125,2,2,2,0,64,64,0,8000
ps_full,point,2000,xvd_b1_ps_full_point_2000,8021,0.929921875,0.9254305223202267,0.90390625,0.0440625,3,3,2,1,96,96,0,12000
ps_full,point,2000,xvd_b1_ps_full_point_2000,8022,0.926640625,0.9228338418285715,0.89890625,0.045625,4,4,3,1,128,128,0,16000
ps_full,point,2000,xvd_b1_ps_full_point_2000,8023,0.9378125,0.9353245545372704,0.91625,0.040625,3,3,3,0,96,96,0,12000
ps_full,point,2000,xvd_b1_ps_full_point_2000,8024,0.9228125,0.9173671933138133,0.888125,0.0425,2,2,2,0,64,64,0,8000
ps_full,point,2000,xvd_b1_ps_full_point_2000,8025,0.93625,0.9346781533087306,0.925,0.0525,2,2,2,0,64,64,0,8000
ps_full,point,2000,xvd_b1_ps_full_point_2000,8026,0.9325,0.9306061839539227,0.91671875,0.05171875,2,2,2,0,64,64,0,8000
ps_full,point,2000,xvd_b1_ps_full_point_2000,8027,0.909375,0.9011450882213893,0.86015625,0.04140625,2,2,2,0,64,64,0,8000
ps_full,point,2000,xvd_b1_ps_full_point_2000,8028,0.92296875,0.917898581304944,0.8940625,0.048125,2,2,2,0,64,64,0,8000
ps_full,point,2000,xvd_b1_ps_full_point_2000,8029,0.93046875,0.9267246812977064,0.90765625,0.04671875,3,3,3,0,96,96,0,12000
ps_full,point,2000,xvd_b1_ps_full_point_2000,8030,0.9253125,0.922813523971489,0.905,0.054375,3,3,3,0,96,96,0,12000
ps_full,strict,2000,xvd_b1_ps_full_strict_2000,8001,0.926953125,0.9233232153924524,0.89765625,0.04375,5,5,2,3,160,160,0,20000
ps_full,strict,2000,xvd_b1_ps_full_strict_2000,8002,0.913515625,0.9070132863443376,0.86828125,0.04125,5,5,1,4,160,160,0,20000
ps_full,strict,2000,xvd_b1_ps_full_strict_2000,8003,0.930703125,0.9282637423165282,0.9128125,0.05140625,3,3,3,0,96,96,0,12000
ps_full,strict,2000,xvd_b1_ps_full_strict_2000,8004,0.92828125,0.9240484775763058,0.89109375,0.03453125,4,4,1,3,128,128,0,16000
ps_full,strict,2000,xvd_b1_ps_full_strict_2000,8005,0.933359375,0.9299257292665749,0.910625,0.04390625,3,3,3,0,96,96,0,12000
ps_full,strict,2000,xvd_b1_ps_full_strict_2000,8006,0.918125,0.9132354327805365,0.8815625,0.0453125,6,6,1,5,192,192,0,24000
ps_full,strict,2000,xvd_b1_ps_full_strict_2000,8007,0.8996875,0.8897741244739961,0.840625,0.04125,2,2,1,1,64,64,0,8000
ps_full,strict,2000,xvd_b1_ps_full_strict_2000,8008,0.92703125,0.9226796904845541,0.90140625,0.04734375,3,3,2,1,96,96,0,12000
ps_full,strict,2000,xvd_b1_ps_full_strict_2000,8009,0.93296875,0.9289456911437632,0.90796875,0.04203125,4,4,2,2,128,128,0,16000
ps_full,strict,2000,xvd_b1_ps_full_strict_2000,8010,0.9265625,0.9225065581822132,0.901875,0.04875,4,4,2,2,128,128,0,16000
ps_full,strict,2000,xvd_b1_ps_full_strict_2000,8011,0.934296875,0.9332463583412618,0.92953125,0.0609375,4,4,2,2,128,128,0,16000
ps_full,strict,2000,xvd_b1_ps_full_strict_2000,8012,0.9353125,0.9334802579229106,0.91875,0.048125,4,4,2,2,128,128,0,16000
ps_full,strict,2000,xvd_b1_ps_full_strict_2000,8013,0.9203125,0.9148362988701387,0.88875,0.048125,4,4,1,3,128,128,0,16000
ps_full,strict,2000,xvd_b1_ps_full_strict_2000,8014,0.93140625,0.9304758638693462,0.929375,0.0665625,5,5,2,3,160,160,0,20000
ps_full,strict,2000,xvd_b1_ps_full_strict_2000,8015,0.935390625,0.9382631457225798,0.96640625,0.095625,5,5,1,4,160,160,0,20000
ps_full,strict,2000,xvd_b1_ps_full_strict_2000,8016,0.920703125,0.9167890795161506,0.890625,0.04921875,4,4,1,3,128,128,0,16000
ps_full,strict,2000,xvd_b1_ps_full_strict_2000,8017,0.93015625,0.9269459942014852,0.91,0.0496875,2,2,2,0,64,64,0,8000
ps_full,strict,2000,xvd_b1_ps_full_strict_2000,8018,0.938828125,0.9372193696100183,0.92578125,0.048125,3,3,2,1,96,96,0,12000
ps_full,strict,2000,xvd_b1_ps_full_strict_2000,8019,0.905078125,0.8970157886915454,0.8559375,0.04578125,5,5,1,4,160,160,0,20000
ps_full,strict,2000,xvd_b1_ps_full_strict_2000,8020,0.941796875,0.9398857505249728,0.925625,0.04203125,2,2,2,0,64,64,0,8000
ps_full,strict,2000,xvd_b1_ps_full_strict_2000,8021,0.928046875,0.9236544933529574,0.90390625,0.0478125,4,4,2,2,128,128,0,16000
ps_full,strict,2000,xvd_b1_ps_full_strict_2000,8022,0.926640625,0.9228338418285715,0.89890625,0.045625,4,4,3,1,128,128,0,16000
ps_full,strict,2000,xvd_b1_ps_full_strict_2000,8023,0.9378125,0.9353245545372704,0.91625,0.040625,3,3,3,0,96,96,0,12000
ps_full,strict,2000,xvd_b1_ps_full_strict_2000,8024,0.922109375,0.9167481447047264,0.8896875,0.04546875,4,4,1,3,128,128,0,16000
ps_full,strict,2000,xvd_b1_ps_full_strict_2000,8025,0.93625,0.9346781533087306,0.925,0.0525,2,2,2,0,64,64,0,8000
ps_full,strict,2000,xvd_b1_ps_full_strict_2000,8026,0.9325,0.9306061839539227,0.91671875,0.05171875,2,2,2,0,64,64,0,8000
ps_full,strict,2000,xvd_b1_ps_full_strict_2000,8027,0.9084375,0.9002289434831491,0.86015625,0.04328125,3,3,1,2,96,96,0,12000
ps_full,strict,2000,xvd_b1_ps_full_strict_2000,8028,0.92296875,0.917898581304944,0.8940625,0.048125,2,2,2,0,64,64,0,8000
ps_full,strict,2000,xvd_b1_ps_full_strict_2000,8029,0.93015625,0.9264205121843772,0.90765625,0.04734375,3,3,2,1,96,96,0,12000
ps_full,strict,2000,xvd_b1_ps_full_strict_2000,8030,0.93109375,0.9296523844500473,0.92390625,0.06171875,5,5,2,3,160,160,0,20000
ps_full,atc,2000,xvd_b1_ps_full_atc_2000,8001,0.9396875,0.9382228452216539,0.92640625,0.04703125,3,3,2,1,0,0,0,12000
ps_full,atc,2000,xvd_b1_ps_full_atc_2000,8002,0.914140625,0.9075951754872986,0.8678125,0.03953125,3,3,2,1,0,0,0,12000
ps_full,atc,2000,xvd_b1_ps_full_atc_2000,8003,0.92890625,0.9245883870189092,0.90453125,0.04671875,5,5,2,3,0,0,0,20000
ps_full,atc,2000,xvd_b1_ps_full_atc_2000,8004,0.928984375,0.9246827422298084,0.89015625,0.0321875,2,2,2,0,0,0,0,8000
ps_full,atc,2000,xvd_b1_ps_full_atc_2000,8005,0.93328125,0.9298553125864553,0.9109375,0.044375,3,3,2,1,0,0,0,12000
ps_full,atc,2000,xvd_b1_ps_full_atc_2000,8006,0.93234375,0.9303633690353295,0.92015625,0.05546875,4,4,2,2,0,0,0,16000
ps_full,atc,2000,xvd_b1_ps_full_atc_2000,8007,0.87515625,0.8561785699388758,0.79375,0.0434375,3,3,1,2,0,0,0,12000
ps_full,atc,2000,xvd_b1_ps_full_atc_2000,8008,0.8996875,0.888084618227012,0.83640625,0.03703125,4,4,2,2,0,0,0,16000
ps_full,atc,2000,xvd_b1_ps_full_atc_2000,8009,0.93296875,0.9289456911437632,0.90796875,0.04203125,4,4,2,2,0,0,0,16000
ps_full,atc,2000,xvd_b1_ps_full_atc_2000,8010,0.925390625,0.9211612038246695,0.8975,0.04671875,3,3,2,1,0,0,0,12000
ps_full,atc,2000,xvd_b1_ps_full_atc_2000,8011,0.864765625,0.8492416635732581,0.790625,0.06109375,6,6,1,5,0,0,0,24000
ps_full,atc,2000,xvd_b1_ps_full_atc_2000,8012,0.936328125,0.9346181191329298,0.92203125,0.049375,4,4,2,2,0,0,0,16000
ps_full,atc,2000,xvd_b1_ps_full_atc_2000,8013,0.92359375,0.9179526666226259,0.88875,0.0415625,2,2,2,0,0,0,0,8000
ps_full,atc,2000,xvd_b1_ps_full_atc_2000,8014,0.935625,0.9341094505490214,0.92390625,0.05265625,2,2,2,0,0,0,0,8000
ps_full,atc,2000,xvd_b1_ps_full_atc_2000,8015,0.935390625,0.9382631457225798,0.96640625,0.095625,5,5,1,4,0,0,0,20000
ps_full,atc,2000,xvd_b1_ps_full_atc_2000,8016,0.921328125,0.9173861917035808,0.89,0.04734375,2,2,2,0,0,0,0,8000
ps_full,atc,2000,xvd_b1_ps_full_atc_2000,8017,0.930390625,0.9274735257722846,0.914375,0.05359375,5,5,1,4,0,0,0,20000
ps_full,atc,2000,xvd_b1_ps_full_atc_2000,8018,0.937890625,0.9363264822012056,0.9259375,0.05015625,4,4,2,2,0,0,0,16000
ps_full,atc,2000,xvd_b1_ps_full_atc_2000,8019,0.858359375,0.8358210405537193,0.7703125,0.05359375,4,4,1,3,0,0,0,16000
ps_full,atc,2000,xvd_b1_ps_full_atc_2000,8020,0.916015625,0.9099385105522216,0.88140625,0.049375,3,3,1,2,0,0,0,12000
ps_full,atc,2000,xvd_b1_ps_full_atc_2000,8021,0.90140625,0.891116372327673,0.84609375,0.04328125,3,3,2,1,0,0,0,12000
ps_full,atc,2000,xvd_b1_ps_full_atc_2000,8022,0.922265625,0.9166938514379036,0.891875,0.04734375,4,4,2,2,0,0,0,16000
ps_full,atc,2000,xvd_b1_ps_full_atc_2000,8023,0.939375,0.9370376956115077,0.9209375,0.0421875,3,3,2,1,0,0,0,12000
ps_full,atc,2000,xvd_b1_ps_full_atc_2000,8024,0.87265625,0.8539143726658465,0.79296875,0.04765625,5,5,1,4,0,0,0,20000
ps_full,atc,2000,xvd_b1_ps_full_atc_2000,8025,0.935390625,0.9339131257406089,0.92609375,0.0553125,3,3,2,1,0,0,0,12000
ps_full,atc,2000,xvd_b1_ps_full_atc_2000,8026,0.933984375,0.9326159318249587,0.92609375,0.058125,4,4,2,2,0,0,0,16000
ps_full,atc,2000,xvd_b1_ps_full_atc_2000,8027,0.8565625,0.8330739291683547,0.76546875,0.05234375,4,4,1,3,0,0,0,16000
ps_full,atc,2000,xvd_b1_ps_full_atc_2000,8028,0.7809375,0.7348017435247078,0.63046875,0.06859375,6,6,0,6,0,0,0,24000
ps_full,atc,2000,xvd_b1_ps_full_atc_2000,8029,0.93046875,0.9267246812977064,0.90765625,0.04671875,3,3,3,0,0,0,0,12000
ps_full,atc,2000,xvd_b1_ps_full_atc_2000,8030,0.92734375,0.9260720228287657,0.92328125,0.06859375,6,6,2,4,0,0,0,24000
ps_full,doc,2000,xvd_b1_ps_full_doc_2000,8001,0.937578125,0.9363071765165283,0.9284375,0.05328125,5,5,2,3,0,0,0,20000
ps_full,doc,2000,xvd_b1_ps_full_doc_2000,8002,0.89796875,0.8889779582921896,0.8415625,0.045625,4,4,1,3,0,0,0,16000
ps_full,doc,2000,xvd_b1_ps_full_doc_2000,8003,0.9309375,0.929040084508963,0.9215625,0.0596875,4,4,2,2,0,0,0,16000
ps_full,doc,2000,xvd_b1_ps_full_doc_2000,8004,0.93296875,0.9293169891512524,0.898125,0.0321875,3,3,2,1,0,0,0,12000
ps_full,doc,2000,xvd_b1_ps_full_doc_2000,8005,0.93125,0.9279385615298686,0.91125,0.04875,4,4,2,2,0,0,0,16000
ps_full,doc,2000,xvd_b1_ps_full_doc_2000,8006,0.920390625,0.9164671248676032,0.89109375,0.0503125,5,5,2,3,0,0,0,20000
ps_full,doc,2000,xvd_b1_ps_full_doc_2000,8007,0.87515625,0.8561785699388758,0.79375,0.0434375,3,3,1,2,0,0,0,12000
ps_full,doc,2000,xvd_b1_ps_full_doc_2000,8008,0.8621875,0.8380196485947742,0.765,0.040625,5,5,1,4,0,0,0,20000
ps_full,doc,2000,xvd_b1_ps_full_doc_2000,8009,0.93296875,0.9289456911437632,0.90796875,0.04203125,4,4,2,2,0,0,0,16000
ps_full,doc,2000,xvd_b1_ps_full_doc_2000,8010,0.925390625,0.9211612038246695,0.8975,0.04671875,3,3,2,1,0,0,0,12000
ps_full,doc,2000,xvd_b1_ps_full_doc_2000,8011,0.864765625,0.8492416635732581,0.790625,0.06109375,6,6,1,5,0,0,0,24000
ps_full,doc,2000,xvd_b1_ps_full_doc_2000,8012,0.936328125,0.9346181191329298,0.92203125,0.049375,4,4,2,2,0,0,0,16000
ps_full,doc,2000,xvd_b1_ps_full_doc_2000,8013,0.84546875,0.8179027653761999,0.74390625,0.05296875,5,5,1,4,0,0,0,20000
ps_full,doc,2000,xvd_b1_ps_full_doc_2000,8014,0.935703125,0.9345544096598354,0.93,0.05859375,4,4,2,2,0,0,0,16000
ps_full,doc,2000,xvd_b1_ps_full_doc_2000,8015,0.935390625,0.9382631457225798,0.96640625,0.095625,5,5,1,4,0,0,0,20000
ps_full,doc,2000,xvd_b1_ps_full_doc_2000,8016,0.923984375,0.920908010936359,0.8978125,0.04984375,3,3,2,1,0,0,0,12000
ps_full,doc,2000,xvd_b1_ps_full_doc_2000,8017,0.930390625,0.9274735257722846,0.914375,0.05359375,5,5,1,4,0,0,0,20000
ps_full,doc,2000,xvd_b1_ps_full_doc_2000,8018,0.937890625,0.9363264822012056,0.9259375,0.05015625,4,4,2,2,0,0,0,16000
ps_full,doc,2000,xvd_b1_ps_full_doc_2000,8019,0.858359375,0.8358210405537193,0.7703125,0.05359375,4,4,1,3,0,0,0,16000
ps_full,doc,2000,xvd_b1_ps_full_doc_2000,8020,0.916015625,0.9099385105522216,0.88140625,0.049375,3,3,1,2,0,0,0,12000
ps_full,doc,2000,xvd_b1_ps_full_doc_2000,8021,0.867109375,0.8469293587873271,0.78765625,0.0534375,4,4,1,3,0,0,0,16000
ps_full,doc,2000,xvd_b1_ps_full_doc_2000,8022,0.924375,0.9188912463071943,0.8953125,0.0465625,5,5,2,3,0,0,0,20000
ps_full,doc,2000,xvd_b1_ps_full_doc_2000,8023,0.939375,0.9371003388950784,0.9221875,0.0434375,4,4,2,2,0,0,0,16000
ps_full,doc,2000,xvd_b1_ps_full_doc_2000,8024,0.873203125,0.8544546504246577,0.79328125,0.046875,5,5,2,3,0,0,0,20000
ps_full,doc,2000,xvd_b1_ps_full_doc_2000,8025,0.935390625,0.9339131257406089,0.92609375,0.0553125,3,3,2,1,0,0,0,12000
ps_full,doc,2000,xvd_b1_ps_full_doc_2000,8026,0.933984375,0.9326159318249587,0.92609375,0.058125,4,4,2,2,0,0,0,16000
ps_full,doc,2000,xvd_b1_ps_full_doc_2000,8027,0.826015625,0.7926110560831415,0.7084375,0.05640625,5,5,1,4,0,0,0,20000
ps_full,doc,2000,xvd_b1_ps_full_doc_2000,8028,0.7809375,0.7348017435247078,0.63046875,0.06859375,6,6,0,6,0,0,0,24000
ps_full,doc,2000,xvd_b1_ps_full_doc_2000,8029,0.861171875,0.8395697515596177,0.77265625,0.0503125,5,5,1,4,0,0,0,20000
ps_full,doc,2000,xvd_b1_ps_full_doc_2000,8030,0.9346875,0.9324910801698922,0.92046875,0.05109375,7,7,1,6,0,0,0,28000
ps_full,enscal,2000,xvd_b1_ps_full_enscal_2000,8001,0.94125,0.9394740581036247,0.9240625,0.0415625,3,3,3,0,0,0,0,12000
ps_full,enscal,2000,xvd_b1_ps_full_enscal_2000,8002,0.9228125,0.9177802814144147,0.88359375,0.03796875,3,3,3,0,0,0,0,12000
ps_full,enscal,2000,xvd_b1_ps_full_enscal_2000,8003,0.932109375,0.9288545534911202,0.9065625,0.04234375,3,3,3,0,0,0,0,12000
ps_full,enscal,2000,xvd_b1_ps_full_enscal_2000,8004,0.9353125,0.932086511304885,0.9046875,0.0340625,2,2,2,0,0,0,0,8000
ps_full,enscal,2000,xvd_b1_ps_full_enscal_2000,8005,0.86828125,0.8453813812349271,0.775,0.0384375,3,3,3,0,0,0,0,12000
ps_full,enscal,2000,xvd_b1_ps_full_enscal_2000,8006,0.9296875,0.9265477751829717,0.90515625,0.04578125,2,2,2,0,0,0,0,8000
ps_full,enscal,2000,xvd_b1_ps_full_enscal_2000,8007,0.904765625,0.8964806178921603,0.85359375,0.0440625,3,3,3,0,0,0,0,12000
ps_full,enscal,2000,xvd_b1_ps_full_enscal_2000,8008,0.92625,0.9207073370862611,0.88890625,0.03640625,3,3,3,0,0,0,0,12000
ps_full,enscal,2000,xvd_b1_ps_full_enscal_2000,8009,0.92984375,0.9252019882663082,0.898125,0.0384375,3,3,3,0,0,0,0,12000
ps_full,enscal,2000,xvd_b1_ps_full_enscal_2000,8010,0.927265625,0.9226563423018821,0.89640625,0.041875,3,3,3,0,0,0,0,12000
ps_full,enscal,2000,xvd_b1_ps_full_enscal_2000,8011,0.93203125,0.929934795821081,0.9159375,0.051875,2,2,2,0,0,0,0,8000
ps_full,enscal,2000,xvd_b1_ps_full_enscal_2000,8012,0.935703125,0.9336219170179993,0.9153125,0.04390625,3,3,3,0,0,0,0,12000
ps_full,enscal,2000,xvd_b1_ps_full_enscal_2000,8013,0.911328125,0.9043959905455119,0.86484375,0.0421875,2,2,2,0,0,0,0,8000
ps_full,enscal,2000,xvd_b1_ps_full_enscal_2000,8014,0.93671875,0.9345830120002877,0.9196875,0.04625,2,2,2,0,0,0,0,8000
ps_full,enscal,2000,xvd_b1_ps_full_enscal_2000,8015,0.931484375,0.933903415278243,0.9546875,0.09171875,2,2,2,0,0,0,0,8000
ps_full,enscal,2000,xvd_b1_ps_full_enscal_2000,8016,0.924296875,0.9216565707632998,0.90375,0.05515625,2,2,2,0,0,0,0,8000
ps_full,enscal,2000,xvd_b1_ps_full_enscal_2000,8017,0.92046875,0.9160426481233698,0.89140625,0.05046875,2,2,2,0,0,0,0,8000
ps_full,enscal,2000,xvd_b1_ps_full_enscal_2000,8018,0.932734375,0.9306619544140484,0.91359375,0.048125,2,2,2,0,0,0,0,8000
ps_full,enscal,2000,xvd_b1_ps_full_enscal_2000,8019,0.887578125,0.8729848207432501,0.81921875,0.0440625,2,2,2,0,0,0,0,8000
ps_full,enscal,2000,xvd_b1_ps_full_enscal_2000,8020,0.943984375,0.94227156190882,0.92984375,0.041875,2,2,2,0,0,0,0,8000
ps_full,enscal,2000,xvd_b1_ps_full_enscal_2000,8021,0.91890625,0.9131656994228051,0.8790625,0.04125,2,2,2,0,0,0,0,8000
ps_full,enscal,2000,xvd_b1_ps_full_enscal_2000,8022,0.904140625,0.8931595157091081,0.84890625,0.040625,3,3,3,0,0,0,0,12000
ps_full,enscal,2000,xvd_b1_ps_full_enscal_2000,8023,0.9353125,0.9325387314108129,0.9125,0.041875,3,3,3,0,0,0,0,12000
ps_full,enscal,2000,xvd_b1_ps_full_enscal_2000,8024,0.92296875,0.9173634789466066,0.8853125,0.039375,2,2,2,0,0,0,0,8000
ps_full,enscal,2000,xvd_b1_ps_full_enscal_2000,8025,0.935078125,0.9331575682003396,0.91921875,0.0490625,2,2,2,0,0,0,0,8000
ps_full,enscal,2000,xvd_b1_ps_full_enscal_2000,8026,0.93453125,0.9321770175722501,0.9153125,0.04625,2,2,2,0,0,0,0,8000
ps_full,enscal,2000,xvd_b1_ps_full_enscal_2000,8027,0.9071875,0.8995854246688911,0.86421875,0.04984375,2,2,2,0,0,0,0,8000
ps_full,enscal,2000,xvd_b1_ps_full_enscal_2000,8028,0.917421875,0.9114437926364193,0.8784375,0.04359375,2,2,2,0,0,0,0,8000
ps_full,enscal,2000,xvd_b1_ps_full_enscal_2000,8029,0.922890625,0.9181071847442417,0.89,0.04421875,3,3,3,0,0,0,0,12000
ps_full,enscal,2000,xvd_b1_ps_full_enscal_2000,8030,0.9325,0.9299043492171571,0.91328125,0.04828125,3,3,3,0,0,0,0,12000
ps_full,replay,2000,xvd_b1_ps_full_replay_2000,8001,0.936015625,0.9347879355524022,0.92765625,0.055625,3,3,3,0,0,0,0,12000
ps_full,replay,2000,xvd_b1_ps_full_replay_2000,8002,0.922734375,0.9188751425071559,0.8984375,0.05296875,3,3,3,0,0,0,0,12000
ps_full,replay,2000,xvd_b1_ps_full_replay_2000,8003,0.931015625,0.9289923249479421,0.92015625,0.058125,3,3,3,0,0,0,0,12000
ps_full,replay,2000,xvd_b1_ps_full_replay_2000,8004,0.93390625,0.9314103349631586,0.91578125,0.04796875,2,2,2,0,0,0,0,8000
ps_full,replay,2000,xvd_b1_ps_full_replay_2000,8005,0.924765625,0.9218059269393797,0.91078125,0.06125,3,3,3,0,0,0,0,12000
ps_full,replay,2000,xvd_b1_ps_full_replay_2000,8006,0.926171875,0.9245224238260706,0.92109375,0.06875,2,2,2,0,0,0,0,8000
ps_full,replay,2000,xvd_b1_ps_full_replay_2000,8007,0.90828125,0.9014410738191058,0.87734375,0.06078125,3,3,3,0,0,0,0,12000
ps_full,replay,2000,xvd_b1_ps_full_replay_2000,8008,0.9259375,0.921704016850757,0.90359375,0.05171875,3,3,3,0,0,0,0,12000
ps_full,replay,2000,xvd_b1_ps_full_replay_2000,8009,0.92453125,0.9208293612648394,0.9059375,0.056875,3,3,3,0,0,0,0,12000
ps_full,replay,2000,xvd_b1_ps_full_replay_2000,8010,0.92390625,0.9209893029121435,0.9184375,0.070625,3,3,3,0,0,0,0,12000
ps_full,replay,2000,xvd_b1_ps_full_replay_2000,8011,0.934296875,0.9331695865705512,0.92953125,0.0609375,2,2,2,0,0,0,0,8000
ps_full,replay,2000,xvd_b1_ps_full_replay_2000,8012,0.932109375,0.9309667272538396,0.92765625,0.0634375,3,3,3,0,0,0,0,12000
ps_full,replay,2000,xvd_b1_ps_full_replay_2000,8013,0.916796875,0.9120121724711356,0.895,0.06140625,2,2,2,0,0,0,0,8000
ps_full,replay,2000,xvd_b1_ps_full_replay_2000,8014,0.928046875,0.9272635540269449,0.9290625,0.07296875,2,2,2,0,0,0,0,8000
ps_full,replay,2000,xvd_b1_ps_full_replay_2000,8015,0.93390625,0.9370656712842029,0.9690625,0.10125,2,2,2,0,0,0,0,8000
ps_full,replay,2000,xvd_b1_ps_full_replay_2000,8016,0.925703125,0.9237231356462248,0.914375,0.06296875,2,2,2,0,0,0,0,8000
ps_full,replay,2000,xvd_b1_ps_full_replay_2000,8017,0.923046875,0.920570151598167,0.91375,0.06765625,2,2,2,0,0,0,0,8000
ps_full,replay,2000,xvd_b1_ps_full_replay_2000,8018,0.933828125,0.9325075487100954,0.9259375,0.05828125,2,2,2,0,0,0,0,8000
ps_full,replay,2000,xvd_b1_ps_full_replay_2000,8019,0.91234375,0.9064913548022403,0.88453125,0.05984375,2,2,2,0,0,0,0,8000
ps_full,replay,2000,xvd_b1_ps_full_replay_2000,8020,0.932578125,0.9316469696966587,0.93265625,0.0675,2,2,2,0,0,0,0,8000
ps_full,replay,2000,xvd_b1_ps_full_replay_2000,8021,0.92265625,0.9184523231355668,0.90234375,0.05703125,2,2,2,0,0,0,0,8000
ps_full,replay,2000,xvd_b1_ps_full_replay_2000,8022,0.925078125,0.9223471070062104,0.91140625,0.06125,3,3,3,0,0,0,0,12000
ps_full,replay,2000,xvd_b1_ps_full_replay_2000,8023,0.929453125,0.9276182574230873,0.9203125,0.06140625,3,3,3,0,0,0,0,12000
ps_full,replay,2000,xvd_b1_ps_full_replay_2000,8024,0.924375,0.9192989685865904,0.894375,0.045625,2,2,2,0,0,0,0,8000
ps_full,replay,2000,xvd_b1_ps_full_replay_2000,8025,0.929453125,0.9283293341503126,0.92546875,0.0665625,2,2,2,0,0,0,0,8000
ps_full,replay,2000,xvd_b1_ps_full_replay_2000,8026,0.93296875,0.9315871007481367,0.9265625,0.060625,2,2,2,0,0,0,0,8000
ps_full,replay,2000,xvd_b1_ps_full_replay_2000,8027,0.90875,0.9023037310233277,0.881875,0.064375,2,2,2,0,0,0,0,8000
ps_full,replay,2000,xvd_b1_ps_full_replay_2000,8028,0.914296875,0.9097294828271812,0.8940625,0.06546875,2,2,2,0,0,0,0,8000
ps_full,replay,2000,xvd_b1_ps_full_replay_2000,8029,0.9240625,0.9206777207084719,0.90875,0.060625,3,3,3,0,0,0,0,12000
ps_full,replay,2000,xvd_b1_ps_full_replay_2000,8030,0.930078125,0.928680071995459,0.92421875,0.0640625,3,3,3,0,0,0,0,12000
ps_full,ddm,2000,xvd_b1_ps_full_ddm_2000,8001,0.927421875,0.9267352929821469,0.925625,0.07078125,1,1,1,0,800,0,800,4000
ps_full,ddm,2000,xvd_b1_ps_full_ddm_2000,8002,0.92578125,0.9233142200909912,0.91109375,0.05953125,1,1,1,0,800,0,800,4000
ps_full,ddm,2000,xvd_b1_ps_full_ddm_2000,8003,0.93484375,0.9321673392506072,0.91828125,0.04859375,2,2,2,0,800,0,800,8000
ps_full,ddm,2000,xvd_b1_ps_full_ddm_2000,8004,0.9259375,0.9216522657441399,0.89078125,0.03890625,4,4,4,0,800,0,800,16000
ps_full,ddm,2000,xvd_b1_ps_full_ddm_2000,8005,0.933671875,0.9310136944251102,0.91765625,0.0503125,1,1,1,0,800,0,800,4000
ps_full,ddm,2000,xvd_b1_ps_full_ddm_2000,8006,0.925546875,0.9244056786263707,0.92203125,0.0709375,2,2,2,0,800,0,800,8000
ps_full,ddm,2000,xvd_b1_ps_full_ddm_2000,8007,0.922578125,0.9213627183229168,0.91859375,0.0734375,1,1,1,0,800,0,800,4000
ps_full,ddm,2000,xvd_b1_ps_full_ddm_2000,8008,0.933203125,0.9318648949893713,0.92453125,0.058125,1,1,1,0,800,0,800,4000
ps_full,ddm,2000,xvd_b1_ps_full_ddm_2000,8009,0.942265625,0.9409434775279686,0.93234375,0.0478125,3,3,3,0,800,0,800,12000
ps_full,ddm,2000,xvd_b1_ps_full_ddm_2000,8010,0.936875,0.9347156771012848,0.915625,0.041875,3,3,3,0,800,0,800,12000
ps_full,ddm,2000,xvd_b1_ps_full_ddm_2000,8011,0.927578125,0.9261546331484591,0.92484375,0.0696875,1,1,1,0,800,0,800,4000
ps_full,ddm,2000,xvd_b1_ps_full_ddm_2000,8012,0.9303125,0.929610516817692,0.9303125,0.0696875,1,1,1,0,800,0,800,4000
ps_full,ddm,2000,xvd_b1_ps_full_ddm_2000,8013,0.936171875,0.9343170459319384,0.9234375,0.05109375,2,2,2,0,800,0,800,8000
ps_full,ddm,2000,xvd_b1_ps_full_ddm_2000,8014,0.938515625,0.9368583675131432,0.92703125,0.05,1,1,1,0,800,0,800,4000
ps_full,ddm,2000,xvd_b1_ps_full_ddm_2000,8015,0.93078125,0.9302316886591939,0.92796875,0.06640625,1,1,1,0,800,0,800,4000
ps_full,ddm,2000,xvd_b1_ps_full_ddm_2000,8016,0.9203125,0.9170421949316632,0.89734375,0.05671875,3,3,3,0,800,0,800,12000
ps_full,ddm,2000,xvd_b1_ps_full_ddm_2000,8017,0.933671875,0.9326023963275185,0.92953125,0.0621875,2,2,2,0,800,0,800,8000
ps_full,ddm,2000,xvd_b1_ps_full_ddm_2000,8018,0.933046875,0.9321545259900519,0.92984375,0.06375,2,2,2,0,800,0,800,8000
ps_full,ddm,2000,xvd_b1_ps_full_ddm_2000,8019,0.9265625,0.9256662737817983,0.924375,0.07125,1,1,1,0,800,0,800,4000
ps_full,ddm,2000,xvd_b1_ps_full_ddm_2000,8020,0.932265625,0.9314818638695056,0.92984375,0.0653125,1,1,1,0,800,0,800,4000
ps_full,ddm,2000,xvd_b1_ps_full_ddm_2000,8021,0.894609375,0.8824471842579965,0.8340625,0.04484375,3,3,3,0,800,0,800,12000
ps_full,ddm,2000,xvd_b1_ps_full_ddm_2000,8022,0.9253125,0.9243630496307864,0.9228125,0.0721875,1,1,1,0,800,0,800,4000
ps_full,ddm,2000,xvd_b1_ps_full_ddm_2000,8023,0.926796875,0.9251557129425252,0.92125,0.06765625,1,1,1,0,800,0,800,4000
ps_full,ddm,2000,xvd_b1_ps_full_ddm_2000,8024,0.935703125,0.9352888408658253,0.9384375,0.06703125,2,2,2,0,800,0,800,8000
ps_full,ddm,2000,xvd_b1_ps_full_ddm_2000,8025,0.931015625,0.9289513021041478,0.91375,0.05171875,2,2,2,0,800,0,800,8000
ps_full,ddm,2000,xvd_b1_ps_full_ddm_2000,8026,0.926328125,0.9231007242036178,0.8984375,0.04578125,1,1,1,0,800,0,800,4000
ps_full,ddm,2000,xvd_b1_ps_full_ddm_2000,8027,0.94078125,0.9398109847909666,0.934375,0.0528125,4,4,4,0,800,0,800,16000
ps_full,ddm,2000,xvd_b1_ps_full_ddm_2000,8028,0.927890625,0.9256247207268241,0.9128125,0.05703125,2,2,2,0,800,0,800,8000
ps_full,ddm,2000,xvd_b1_ps_full_ddm_2000,8029,0.92734375,0.9264401756770375,0.92234375,0.06765625,1,1,1,0,800,0,800,4000
ps_full,ddm,2000,xvd_b1_ps_full_ddm_2000,8030,0.924453125,0.9234934461792824,0.92234375,0.0734375,1,1,1,0,800,0,800,4000
ps_full,adwin,2000,xvd_b1_ps_full_adwin_2000,8001,0.920390625,0.9188971889505837,0.9084375,0.06765625,0,0,0,0,800,0,800,0
ps_full,adwin,2000,xvd_b1_ps_full_adwin_2000,8002,0.855078125,0.8399252853383057,0.76671875,0.0565625,0,0,0,0,800,0,800,0
ps_full,adwin,2000,xvd_b1_ps_full_adwin_2000,8003,0.8103125,0.7781351446980829,0.67953125,0.05890625,0,0,0,0,800,0,800,0
ps_full,adwin,2000,xvd_b1_ps_full_adwin_2000,8004,0.9071875,0.902419728465301,0.86109375,0.04671875,0,0,0,0,800,0,800,0
ps_full,adwin,2000,xvd_b1_ps_full_adwin_2000,8005,0.834609375,0.804404959828352,0.725,0.05578125,1,1,1,0,800,0,800,4000
ps_full,adwin,2000,xvd_b1_ps_full_adwin_2000,8006,0.897578125,0.893098853223824,0.86109375,0.0659375,0,0,0,0,800,0,800,0
ps_full,adwin,2000,xvd_b1_ps_full_adwin_2000,8007,0.79390625,0.7489134313027961,0.64046875,0.05265625,1,1,1,0,800,0,800,4000
ps_full,adwin,2000,xvd_b1_ps_full_adwin_2000,8008,0.82546875,0.7890041813523578,0.6925,0.0415625,1,1,1,0,800,0,800,4000
ps_full,adwin,2000,xvd_b1_ps_full_adwin_2000,8009,0.793046875,0.7526771485221221,0.64921875,0.063125,0,0,0,0,800,0,800,0
ps_full,adwin,2000,xvd_b1_ps_full_adwin_2000,8010,0.836953125,0.8086787165623696,0.72671875,0.0528125,1,1,1,0,800,0,800,4000
ps_full,adwin,2000,xvd_b1_ps_full_adwin_2000,8011,0.8346875,0.8133572763817021,0.7384375,0.0690625,0,0,0,0,800,0,800,0
ps_full,adwin,2000,xvd_b1_ps_full_adwin_2000,8012,0.91359375,0.9118595956171948,0.89859375,0.07140625,0,0,0,0,800,0,800,0
ps_full,adwin,2000,xvd_b1_ps_full_adwin_2000,8013,0.8734375,0.8553074120197465,0.79828125,0.05140625,1,1,1,0,800,0,800,4000
ps_full,adwin,2000,xvd_b1_ps_full_adwin_2000,8014,0.9078125,0.9054030319608841,0.886875,0.07125,0,0,0,0,800,0,800,0
ps_full,adwin,2000,xvd_b1_ps_full_adwin_2000,8015,0.8775,0.8836187034308775,0.93078125,0.17578125,0,0,0,0,800,0,800,0
ps_full,adwin,2000,xvd_b1_ps_full_adwin_2000,8016,0.898359375,0.8951689265997351,0.87171875,0.075,0,0,0,0,800,0,800,0
ps_full,adwin,2000,xvd_b1_ps_full_adwin_2000,8017,0.78484375,0.7406489472382151,0.636875,0.0671875,1,1,1,0,800,0,800,4000
ps_full,adwin,2000,xvd_b1_ps_full_adwin_2000,8018,0.910859375,0.9083333339195729,0.88609375,0.064375,0,0,0,0,800,0,800,0
ps_full,adwin,2000,xvd_b1_ps_full_adwin_2000,8019,0.844140625,0.8173432926171428,0.74453125,0.05625,1,1,1,0,800,0,800,4000
ps_full,adwin,2000,xvd_b1_ps_full_adwin_2000,8020,0.84140625,0.8161317238898576,0.73734375,0.05453125,0,0,0,0,800,0,800,0
ps_full,adwin,2000,xvd_b1_ps_full_adwin_2000,8021,0.818203125,0.7823912157980302,0.693125,0.05671875,1,1,1,0,800,0,800,4000
ps_full,adwin,2000,xvd_b1_ps_full_adwin_2000,8022,0.795546875,0.755588916604927,0.65125,0.06015625,0,0,0,0,800,0,800,0
ps_full,adwin,2000,xvd_b1_ps_full_adwin_2000,8023,0.903828125,0.8999830442312726,0.86921875,0.0615625,0,0,0,0,800,0,800,0
ps_full,adwin,2000,xvd_b1_ps_full_adwin_2000,8024,0.785625,0.7403551894873656,0.63265625,0.06140625,0,0,0,0,800,0,800,0
ps_full,adwin,2000,xvd_b1_ps_full_adwin_2000,8025,0.91828125,0.9162019142920869,0.89953125,0.06296875,0,0,0,0,800,0,800,0
ps_full,adwin,2000,xvd_b1_ps_full_adwin_2000,8026,0.904921875,0.9009740721397627,0.86875,0.05890625,0,0,0,0,800,0,800,0
ps_full,adwin,2000,xvd_b1_ps_full_adwin_2000,8027,0.84625,0.8194919218391519,0.745625,0.053125,1,1,1,0,800,0,800,4000
ps_full,adwin,2000,xvd_b1_ps_full_adwin_2000,8028,0.7809375,0.7348017435247078,0.63046875,0.06859375,0,0,0,0,800,0,800,0
ps_full,adwin,2000,xvd_b1_ps_full_adwin_2000,8029,0.82578125,0.7942468374910503,0.7053125,0.05375,1,1,1,0,800,0,800,4000
ps_full,adwin,2000,xvd_b1_ps_full_adwin_2000,8030,0.894765625,0.8900796223990725,0.85625,0.06671875,0,0,0,0,800,0,800,0
ps_full,naive,512,xvd_b1_ps_full_naive_512,8001,0.93390625,0.9322360205814622,0.9190625,0.05125,3,3,3,0,0,0,0,3072
ps_full,naive,512,xvd_b1_ps_full_naive_512,8002,0.915078125,0.9091223892278845,0.87203125,0.041875,3,3,3,0,0,0,0,3072
ps_full,naive,512,xvd_b1_ps_full_naive_512,8003,0.913046875,0.9114460647430456,0.903125,0.07703125,3,3,3,0,0,0,0,3072
ps_full,naive,512,xvd_b1_ps_full_naive_512,8004,0.937265625,0.9343771180565552,0.91140625,0.036875,2,2,2,0,0,0,0,2048
ps_full,naive,512,xvd_b1_ps_full_naive_512,8005,0.9090625,0.9021467000764826,0.863125,0.045,3,3,3,0,0,0,0,3072
ps_full,naive,512,xvd_b1_ps_full_naive_512,8006,0.927734375,0.9252568518999609,0.90984375,0.054375,2,2,2,0,0,0,0,2048
ps_full,naive,512,xvd_b1_ps_full_naive_512,8007,0.899375,0.8895723376918064,0.84203125,0.04328125,3,3,3,0,0,0,0,3072
ps_full,naive,512,xvd_b1_ps_full_naive_512,8008,0.923515625,0.9185947682711451,0.89109375,0.0440625,3,3,3,0,0,0,0,3072
ps_full,naive,512,xvd_b1_ps_full_naive_512,8009,0.920546875,0.9166693968469368,0.8975,0.05640625,3,3,3,0,0,0,0,3072
ps_full,naive,512,xvd_b1_ps_full_naive_512,8010,0.921015625,0.9163855285408853,0.88984375,0.0478125,3,3,3,0,0,0,0,3072
ps_full,naive,512,xvd_b1_ps_full_naive_512,8011,0.91296875,0.9078507184864614,0.8803125,0.054375,2,2,2,0,0,0,0,2048
ps_full,naive,512,xvd_b1_ps_full_naive_512,8012,0.923984375,0.92408016771772,0.926875,0.07890625,3,3,3,0,0,0,0,3072
ps_full,naive,512,xvd_b1_ps_full_naive_512,8013,0.91953125,0.9146439259614297,0.89421875,0.05515625,2,2,2,0,0,0,0,2048
ps_full,naive,512,xvd_b1_ps_full_naive_512,8014,0.925859375,0.9250409408732325,0.925,0.07328125,2,2,2,0,0,0,0,2048
ps_full,naive,512,xvd_b1_ps_full_naive_512,8015,0.9303125,0.9331249862763703,0.96046875,0.09984375,2,2,2,0,0,0,0,2048
ps_full,naive,512,xvd_b1_ps_full_naive_512,8016,0.91921875,0.9154456520147491,0.8903125,0.051875,2,2,2,0,0,0,0,2048
ps_full,naive,512,xvd_b1_ps_full_naive_512,8017,0.9221875,0.9194513557355234,0.908125,0.06375,2,2,2,0,0,0,0,2048
ps_full,naive,512,xvd_b1_ps_full_naive_512,8018,0.934296875,0.9326558023172646,0.92109375,0.0525,2,2,2,0,0,0,0,2048
ps_full,naive,512,xvd_b1_ps_full_naive_512,8019,0.90015625,0.8924322267902853,0.856875,0.0565625,2,2,2,0,0,0,0,2048
ps_full,naive,512,xvd_b1_ps_full_naive_512,8020,0.927578125,0.923924861168758,0.9009375,0.04578125,2,2,2,0,0,0,0,2048
ps_full,naive,512,xvd_b1_ps_full_naive_512,8021,0.902109375,0.8941806315628474,0.855,0.05078125,2,2,2,0,0,0,0,2048
ps_full,naive,512,xvd_b1_ps_full_naive_512,8022,0.924375,0.9207042677060308,0.89859375,0.04984375,3,3,3,0,0,0,0,3072
ps_full,naive,512,xvd_b1_ps_full_naive_512,8023,0.932890625,0.9306072608498375,0.915,0.04921875,3,3,3,0,0,0,0,3072
ps_full,naive,512,xvd_b1_ps_full_naive_512,8024,0.923125,0.9179331662316593,0.89125,0.045,2,2,2,0,0,0,0,2048
ps_full,naive,512,xvd_b1_ps_full_naive_512,8025,0.936640625,0.9350933193505478,0.9253125,0.05203125,2,2,2,0,0,0,0,2048
ps_full,naive,512,xvd_b1_ps_full_naive_512,8026,0.920390625,0.9195747681839361,0.91734375,0.0765625,2,2,2,0,0,0,0,2048
ps_full,naive,512,xvd_b1_ps_full_naive_512,8027,0.905703125,0.8975924122234703,0.859375,0.04796875,2,2,2,0,0,0,0,2048
ps_full,naive,512,xvd_b1_ps_full_naive_512,8028,0.900546875,0.8927908003630131,0.8546875,0.05359375,2,2,2,0,0,0,0,2048
ps_full,naive,512,xvd_b1_ps_full_naive_512,8029,0.922578125,0.9191053321446035,0.903125,0.05796875,3,3,3,0,0,0,0,3072
ps_full,naive,512,xvd_b1_ps_full_naive_512,8030,0.92046875,0.917857614915958,0.90078125,0.05984375,3,3,3,0,0,0,0,3072
ps_full,point,512,xvd_b1_ps_full_point_512,8001,0.93390625,0.9322360205814622,0.9190625,0.05125,3,3,3,0,96,96,0,3072
ps_full,point,512,xvd_b1_ps_full_point_512,8002,0.915078125,0.9091223892278845,0.87203125,0.041875,3,3,3,0,96,96,0,3072
ps_full,point,512,xvd_b1_ps_full_point_512,8003,0.913046875,0.9114460647430456,0.903125,0.07703125,3,3,3,0,96,96,0,3072
ps_full,point,512,xvd_b1_ps_full_point_512,8004,0.937265625,0.9343771180565552,0.91140625,0.036875,2,2,2,0,64,64,0,2048
ps_full,point,512,xvd_b1_ps_full_point_512,8005,0.9090625,0.9021467000764826,0.863125,0.045,3,3,3,0,96,96,0,3072
ps_full,point,512,xvd_b1_ps_full_point_512,8006,0.930859375,0.9289980092022756,0.92125,0.05953125,3,3,2,1,96,96,0,3072
ps_full,point,512,xvd_b1_ps_full_point_512,8007,0.899375,0.8895723376918064,0.84203125,0.04328125,3,3,3,0,96,96,0,3072
ps_full,point,512,xvd_b1_ps_full_point_512,8008,0.92203125,0.9171791870497575,0.89125,0.0471875,4,4,3,1,128,128,0,4096
ps_full,point,512,xvd_b1_ps_full_point_512,8009,0.920546875,0.9166693968469368,0.8975,0.05640625,3,3,3,0,96,96,0,3072
ps_full,point,512,xvd_b1_ps_full_point_512,8010,0.921015625,0.9163855285408853,0.88984375,0.0478125,3,3,3,0,96,96,0,3072
ps_full,point,512,xvd_b1_ps_full_point_512,8011,0.91296875,0.9078507184864614,0.8803125,0.054375,2,2,2,0,64,64,0,2048
ps_full,point,512,xvd_b1_ps_full_point_512,8012,0.926875,0.9245743080570676,0.90734375,0.05359375,3,3,2,1,96,96,0,3072
ps_full,point,512,xvd_b1_ps_full_point_512,8013,0.91734375,0.9126353180416532,0.8953125,0.060625,3,3,2,1,96,96,0,3072
ps_full,point,512,xvd_b1_ps_full_point_512,8014,0.925859375,0.9250409408732325,0.925,0.07328125,2,2,2,0,64,64,0,2048
ps_full,point,512,xvd_b1_ps_full_point_512,8015,0.9303125,0.9331249862763703,0.96046875,0.09984375,2,2,2,0,64,64,0,2048
ps_full,point,512,xvd_b1_ps_full_point_512,8016,0.91921875,0.9154456520147491,0.8903125,0.051875,2,2,2,0,64,64,0,2048
ps_full,point,512,xvd_b1_ps_full_point_512,8017,0.9221875,0.9194513557355234,0.908125,0.06375,2,2,2,0,64,64,0,2048
ps_full,point,512,xvd_b1_ps_full_point_512,8018,0.934296875,0.9326558023172646,0.92109375,0.0525,2,2,2,0,64,64,0,2048
ps_full,point,512,xvd_b1_ps_full_point_512,8019,0.90015625,0.8924322267902853,0.856875,0.0565625,2,2,2,0,64,64,0,2048
ps_full,point,512,xvd_b1_ps_full_point_512,8020,0.927578125,0.923924861168758,0.9009375,0.04578125,2,2,2,0,64,64,0,2048
ps_full,point,512,xvd_b1_ps_full_point_512,8021,0.9015625,0.8937074590461527,0.85625,0.053125,3,3,2,1,96,96,0,3072
ps_full,point,512,xvd_b1_ps_full_point_512,8022,0.9228125,0.919212674939298,0.89921875,0.05359375,4,4,3,1,128,128,0,4096
ps_full,point,512,xvd_b1_ps_full_point_512,8023,0.932890625,0.9306072608498375,0.915,0.04921875,3,3,3,0,96,96,0,3072
ps_full,point,512,xvd_b1_ps_full_point_512,8024,0.923203125,0.9181553550182707,0.89390625,0.0475,3,3,2,1,96,96,0,3072
ps_full,point,512,xvd_b1_ps_full_point_512,8025,0.936640625,0.9350933193505478,0.9253125,0.05203125,2,2,2,0,64,64,0,2048
ps_full,point,512,xvd_b1_ps_full_point_512,8026,0.917265625,0.9131130935096469,0.8875,0.05296875,3,3,2,1,96,96,0,3072
ps_full,point,512,xvd_b1_ps_full_point_512,8027,0.905703125,0.8975924122234703,0.859375,0.04796875,2,2,2,0,64,64,0,2048
ps_full,point,512,xvd_b1_ps_full_point_512,8028,0.900546875,0.8927908003630131,0.8546875,0.05359375,2,2,2,0,64,64,0,2048
ps_full,point,512,xvd_b1_ps_full_point_512,8029,0.922578125,0.9191053321446035,0.903125,0.05796875,3,3,3,0,96,96,0,3072
ps_full,point,512,xvd_b1_ps_full_point_512,8030,0.92046875,0.917857614915958,0.90078125,0.05984375,3,3,3,0,96,96,0,3072
ps_full,strict,512,xvd_b1_ps_full_strict_512,8001,0.930390625,0.9293489379682061,0.92640625,0.065625,5,5,1,4,160,160,0,5120
ps_full,strict,512,xvd_b1_ps_full_strict_512,8002,0.9121875,0.905633355383809,0.866875,0.0425,3,3,2,1,96,96,0,3072
ps_full,strict,512,xvd_b1_ps_full_strict_512,8003,0.9128125,0.9112182778870932,0.903125,0.0775,3,3,2,1,96,96,0,3072
ps_full,strict,512,xvd_b1_ps_full_strict_512,8004,0.937265625,0.9343771180565552,0.91140625,0.036875,2,2,2,0,64,64,0,2048
ps_full,strict,512,xvd_b1_ps_full_strict_512,8005,0.909140625,0.9022254306966375,0.86328125,0.045,3,3,2,1,96,96,0,3072
ps_full,strict,512,xvd_b1_ps_full_strict_512,8006,0.924921875,0.9228503007758677,0.91421875,0.064375,5,5,2,3,160,160,0,5120
ps_full,strict,512,xvd_b1_ps_full_strict_512,8007,0.89703125,0.887302086695244,0.84171875,0.04765625,2,2,1,1,64,64,0,2048
ps_full,strict,512,xvd_b1_ps_full_strict_512,8008,0.925625,0.9211269269975095,0.898125,0.046875,3,3,2,1,96,96,0,3072
ps_full,strict,512,xvd_b1_ps_full_strict_512,8009,0.91671875,0.9138586654988337,0.9071875,0.07375,4,4,2,2,128,128,0,4096
ps_full,strict,512,xvd_b1_ps_full_strict_512,8010,0.92,0.9154034824628923,0.88984375,0.04984375,3,3,2,1,96,96,0,3072
ps_full,strict,512,xvd_b1_ps_full_strict_512,8011,0.912734375,0.9076434388243575,0.88046875,0.055,5,5,1,4,160,160,0,5120
ps_full,strict,512,xvd_b1_ps_full_strict_512,8012,0.92515625,0.9234252254753689,0.913125,0.0628125,5,5,1,4,160,160,0,5120
ps_full,strict,512,xvd_b1_ps_full_strict_512,8013,0.91734375,0.9126353180416532,0.8953125,0.060625,3,3,2,1,96,96,0,3072
ps_full,strict,512,xvd_b1_ps_full_strict_512,8014,0.934921875,0.9338035026395352,0.9284375,0.05859375,3,3,2,1,96,96,0,3072
ps_full,strict,512,xvd_b1_ps_full_strict_512,8015,0.9303125,0.9331249862763703,0.96046875,0.09984375,2,2,2,0,64,64,0,2048
ps_full,strict,512,xvd_b1_ps_full_strict_512,8016,0.91671875,0.9130325897864072,0.89046875,0.05703125,4,4,1,3,128,128,0,4096
ps_full,strict,512,xvd_b1_ps_full_strict_512,8017,0.9221875,0.9194513557355234,0.908125,0.06375,2,2,2,0,64,64,0,2048
ps_full,strict,512,xvd_b1_ps_full_strict_512,8018,0.9371875,0.9356716296520533,0.92609375,0.05171875,3,3,2,1,96,96,0,3072
ps_full,strict,512,xvd_b1_ps_full_strict_512,8019,0.902421875,0.8945528713109074,0.856875,0.05203125,5,5,2,3,160,160,0,5120
ps_full,strict,512,xvd_b1_ps_full_strict_512,8020,0.927578125,0.923924861168758,0.9009375,0.04578125,2,2,2,0,64,64,0,2048
ps_full,strict,512,xvd_b1_ps_full_strict_512,8021,0.898125,0.8904256004969793,0.85515625,0.05890625,4,4,2,2,128,128,0,4096
ps_full,strict,512,xvd_b1_ps_full_strict_512,8022,0.9228125,0.919212674939298,0.89921875,0.05359375,4,4,3,1,128,128,0,4096
ps_full,strict,512,xvd_b1_ps_full_strict_512,8023,0.924609375,0.921492763184895,0.899375,0.05015625,5,5,1,4,160,160,0,5120
ps_full,strict,512,xvd_b1_ps_full_strict_512,8024,0.921328125,0.9163344902723032,0.893125,0.05046875,4,4,2,2,128,128,0,4096
ps_full,strict,512,xvd_b1_ps_full_strict_512,8025,0.936640625,0.9350933193505478,0.9253125,0.05203125,2,2,2,0,64,64,0,2048
ps_full,strict,512,xvd_b1_ps_full_strict_512,8026,0.918671875,0.9143921146168188,0.8865625,0.04921875,4,4,2,2,128,128,0,4096
ps_full,strict,512,xvd_b1_ps_full_strict_512,8027,0.90265625,0.8946561923010823,0.8596875,0.054375,3,3,1,2,96,96,0,3072
ps_full,strict,512,xvd_b1_ps_full_strict_512,8028,0.900546875,0.8927908003630131,0.8546875,0.05359375,2,2,2,0,64,64,0,2048
ps_full,strict,512,xvd_b1_ps_full_strict_512,8029,0.921640625,0.9181832466563491,0.9025,0.05921875,3,3,2,1,96,96,0,3072
ps_full,strict,512,xvd_b1_ps_full_strict_512,8030,0.928359375,0.9269562827472493,0.92078125,0.0640625,4,4,2,2,128,128,0,4096
ps_full,atc,512,xvd_b1_ps_full_atc_512,8001,0.933671875,0.9326462794180221,0.92796875,0.060625,5,5,2,3,0,0,0,5120
ps_full,atc,512,xvd_b1_ps_full_atc_512,8002,0.9121875,0.905633355383809,0.866875,0.0425,3,3,2,1,0,0,0,3072
ps_full,atc,512,xvd_b1_ps_full_atc_512,8003,0.9059375,0.8983460718853711,0.8571875,0.0453125,4,4,3,1,0,0,0,4096
ps_full,atc,512,xvd_b1_ps_full_atc_512,8004,0.937265625,0.9343771180565552,0.91140625,0.036875,2,2,2,0,0,0,0,2048
ps_full,atc,512,xvd_b1_ps_full_atc_512,8005,0.909140625,0.9022254306966375,0.86328125,0.045,3,3,2,1,0,0,0,3072
ps_full,atc,512,xvd_b1_ps_full_atc_512,8006,0.930859375,0.9289980092022756,0.92125,0.05953125,3,3,2,1,0,0,0,3072
ps_full,atc,512,xvd_b1_ps_full_atc_512,8007,0.8234375,0.7878263326389575,0.695625,0.04875,5,5,1,4,0,0,0,5120
ps_full,atc,512,xvd_b1_ps_full_atc_512,8008,0.923671875,0.919607000377413,0.903125,0.05578125,5,5,2,3,0,0,0,5120
ps_full,atc,512,xvd_b1_ps_full_atc_512,8009,0.83234375,0.8022324378829014,0.71953125,0.05484375,6,6,1,5,0,0,0,6144
ps_full,atc,512,xvd_b1_ps_full_atc_512,8010,0.915390625,0.9119922402046009,0.90203125,0.07125,6,6,1,5,0,0,0,6144
ps_full,atc,512,xvd_b1_ps_full_atc_512,8011,0.864765625,0.8492392501897791,0.79046875,0.0609375,6,6,1,5,0,0,0,6144
ps_full,atc,512,xvd_b1_ps_full_atc_512,8012,0.919140625,0.920079084514566,0.93359375,0.0953125,3,3,2,1,0,0,0,3072
ps_full,atc,512,xvd_b1_ps_full_atc_512,8013,0.91953125,0.9146439259614297,0.89421875,0.05515625,2,2,2,0,0,0,0,2048
ps_full,atc,512,xvd_b1_ps_full_atc_512,8014,0.9284375,0.9278742930899342,0.93109375,0.07421875,5,5,2,3,0,0,0,5120
ps_full,atc,512,xvd_b1_ps_full_atc_512,8015,0.934453125,0.9374731284353821,0.966875,0.09796875,3,3,2,1,0,0,0,3072
ps_full,atc,512,xvd_b1_ps_full_atc_512,8016,0.91921875,0.9154456520147491,0.8903125,0.051875,2,2,2,0,0,0,0,2048
ps_full,atc,512,xvd_b1_ps_full_atc_512,8017,0.92171875,0.9194840666804638,0.914375,0.0709375,4,4,2,2,0,0,0,4096
ps_full,atc,512,xvd_b1_ps_full_atc_512,8018,0.93703125,0.9355337195063709,0.92609375,0.05203125,4,4,2,2,0,0,0,4096
ps_full,atc,512,xvd_b1_ps_full_atc_512,8019,0.856640625,0.8341275437372527,0.7690625,0.05578125,4,4,1,3,0,0,0,4096
ps_full,atc,512,xvd_b1_ps_full_atc_512,8020,0.92296875,0.9187797876710883,0.8953125,0.049375,2,2,1,1,0,0,0,2048
ps_full,atc,512,xvd_b1_ps_full_atc_512,8021,0.845,0.8174985391996159,0.74328125,0.05328125,5,5,1,4,0,0,0,5120
ps_full,atc,512,xvd_b1_ps_full_atc_512,8022,0.89,0.8770530060428376,0.8234375,0.0434375,4,4,1,3,0,0,0,4096
ps_full,atc,512,xvd_b1_ps_full_atc_512,8023,0.928828125,0.9270213871582935,0.92140625,0.06375,5,5,1,4,0,0,0,5120
ps_full,atc,512,xvd_b1_ps_full_atc_512,8024,0.87171875,0.8530107015696268,0.79265625,0.04921875,5,5,2,3,0,0,0,5120
ps_full,atc,512,xvd_b1_ps_full_atc_512,8025,0.9296875,0.9273087475025893,0.90921875,0.04984375,4,4,2,2,0,0,0,4096
ps_full,atc,512,xvd_b1_ps_full_atc_512,8026,0.920390625,0.9195747681839361,0.91734375,0.0765625,2,2,2,0,0,0,0,2048
ps_full,atc,512,xvd_b1_ps_full_atc_512,8027,0.85625,0.8327723062835801,0.76578125,0.05328125,4,4,1,3,0,0,0,4096
ps_full,atc,512,xvd_b1_ps_full_atc_512,8028,0.7809375,0.7348017435247078,0.63046875,0.06859375,6,6,0,6,0,0,0,6144
ps_full,atc,512,xvd_b1_ps_full_atc_512,8029,0.89375,0.8828390875302294,0.838125,0.050625,4,4,2,2,0,0,0,4096
ps_full,atc,512,xvd_b1_ps_full_atc_512,8030,0.924609375,0.9235074369105638,0.921875,0.07265625,6,6,2,4,0,0,0,6144
ps_full,doc,512,xvd_b1_ps_full_doc_512,8001,0.930546875,0.9296687851063019,0.9278125,0.06671875,5,5,1,4,0,0,0,5120
ps_full,doc,512,xvd_b1_ps_full_doc_512,8002,0.907578125,0.9001806207515086,0.8584375,0.04328125,4,4,2,2,0,0,0,4096
ps_full,doc,512,xvd_b1_ps_full_doc_512,8003,0.868046875,0.8498791478833619,0.7853125,0.04921875,6,6,1,5,0,0,0,6144
ps_full,doc,512,xvd_b1_ps_full_doc_512,8004,0.929921875,0.9262722872747503,0.8965625,0.03671875,3,3,2,1,0,0,0,3072
ps_full,doc,512,xvd_b1_ps_full_doc_512,8005,0.879921875,0.8648186717816903,0.815625,0.05578125,4,4,1,3,0,0,0,4096
ps_full,doc,512,xvd_b1_ps_full_doc_512,8006,0.909296875,0.9051031968623076,0.876875,0.05828125,6,6,1,5,0,0,0,6144
ps_full,doc,512,xvd_b1_ps_full_doc_512,8007,0.8234375,0.7878263326389575,0.695625,0.04875,5,5,1,4,0,0,0,5120
ps_full,doc,512,xvd_b1_ps_full_doc_512,8008,0.86078125,0.8366395159484958,0.7646875,0.043125,5,5,1,4,0,0,0,5120
ps_full,doc,512,xvd_b1_ps_full_doc_512,8009,0.8828125,0.8666070100986364,0.81,0.044375,5,5,2,3,0,0,0,5120
ps_full,doc,512,xvd_b1_ps_full_doc_512,8010,0.921015625,0.9172621698976131,0.90171875,0.0596875,4,4,2,2,0,0,0,4096
ps_full,doc,512,xvd_b1_ps_full_doc_512,8011,0.864765625,0.8492392501897791,0.79046875,0.0609375,6,6,1,5,0,0,0,6144
ps_full,doc,512,xvd_b1_ps_full_doc_512,8012,0.926875,0.9245743080570676,0.90734375,0.05359375,3,3,2,1,0,0,0,3072
ps_full,doc,512,xvd_b1_ps_full_doc_512,8013,0.84515625,0.817581728135551,0.743125,0.0528125,5,5,1,4,0,0,0,5120
ps_full,doc,512,xvd_b1_ps_full_doc_512,8014,0.92359375,0.9215735479124928,0.90984375,0.06265625,5,5,1,4,0,0,0,5120
ps_full,doc,512,xvd_b1_ps_full_doc_512,8015,0.934453125,0.9374731284353821,0.966875,0.09796875,3,3,2,1,0,0,0,3072
ps_full,doc,512,xvd_b1_ps_full_doc_512,8016,0.91921875,0.9154456520147491,0.8903125,0.051875,2,2,2,0,0,0,0,2048
ps_full,doc,512,xvd_b1_ps_full_doc_512,8017,0.84375,0.8169758277323695,0.74375,0.05625,6,6,1,5,0,0,0,6144
ps_full,doc,512,xvd_b1_ps_full_doc_512,8018,0.93703125,0.9355337195063709,0.92609375,0.05203125,4,4,2,2,0,0,0,4096
ps_full,doc,512,xvd_b1_ps_full_doc_512,8019,0.856640625,0.8341275437372527,0.7690625,0.05578125,4,4,1,3,0,0,0,4096
ps_full,doc,512,xvd_b1_ps_full_doc_512,8020,0.915078125,0.9090386079993813,0.8809375,0.05078125,3,3,1,2,0,0,0,3072
ps_full,doc,512,xvd_b1_ps_full_doc_512,8021,0.845,0.8174985391996159,0.74328125,0.05328125,5,5,1,4,0,0,0,5120
ps_full,doc,512,xvd_b1_ps_full_doc_512,8022,0.85140625,0.8274486740435144,0.75453125,0.05171875,6,6,1,5,0,0,0,6144
ps_full,doc,512,xvd_b1_ps_full_doc_512,8023,0.926171875,0.9230206257141088,0.899375,0.04703125,5,5,2,3,0,0,0,5120
ps_full,doc,512,xvd_b1_ps_full_doc_512,8024,0.849296875,0.8239173372149033,0.74953125,0.0509375,5,5,1,4,0,0,0,5120
ps_full,doc,512,xvd_b1_ps_full_doc_512,8025,0.9296875,0.9273087475025893,0.90921875,0.04984375,4,4,2,2,0,0,0,4096
ps_full,doc,512,xvd_b1_ps_full_doc_512,8026,0.929140625,0.9268567813965609,0.9140625,0.05578125,5,5,2,3,0,0,0,5120
ps_full,doc,512,xvd_b1_ps_full_doc_512,8027,0.825546875,0.7921613179138123,0.70859375,0.0575,5,5,1,4,0,0,0,5120
ps_full,doc,512,xvd_b1_ps_full_doc_512,8028,0.7809375,0.7348017435247078,0.63046875,0.06859375,6,6,0,6,0,0,0,6144
ps_full,doc,512,xvd_b1_ps_full_doc_512,8029,0.860390625,0.838814383393621,0.77234375,0.0515625,5,5,1,4,0,0,0,5120
ps_full,doc,512,xvd_b1_ps_full_doc_512,8030,0.919609375,0.9159244872642439,0.89015625,0.0509375,5,5,2,3,0,0,0,5120
ps_full,enscal,512,xvd_b1_ps_full_enscal_512,8001,0.93390625,0.931543493314408,0.91046875,0.04265625,3,3,3,0,0,0,0,3072
ps_full,enscal,512,xvd_b1_ps_full_enscal_512,8002,0.9196875,0.9144581621405508,0.87984375,0.04046875,3,3,3,0,0,0,0,3072
ps_full,enscal,512,xvd_b1_ps_full_enscal_512,8003,0.91140625,0.9051440016028147,0.8721875,0.049375,3,3,3,0,0,0,0,3072
ps_full,enscal,512,xvd_b1_ps_full_enscal_512,8004,0.93234375,0.9289885326399231,0.90078125,0.03609375,2,2,2,0,0,0,0,2048
ps_full,enscal,512,xvd_b1_ps_full_enscal_512,8005,0.86796875,0.8449727064917988,0.77453125,0.03859375,3,3,3,0,0,0,0,3072
ps_full,enscal,512,xvd_b1_ps_full_enscal_512,8006,0.92578125,0.9227205945136364,0.9053125,0.05375,2,2,2,0,0,0,0,2048
ps_full,enscal,512,xvd_b1_ps_full_enscal_512,8007,0.89984375,0.8908754664958277,0.84390625,0.04421875,3,3,3,0,0,0,0,3072
ps_full,enscal,512,xvd_b1_ps_full_enscal_512,8008,0.9253125,0.919774200347025,0.88734375,0.03671875,3,3,3,0,0,0,0,3072
ps_full,enscal,512,xvd_b1_ps_full_enscal_512,8009,0.895546875,0.8826637802698688,0.8315625,0.04046875,3,3,3,0,0,0,0,3072
ps_full,enscal,512,xvd_b1_ps_full_enscal_512,8010,0.925390625,0.9207085747402178,0.89453125,0.04375,3,3,3,0,0,0,0,3072
ps_full,enscal,512,xvd_b1_ps_full_enscal_512,8011,0.931171875,0.9290189792690511,0.9125,0.05015625,2,2,2,0,0,0,0,2048
ps_full,enscal,512,xvd_b1_ps_full_enscal_512,8012,0.931484375,0.9291794178300976,0.91234375,0.049375,3,3,3,0,0,0,0,3072
ps_full,enscal,512,xvd_b1_ps_full_enscal_512,8013,0.8696875,0.8510530023409522,0.78484375,0.04546875,2,2,2,0,0,0,0,2048
ps_full,enscal,512,xvd_b1_ps_full_enscal_512,8014,0.9309375,0.9291093304407693,0.91890625,0.05703125,2,2,2,0,0,0,0,2048
ps_full,enscal,512,xvd_b1_ps_full_enscal_512,8015,0.929453125,0.9318234024044122,0.9525,0.09359375,2,2,2,0,0,0,0,2048
ps_full,enscal,512,xvd_b1_ps_full_enscal_512,8016,0.922109375,0.9193346452614878,0.89984375,0.055625,2,2,2,0,0,0,0,2048
ps_full,enscal,512,xvd_b1_ps_full_enscal_512,8017,0.90078125,0.8926017043984144,0.85375,0.0521875,2,2,2,0,0,0,0,2048
ps_full,enscal,512,xvd_b1_ps_full_enscal_512,8018,0.934296875,0.9321040553541821,0.91296875,0.044375,2,2,2,0,0,0,0,2048
ps_full,enscal,512,xvd_b1_ps_full_enscal_512,8019,0.88203125,0.8658136228437701,0.811875,0.0478125,2,2,2,0,0,0,0,2048
ps_full,enscal,512,xvd_b1_ps_full_enscal_512,8020,0.94171875,0.9398071309657159,0.92515625,0.04171875,2,2,2,0,0,0,0,2048
ps_full,enscal,512,xvd_b1_ps_full_enscal_512,8021,0.85984375,0.8346934073231135,0.76046875,0.04078125,2,2,2,0,0,0,0,2048
ps_full,enscal,512,xvd_b1_ps_full_enscal_512,8022,0.901484375,0.889989592717414,0.84328125,0.0403125,3,3,3,0,0,0,0,3072
ps_full,enscal,512,xvd_b1_ps_full_enscal_512,8023,0.9321875,0.9290698041082942,0.90359375,0.03921875,3,3,3,0,0,0,0,3072
ps_full,enscal,512,xvd_b1_ps_full_enscal_512,8024,0.9196875,0.9136907974371318,0.87859375,0.03921875,2,2,2,0,0,0,0,2048
ps_full,enscal,512,xvd_b1_ps_full_enscal_512,8025,0.934921875,0.9327952060501068,0.91546875,0.045625,2,2,2,0,0,0,0,2048
ps_full,enscal,512,xvd_b1_ps_full_enscal_512,8026,0.926484375,0.9236938352508757,0.90359375,0.050625,2,2,2,0,0,0,0,2048
ps_full,enscal,512,xvd_b1_ps_full_enscal_512,8027,0.903125,0.8952078707857533,0.85734375,0.05109375,2,2,2,0,0,0,0,2048
ps_full,enscal,512,xvd_b1_ps_full_enscal_512,8028,0.86171875,0.8378979467445175,0.7684375,0.045,2,2,2,0,0,0,0,2048
ps_full,enscal,512,xvd_b1_ps_full_enscal_512,8029,0.910546875,0.9037953894890026,0.86578125,0.0446875,3,3,3,0,0,0,0,3072
ps_full,enscal,512,xvd_b1_ps_full_enscal_512,8030,0.926796875,0.9240514774388044,0.9065625,0.05296875,3,3,3,0,0,0,0,3072
unsw_full,never,n/a,xvd_b1_unsw_full_never,8001,0.800390625,0.8340938346116298,,,0,0,0,0,0,0,0,0
unsw_full,never,n/a,xvd_b1_unsw_full_never,8002,0.80328125,0.8354329422355575,,,0,0,0,0,0,0,0,0
unsw_full,never,n/a,xvd_b1_unsw_full_never,8003,0.81859375,0.8429924880901063,,,0,0,0,0,0,0,0,0
unsw_full,never,n/a,xvd_b1_unsw_full_never,8004,0.81453125,0.8432048845929734,,,0,0,0,0,0,0,0,0
unsw_full,never,n/a,xvd_b1_unsw_full_never,8005,0.815703125,0.8439728029438508,,,0,0,0,0,0,0,0,0
unsw_full,never,n/a,xvd_b1_unsw_full_never,8006,0.832109375,0.8536463681687207,,,0,0,0,0,0,0,0,0
unsw_full,never,n/a,xvd_b1_unsw_full_never,8007,0.818203125,0.8458586947187504,,,0,0,0,0,0,0,0,0
unsw_full,never,n/a,xvd_b1_unsw_full_never,8008,0.8059375,0.8379164779913725,,,0,0,0,0,0,0,0,0
unsw_full,never,n/a,xvd_b1_unsw_full_never,8009,0.80125,0.8341781705147129,,,0,0,0,0,0,0,0,0
unsw_full,never,n/a,xvd_b1_unsw_full_never,8010,0.803984375,0.8362211411919381,,,0,0,0,0,0,0,0,0
unsw_full,never,n/a,xvd_b1_unsw_full_never,8011,0.808359375,0.8390737410320974,,,0,0,0,0,0,0,0,0
unsw_full,never,n/a,xvd_b1_unsw_full_never,8012,0.82109375,0.8458188135000158,,,0,0,0,0,0,0,0,0
unsw_full,never,n/a,xvd_b1_unsw_full_never,8013,0.80984375,0.83917381498911,,,0,0,0,0,0,0,0,0
unsw_full,never,n/a,xvd_b1_unsw_full_never,8014,0.810546875,0.8399058220972464,,,0,0,0,0,0,0,0,0
unsw_full,never,n/a,xvd_b1_unsw_full_never,8015,0.8090625,0.8391381309460012,,,0,0,0,0,0,0,0,0
unsw_full,never,n/a,xvd_b1_unsw_full_never,8016,0.814140625,0.8435471613708568,,,0,0,0,0,0,0,0,0
unsw_full,never,n/a,xvd_b1_unsw_full_never,8017,0.825546875,0.8509800029763092,,,0,0,0,0,0,0,0,0
unsw_full,never,n/a,xvd_b1_unsw_full_never,8018,0.8246875,0.8490719204336541,,,0,0,0,0,0,0,0,0
unsw_full,never,n/a,xvd_b1_unsw_full_never,8019,0.80078125,0.8340285312102697,,,0,0,0,0,0,0,0,0
unsw_full,never,n/a,xvd_b1_unsw_full_never,8020,0.8125,0.8422288116986014,,,0,0,0,0,0,0,0,0
unsw_full,never,n/a,xvd_b1_unsw_full_never,8021,0.810078125,0.8405590002224039,,,0,0,0,0,0,0,0,0
unsw_full,never,n/a,xvd_b1_unsw_full_never,8022,0.805078125,0.8372872852542956,,,0,0,0,0,0,0,0,0
unsw_full,never,n/a,xvd_b1_unsw_full_never,8023,0.818203125,0.8451853780771085,,,0,0,0,0,0,0,0,0
unsw_full,never,n/a,xvd_b1_unsw_full_never,8024,0.811796875,0.8393813972958497,,,0,0,0,0,0,0,0,0
unsw_full,never,n/a,xvd_b1_unsw_full_never,8025,0.828046875,0.8504493921467713,,,0,0,0,0,0,0,0,0
unsw_full,never,n/a,xvd_b1_unsw_full_never,8026,0.816171875,0.8446390135527118,,,0,0,0,0,0,0,0,0
unsw_full,never,n/a,xvd_b1_unsw_full_never,8027,0.81171875,0.8407676863298945,,,0,0,0,0,0,0,0,0
unsw_full,never,n/a,xvd_b1_unsw_full_never,8028,0.818125,0.8446103941264366,,,0,0,0,0,0,0,0,0
unsw_full,never,n/a,xvd_b1_unsw_full_never,8029,0.794453125,0.8302663362607912,,,0,0,0,0,0,0,0,0
unsw_full,never,n/a,xvd_b1_unsw_full_never,8030,0.802734375,0.8354846292430324,,,0,0,0,0,0,0,0,0
unsw_full,naive,2000,xvd_b1_unsw_full_naive_2000,8001,0.848359375,0.8669300046726902,0.98,0.28328125,2,2,2,0,0,0,0,8000
unsw_full,naive,2000,xvd_b1_unsw_full_naive_2000,8002,0.85125,0.8689314782302664,0.97953125,0.27703125,2,2,2,0,0,0,0,8000
unsw_full,naive,2000,xvd_b1_unsw_full_naive_2000,8003,0.840546875,0.8601301889357614,0.97421875,0.293125,2,2,2,0,0,0,0,8000
unsw_full,naive,2000,xvd_b1_unsw_full_naive_2000,8004,0.853671875,0.8704898898414843,0.97609375,0.26875,2,2,2,0,0,0,0,8000
unsw_full,naive,2000,xvd_b1_unsw_full_naive_2000,8005,0.8615625,0.8761718085006308,0.97296875,0.24984375,2,2,2,0,0,0,0,8000
unsw_full,naive,2000,xvd_b1_unsw_full_naive_2000,8006,0.8625,0.8761139613898343,0.96671875,0.24171875,2,2,2,0,0,0,0,8000
unsw_full,naive,2000,xvd_b1_unsw_full_naive_2000,8007,0.85359375,0.8699963246431178,0.9753125,0.268125,2,2,2,0,0,0,0,8000
unsw_full,naive,2000,xvd_b1_unsw_full_naive_2000,8008,0.847890625,0.8669483275625869,0.98328125,0.2875,2,2,2,0,0,0,0,8000
unsw_full,naive,2000,xvd_b1_unsw_full_naive_2000,8009,0.837421875,0.8586020874347704,0.98109375,0.30625,2,2,2,0,0,0,0,8000
unsw_full,naive,2000,xvd_b1_unsw_full_naive_2000,8010,0.836484375,0.8565541817905351,0.97203125,0.2990625,2,2,2,0,0,0,0,8000
unsw_full,naive,2000,xvd_b1_unsw_full_naive_2000,8011,0.85609375,0.8726413832607546,0.97703125,0.26484375,2,2,2,0,0,0,0,8000
unsw_full,naive,2000,xvd_b1_unsw_full_naive_2000,8012,0.85796875,0.8737097722989321,0.97703125,0.26109375,2,2,2,0,0,0,0,8000
unsw_full,naive,2000,xvd_b1_unsw_full_naive_2000,8013,0.8471875,0.865132241316045,0.97546875,0.28109375,2,2,2,0,0,0,0,8000
unsw_full,naive,2000,xvd_b1_unsw_full_naive_2000,8014,0.8515625,0.8681050226503902,0.9709375,0.2678125,2,2,2,0,0,0,0,8000
unsw_full,naive,2000,xvd_b1_unsw_full_naive_2000,8015,0.841953125,0.8614216472232223,0.97796875,0.2940625,2,2,2,0,0,0,0,8000
unsw_full,naive,2000,xvd_b1_unsw_full_naive_2000,8016,0.864921875,0.8794401576927929,0.9775,0.24765625,2,2,2,0,0,0,0,8000
unsw_full,naive,2000,xvd_b1_unsw_full_naive_2000,8017,0.856328125,0.8727324698243366,0.97921875,0.2665625,2,2,2,0,0,0,0,8000
unsw_full,naive,2000,xvd_b1_unsw_full_naive_2000,8018,0.85484375,0.8709566130502178,0.97109375,0.26140625,2,2,2,0,0,0,0,8000
unsw_full,naive,2000,xvd_b1_unsw_full_naive_2000,8019,0.850859375,0.8685025931515234,0.97875,0.27703125,2,2,2,0,0,0,0,8000
unsw_full,naive,2000,xvd_b1_unsw_full_naive_2000,8020,0.855078125,0.8720048678522921,0.98125,0.27109375,2,2,2,0,0,0,0,8000
unsw_full,naive,2000,xvd_b1_unsw_full_naive_2000,8021,0.859921875,0.8759036281396042,0.979375,0.25953125,2,2,2,0,0,0,0,8000
unsw_full,naive,2000,xvd_b1_unsw_full_naive_2000,8022,0.842109375,0.8618218152077783,0.97921875,0.295,2,2,2,0,0,0,0,8000
unsw_full,naive,2000,xvd_b1_unsw_full_naive_2000,8023,0.85046875,0.8682091902896936,0.97515625,0.27421875,2,2,2,0,0,0,0,8000
unsw_full,naive,2000,xvd_b1_unsw_full_naive_2000,8024,0.851015625,0.8677603978584889,0.971875,0.26984375,2,2,2,0,0,0,0,8000
unsw_full,naive,2000,xvd_b1_unsw_full_naive_2000,8025,0.85234375,0.8696756346558996,0.9728125,0.268125,2,2,2,0,0,0,0,8000
unsw_full,naive,2000,xvd_b1_unsw_full_naive_2000,8026,0.859921875,0.8752111701235594,0.97671875,0.256875,3,3,3,0,0,0,0,12000
unsw_full,naive,2000,xvd_b1_unsw_full_naive_2000,8027,0.8428125,0.8621910101693038,0.97828125,0.29265625,1,1,1,0,0,0,0,4000
unsw_full,naive,2000,xvd_b1_unsw_full_naive_2000,8028,0.85390625,0.869196220162983,0.965625,0.2578125,2,2,2,0,0,0,0,8000
unsw_full,naive,2000,xvd_b1_unsw_full_naive_2000,8029,0.8403125,0.8608623757846863,0.97859375,0.29796875,2,2,2,0,0,0,0,8000
unsw_full,naive,2000,xvd_b1_unsw_full_naive_2000,8030,0.85671875,0.8731002153540445,0.97859375,0.26515625,3,3,3,0,0,0,0,12000
unsw_full,point,2000,xvd_b1_unsw_full_point_2000,8001,0.848359375,0.8669300046726902,0.98,0.28328125,2,2,2,0,64,64,0,8000
unsw_full,point,2000,xvd_b1_unsw_full_point_2000,8002,0.84703125,0.8652684049671994,0.97609375,0.28203125,3,3,2,1,96,96,0,12000
unsw_full,point,2000,xvd_b1_unsw_full_point_2000,8003,0.840546875,0.8601301889357614,0.97421875,0.293125,2,2,2,0,64,64,0,8000
unsw_full,point,2000,xvd_b1_unsw_full_point_2000,8004,0.853671875,0.8704898898414843,0.97609375,0.26875,2,2,2,0,64,64,0,8000
unsw_full,point,2000,xvd_b1_unsw_full_point_2000,8005,0.8615625,0.8761718085006308,0.97296875,0.24984375,2,2,2,0,64,64,0,8000
unsw_full,point,2000,xvd_b1_unsw_full_point_2000,8006,0.8625,0.8761139613898343,0.96671875,0.24171875,2,2,2,0,64,64,0,8000
unsw_full,point,2000,xvd_b1_unsw_full_point_2000,8007,0.851953125,0.8695176636618407,0.9803125,0.27640625,3,3,2,1,96,96,0,12000
unsw_full,point,2000,xvd_b1_unsw_full_point_2000,8008,0.847890625,0.8669483275625869,0.98328125,0.2875,2,2,2,0,64,64,0,8000
unsw_full,point,2000,xvd_b1_unsw_full_point_2000,8009,0.837421875,0.8586020874347704,0.98109375,0.30625,2,2,2,0,64,64,0,8000
unsw_full,point,2000,xvd_b1_unsw_full_point_2000,8010,0.836484375,0.8565541817905351,0.97203125,0.2990625,2,2,2,0,64,64,0,8000
unsw_full,point,2000,xvd_b1_unsw_full_point_2000,8011,0.85609375,0.8726413832607546,0.97703125,0.26484375,2,2,2,0,64,64,0,8000
unsw_full,point,2000,xvd_b1_unsw_full_point_2000,8012,0.846015625,0.8644891820871612,0.9740625,0.28203125,3,3,2,1,96,96,0,12000
unsw_full,point,2000,xvd_b1_unsw_full_point_2000,8013,0.8471875,0.865132241316045,0.97546875,0.28109375,2,2,2,0,64,64,0,8000
unsw_full,point,2000,xvd_b1_unsw_full_point_2000,8014,0.8515625,0.8681050226503902,0.9709375,0.2678125,2,2,2,0,64,64,0,8000
unsw_full,point,2000,xvd_b1_unsw_full_point_2000,8015,0.841953125,0.8614216472232223,0.97796875,0.2940625,2,2,2,0,64,64,0,8000
unsw_full,point,2000,xvd_b1_unsw_full_point_2000,8016,0.86015625,0.8755655625457172,0.97515625,0.25484375,3,3,2,1,96,96,0,12000
unsw_full,point,2000,xvd_b1_unsw_full_point_2000,8017,0.856171875,0.8731693221278459,0.9821875,0.26984375,3,3,2,1,96,96,0,12000
unsw_full,point,2000,xvd_b1_unsw_full_point_2000,8018,0.8609375,0.875545913117504,0.9721875,0.2503125,3,3,1,2,96,96,0,12000
unsw_full,point,2000,xvd_b1_unsw_full_point_2000,8019,0.850859375,0.8685025931515234,0.97875,0.27703125,2,2,2,0,64,64,0,8000
unsw_full,point,2000,xvd_b1_unsw_full_point_2000,8020,0.855078125,0.8720048678522921,0.98125,0.27109375,2,2,2,0,64,64,0,8000
unsw_full,point,2000,xvd_b1_unsw_full_point_2000,8021,0.859921875,0.8759036281396042,0.979375,0.25953125,2,2,2,0,64,64,0,8000
unsw_full,point,2000,xvd_b1_unsw_full_point_2000,8022,0.842109375,0.8618218152077783,0.97921875,0.295,2,2,2,0,64,64,0,8000
unsw_full,point,2000,xvd_b1_unsw_full_point_2000,8023,0.85046875,0.8682091902896936,0.97515625,0.27421875,2,2,2,0,64,64,0,8000
unsw_full,point,2000,xvd_b1_unsw_full_point_2000,8024,0.85078125,0.86741738508595,0.97046875,0.26890625,3,3,2,1,96,96,0,12000
unsw_full,point,2000,xvd_b1_unsw_full_point_2000,8025,0.85234375,0.8696756346558996,0.9728125,0.268125,2,2,2,0,64,64,0,8000
unsw_full,point,2000,xvd_b1_unsw_full_point_2000,8026,0.85296875,0.8703312372062939,0.9803125,0.274375,4,4,3,1,128,128,0,16000
unsw_full,point,2000,xvd_b1_unsw_full_point_2000,8027,0.8428125,0.8621910101693038,0.97828125,0.29265625,1,1,1,0,32,32,0,4000
unsw_full,point,2000,xvd_b1_unsw_full_point_2000,8028,0.845390625,0.8632437607493657,0.96984375,0.2790625,3,3,2,1,96,96,0,12000
unsw_full,point,2000,xvd_b1_unsw_full_point_2000,8029,0.8403125,0.8608623757846863,0.97859375,0.29796875,2,2,2,0,64,64,0,8000
unsw_full,point,2000,xvd_b1_unsw_full_point_2000,8030,0.85671875,0.8731002153540445,0.97859375,0.26515625,3,3,3,0,96,96,0,12000
unsw_full,strict,2000,xvd_b1_unsw_full_strict_2000,8001,0.841171875,0.8615112276208713,0.9809375,0.29859375,3,3,2,1,96,96,0,12000
unsw_full,strict,2000,xvd_b1_unsw_full_strict_2000,8002,0.84703125,0.8652684049671994,0.97609375,0.28203125,3,3,2,1,96,96,0,12000
unsw_full,strict,2000,xvd_b1_unsw_full_strict_2000,8003,0.855859375,0.8706927211881795,0.9665625,0.25484375,3,3,2,1,96,96,0,12000
unsw_full,strict,2000,xvd_b1_unsw_full_strict_2000,8004,0.853671875,0.8704898898414843,0.97609375,0.26875,2,2,2,0,64,64,0,8000
unsw_full,strict,2000,xvd_b1_unsw_full_strict_2000,8005,0.8590625,0.8748910690305067,0.9765625,0.2584375,3,3,2,1,96,96,0,12000
unsw_full,strict,2000,xvd_b1_unsw_full_strict_2000,8006,0.8496875,0.8662621007996937,0.968125,0.26875,3,3,1,2,96,96,0,12000
unsw_full,strict,2000,xvd_b1_unsw_full_strict_2000,8007,0.8559375,0.8721997936837214,0.97828125,0.26640625,4,4,2,2,128,128,0,16000
unsw_full,strict,2000,xvd_b1_unsw_full_strict_2000,8008,0.831484375,0.8544785193861396,0.98421875,0.32125,3,3,2,1,96,96,0,12000
unsw_full,strict,2000,xvd_b1_unsw_full_strict_2000,8009,0.83296875,0.8551900404318854,0.98203125,0.31609375,2,2,1,1,64,64,0,8000
unsw_full,strict,2000,xvd_b1_unsw_full_strict_2000,8010,0.83015625,0.8529400918031363,0.97875,0.3184375,4,4,1,3,128,128,0,16000
unsw_full,strict,2000,xvd_b1_unsw_full_strict_2000,8011,0.846328125,0.8649106744714261,0.9778125,0.28515625,2,2,1,1,64,64,0,8000
unsw_full,strict,2000,xvd_b1_unsw_full_strict_2000,8012,0.846015625,0.8644891820871612,0.9740625,0.28203125,3,3,2,1,96,96,0,12000
unsw_full,strict,2000,xvd_b1_unsw_full_strict_2000,8013,0.8471875,0.865132241316045,0.97546875,0.28109375,2,2,2,0,64,64,0,8000
unsw_full,strict,2000,xvd_b1_unsw_full_strict_2000,8014,0.84390625,0.8630574838981572,0.9784375,0.290625,2,2,1,1,64,64,0,8000
unsw_full,strict,2000,xvd_b1_unsw_full_strict_2000,8015,0.86203125,0.8772535576176438,0.97875,0.2546875,3,3,2,1,96,96,0,12000
unsw_full,strict,2000,xvd_b1_unsw_full_strict_2000,8016,0.86015625,0.8755655625457172,0.97515625,0.25484375,3,3,2,1,96,96,0,12000
unsw_full,strict,2000,xvd_b1_unsw_full_strict_2000,8017,0.856171875,0.8731693221278459,0.9821875,0.26984375,3,3,2,1,96,96,0,12000
unsw_full,strict,2000,xvd_b1_unsw_full_strict_2000,8018,0.8609375,0.875545913117504,0.9721875,0.2503125,3,3,1,2,96,96,0,12000
unsw_full,strict,2000,xvd_b1_unsw_full_strict_2000,8019,0.8559375,0.8729522405924665,0.9815625,0.2696875,3,3,2,1,96,96,0,12000
unsw_full,strict,2000,xvd_b1_unsw_full_strict_2000,8020,0.85296875,0.8704468003559075,0.980625,0.2746875,3,3,2,1,96,96,0,12000
unsw_full,strict,2000,xvd_b1_unsw_full_strict_2000,8021,0.848125,0.86680520542119,0.98328125,0.28703125,3,3,1,2,96,96,0,12000
unsw_full,strict,2000,xvd_b1_unsw_full_strict_2000,8022,0.8415625,0.8615723802833096,0.9809375,0.2978125,4,4,1,3,128,128,0,16000
unsw_full,strict,2000,xvd_b1_unsw_full_strict_2000,8023,0.85625,0.8722029423495681,0.9734375,0.2609375,3,3,2,1,96,96,0,12000
unsw_full,strict,2000,xvd_b1_unsw_full_strict_2000,8024,0.85078125,0.86741738508595,0.97046875,0.26890625,3,3,2,1,96,96,0,12000
unsw_full,strict,2000,xvd_b1_unsw_full_strict_2000,8025,0.849140625,0.8663403302506822,0.970625,0.27234375,5,5,1,4,160,160,0,20000
unsw_full,strict,2000,xvd_b1_unsw_full_strict_2000,8026,0.85296875,0.8703312372062939,0.9803125,0.274375,4,4,3,1,128,128,0,16000
unsw_full,strict,2000,xvd_b1_unsw_full_strict_2000,8027,0.838671875,0.8590686060354955,0.97671875,0.299375,2,2,1,1,64,64,0,8000
unsw_full,strict,2000,xvd_b1_unsw_full_strict_2000,8028,0.845390625,0.8632437607493657,0.96984375,0.2790625,3,3,2,1,96,96,0,12000
unsw_full,strict,2000,xvd_b1_unsw_full_strict_2000,8029,0.825859375,0.8512651988093023,0.9865625,0.33484375,4,4,1,3,128,128,0,16000
unsw_full,strict,2000,xvd_b1_unsw_full_strict_2000,8030,0.8540625,0.8718208062812167,0.9828125,0.2746875,3,3,2,1,96,96,0,12000
unsw_full,atc,2000,xvd_b1_unsw_full_atc_2000,8001,0.848359375,0.8669300046726902,0.98,0.28328125,2,2,2,0,0,0,0,8000
unsw_full,atc,2000,xvd_b1_unsw_full_atc_2000,8002,0.843828125,0.8637194706760066,0.97984375,0.2921875,3,3,2,1,0,0,0,12000
unsw_full,atc,2000,xvd_b1_unsw_full_atc_2000,8003,0.855859375,0.8706927211881795,0.9665625,0.25484375,3,3,2,1,0,0,0,12000
unsw_full,atc,2000,xvd_b1_unsw_full_atc_2000,8004,0.853671875,0.8704898898414843,0.97609375,0.26875,2,2,2,0,0,0,0,8000
unsw_full,atc,2000,xvd_b1_unsw_full_atc_2000,8005,0.86078125,0.87533106698385,0.97125,0.2496875,3,3,2,1,0,0,0,12000
unsw_full,atc,2000,xvd_b1_unsw_full_atc_2000,8006,0.8496875,0.8662621007996937,0.968125,0.26875,3,3,1,2,0,0,0,12000
unsw_full,atc,2000,xvd_b1_unsw_full_atc_2000,8007,0.856171875,0.8718992158278432,0.97296875,0.260625,3,3,2,1,0,0,0,12000
unsw_full,atc,2000,xvd_b1_unsw_full_atc_2000,8008,0.836484375,0.8603386216600442,0.9896875,0.31671875,5,5,1,4,0,0,0,20000
unsw_full,atc,2000,xvd_b1_unsw_full_atc_2000,8009,0.83453125,0.8571795554811937,0.98484375,0.31578125,3,3,1,2,0,0,0,12000
unsw_full,atc,2000,xvd_b1_unsw_full_atc_2000,8010,0.833359375,0.8565191883474692,0.98328125,0.3165625,5,5,1,4,0,0,0,20000
unsw_full,atc,2000,xvd_b1_unsw_full_atc_2000,8011,0.845625,0.8642633934806873,0.9775,0.28625,3,3,1,2,0,0,0,12000
unsw_full,atc,2000,xvd_b1_unsw_full_atc_2000,8012,0.852890625,0.8693927674809366,0.9728125,0.26703125,3,3,1,2,0,0,0,12000
unsw_full,atc,2000,xvd_b1_unsw_full_atc_2000,8013,0.84109375,0.8619806705576272,0.98109375,0.29890625,5,5,1,4,0,0,0,20000
unsw_full,atc,2000,xvd_b1_unsw_full_atc_2000,8014,0.8515625,0.8681050226503902,0.9709375,0.2678125,2,2,2,0,0,0,0,8000
unsw_full,atc,2000,xvd_b1_unsw_full_atc_2000,8015,0.84890625,0.867118017909589,0.97890625,0.28109375,4,4,2,2,0,0,0,16000
unsw_full,atc,2000,xvd_b1_unsw_full_atc_2000,8016,0.864921875,0.8794401576927929,0.9775,0.24765625,2,2,2,0,0,0,0,8000
unsw_full,atc,2000,xvd_b1_unsw_full_atc_2000,8017,0.86203125,0.8770464368131593,0.97796875,0.25390625,4,4,2,2,0,0,0,16000
unsw_full,atc,2000,xvd_b1_unsw_full_atc_2000,8018,0.846640625,0.8649265624851493,0.97515625,0.281875,3,3,2,1,0,0,0,12000
unsw_full,atc,2000,xvd_b1_unsw_full_atc_2000,8019,0.830625,0.85430553236774,0.98609375,0.32484375,4,4,1,3,0,0,0,16000
unsw_full,atc,2000,xvd_b1_unsw_full_atc_2000,8020,0.855078125,0.8720048678522921,0.98125,0.27109375,2,2,2,0,0,0,0,8000
unsw_full,atc,2000,xvd_b1_unsw_full_atc_2000,8021,0.848125,0.86680520542119,0.98328125,0.28703125,3,3,1,2,0,0,0,12000
unsw_full,atc,2000,xvd_b1_unsw_full_atc_2000,8022,0.84796875,0.8660217427122994,0.97734375,0.28140625,3,3,2,1,0,0,0,12000
unsw_full,atc,2000,xvd_b1_unsw_full_atc_2000,8023,0.8490625,0.8667310897401929,0.97296875,0.27484375,4,4,2,2,0,0,0,16000
unsw_full,atc,2000,xvd_b1_unsw_full_atc_2000,8024,0.8409375,0.8606911538144256,0.9734375,0.2915625,4,4,1,3,0,0,0,16000
unsw_full,atc,2000,xvd_b1_unsw_full_atc_2000,8025,0.85234375,0.8696756346558996,0.9728125,0.268125,2,2,2,0,0,0,0,8000
unsw_full,atc,2000,xvd_b1_unsw_full_atc_2000,8026,0.85296875,0.8703312372062939,0.9803125,0.274375,4,4,3,1,0,0,0,16000
unsw_full,atc,2000,xvd_b1_unsw_full_atc_2000,8027,0.84296875,0.8631478537697975,0.97984375,0.29390625,3,3,1,2,0,0,0,12000
unsw_full,atc,2000,xvd_b1_unsw_full_atc_2000,8028,0.847421875,0.8652225530598889,0.97296875,0.278125,4,4,2,2,0,0,0,16000
unsw_full,atc,2000,xvd_b1_unsw_full_atc_2000,8029,0.837890625,0.8597791421707474,0.98328125,0.3075,4,4,2,2,0,0,0,16000
unsw_full,atc,2000,xvd_b1_unsw_full_atc_2000,8030,0.855,0.872120310546357,0.97984375,0.26984375,3,3,2,1,0,0,0,12000
unsw_full,doc,2000,xvd_b1_unsw_full_doc_2000,8001,0.82890625,0.8544402596565152,0.9884375,0.330625,5,5,1,4,0,0,0,20000
unsw_full,doc,2000,xvd_b1_unsw_full_doc_2000,8002,0.85125,0.8689314782302664,0.97953125,0.27703125,2,2,2,0,0,0,0,8000
unsw_full,doc,2000,xvd_b1_unsw_full_doc_2000,8003,0.84140625,0.8600813837473799,0.9640625,0.28125,6,6,1,5,0,0,0,24000
unsw_full,doc,2000,xvd_b1_unsw_full_doc_2000,8004,0.843125,0.8633980662954029,0.98046875,0.29421875,4,4,1,3,0,0,0,16000
unsw_full,doc,2000,xvd_b1_unsw_full_doc_2000,8005,0.86078125,0.87533106698385,0.97125,0.2496875,3,3,2,1,0,0,0,12000
unsw_full,doc,2000,xvd_b1_unsw_full_doc_2000,8006,0.85,0.8670800295710861,0.96875,0.26875,4,4,1,3,0,0,0,16000
unsw_full,doc,2000,xvd_b1_unsw_full_doc_2000,8007,0.848203125,0.8667890264721894,0.98,0.28359375,5,5,1,4,0,0,0,20000
unsw_full,doc,2000,xvd_b1_unsw_full_doc_2000,8008,0.836484375,0.8603386216600442,0.9896875,0.31671875,5,5,1,4,0,0,0,20000
unsw_full,doc,2000,xvd_b1_unsw_full_doc_2000,8009,0.83453125,0.8571795554811937,0.98484375,0.31578125,3,3,1,2,0,0,0,12000
unsw_full,doc,2000,xvd_b1_unsw_full_doc_2000,8010,0.825,0.8507297308511358,0.9846875,0.3346875,6,6,1,5,0,0,0,24000
unsw_full,doc,2000,xvd_b1_unsw_full_doc_2000,8011,0.836875,0.8591481356736935,0.98125,0.3075,5,5,1,4,0,0,0,20000
unsw_full,doc,2000,xvd_b1_unsw_full_doc_2000,8012,0.843828125,0.862707165477719,0.97125,0.28359375,5,5,1,4,0,0,0,20000
unsw_full,doc,2000,xvd_b1_unsw_full_doc_2000,8013,0.84109375,0.8619806705576272,0.98109375,0.29890625,5,5,1,4,0,0,0,20000
unsw_full,doc,2000,xvd_b1_unsw_full_doc_2000,8014,0.83578125,0.857546751782263,0.98046875,0.30890625,5,5,1,4,0,0,0,20000
unsw_full,doc,2000,xvd_b1_unsw_full_doc_2000,8015,0.86203125,0.8772535576176438,0.97875,0.2546875,3,3,2,1,0,0,0,12000
unsw_full,doc,2000,xvd_b1_unsw_full_doc_2000,8016,0.86015625,0.8755655625457172,0.97515625,0.25484375,3,3,2,1,0,0,0,12000
unsw_full,doc,2000,xvd_b1_unsw_full_doc_2000,8017,0.851484375,0.8698330447647851,0.98265625,0.2796875,5,5,1,4,0,0,0,20000
unsw_full,doc,2000,xvd_b1_unsw_full_doc_2000,8018,0.846640625,0.8649265624851493,0.97515625,0.281875,3,3,2,1,0,0,0,12000
unsw_full,doc,2000,xvd_b1_unsw_full_doc_2000,8019,0.830546875,0.8547074990575184,0.986875,0.32578125,4,4,1,3,0,0,0,16000
unsw_full,doc,2000,xvd_b1_unsw_full_doc_2000,8020,0.85296875,0.8704468003559075,0.980625,0.2746875,3,3,2,1,0,0,0,12000
unsw_full,doc,2000,xvd_b1_unsw_full_doc_2000,8021,0.841640625,0.8636724421041785,0.98703125,0.30375,5,5,1,4,0,0,0,20000
unsw_full,doc,2000,xvd_b1_unsw_full_doc_2000,8022,0.8375,0.8600563626162251,0.98265625,0.30765625,5,5,1,4,0,0,0,20000
unsw_full,doc,2000,xvd_b1_unsw_full_doc_2000,8023,0.84796875,0.8668609825082356,0.97921875,0.28328125,6,6,2,4,0,0,0,24000
unsw_full,doc,2000,xvd_b1_unsw_full_doc_2000,8024,0.8409375,0.8606911538144256,0.9734375,0.2915625,4,4,1,3,0,0,0,16000
unsw_full,doc,2000,xvd_b1_unsw_full_doc_2000,8025,0.83390625,0.8549328673348071,0.96921875,0.30140625,7,7,1,6,0,0,0,28000
unsw_full,doc,2000,xvd_b1_unsw_full_doc_2000,8026,0.840078125,0.8619514710740498,0.98484375,0.3046875,7,7,2,5,0,0,0,28000
unsw_full,doc,2000,xvd_b1_unsw_full_doc_2000,8027,0.84296875,0.8631478537697975,0.97984375,0.29390625,3,3,1,2,0,0,0,12000
unsw_full,doc,2000,xvd_b1_unsw_full_doc_2000,8028,0.847421875,0.8652225530598889,0.97296875,0.278125,4,4,2,2,0,0,0,16000
unsw_full,doc,2000,xvd_b1_unsw_full_doc_2000,8029,0.821796875,0.8493387854820794,0.98796875,0.344375,5,5,1,4,0,0,0,20000
unsw_full,doc,2000,xvd_b1_unsw_full_doc_2000,8030,0.855,0.872120310546357,0.97984375,0.26984375,3,3,2,1,0,0,0,12000
unsw_full,enscal,2000,xvd_b1_unsw_full_enscal_2000,8001,0.83984375,0.8602442387542868,0.97921875,0.29953125,2,2,2,0,0,0,0,8000
unsw_full,enscal,2000,xvd_b1_unsw_full_enscal_2000,8002,0.841796875,0.8610985072566089,0.97625,0.29265625,2,2,2,0,0,0,0,8000
unsw_full,enscal,2000,xvd_b1_unsw_full_enscal_2000,8003,0.8396875,0.8584735426046578,0.96578125,0.28640625,2,2,2,0,0,0,0,8000
unsw_full,enscal,2000,xvd_b1_unsw_full_enscal_2000,8004,0.84140625,0.8610682785473135,0.975,0.2921875,2,2,2,0,0,0,0,8000
unsw_full,enscal,2000,xvd_b1_unsw_full_enscal_2000,8005,0.85234375,0.86883181349193,0.97265625,0.26796875,2,2,2,0,0,0,0,8000
unsw_full,enscal,2000,xvd_b1_unsw_full_enscal_2000,8006,0.857890625,0.872311380272634,0.965625,0.24984375,2,2,2,0,0,0,0,8000
unsw_full,enscal,2000,xvd_b1_unsw_full_enscal_2000,8007,0.84140625,0.8602665907993964,0.97046875,0.28765625,2,2,2,0,0,0,0,8000
unsw_full,enscal,2000,xvd_b1_unsw_full_enscal_2000,8008,0.843671875,0.8633045316421665,0.98125,0.29390625,2,2,2,0,0,0,0,8000
unsw_full,enscal,2000,xvd_b1_unsw_full_enscal_2000,8009,0.829375,0.8527584699619013,0.9821875,0.3234375,2,2,2,0,0,0,0,8000
unsw_full,enscal,2000,xvd_b1_unsw_full_enscal_2000,8010,0.82984375,0.8510809942869624,0.96875,0.3090625,2,2,2,0,0,0,0,8000
unsw_full,enscal,2000,xvd_b1_unsw_full_enscal_2000,8011,0.846953125,0.8652285776804567,0.97546875,0.2815625,2,2,2,0,0,0,0,8000
unsw_full,enscal,2000,xvd_b1_unsw_full_enscal_2000,8012,0.85609375,0.8714660613478141,0.9709375,0.25875,2,2,2,0,0,0,0,8000
unsw_full,enscal,2000,xvd_b1_unsw_full_enscal_2000,8013,0.841640625,0.8606225598266128,0.97296875,0.2896875,2,2,2,0,0,0,0,8000
unsw_full,enscal,2000,xvd_b1_unsw_full_enscal_2000,8014,0.843046875,0.8612731597297983,0.96953125,0.2834375,2,2,2,0,0,0,0,8000
unsw_full,enscal,2000,xvd_b1_unsw_full_enscal_2000,8015,0.84109375,0.8600289931186983,0.97234375,0.29015625,2,2,2,0,0,0,0,8000
unsw_full,enscal,2000,xvd_b1_unsw_full_enscal_2000,8016,0.853203125,0.870040128216705,0.97515625,0.26875,2,2,2,0,0,0,0,8000
unsw_full,enscal,2000,xvd_b1_unsw_full_enscal_2000,8017,0.85125,0.8681004562063567,0.9740625,0.2715625,2,2,2,0,0,0,0,8000
unsw_full,enscal,2000,xvd_b1_unsw_full_enscal_2000,8018,0.8509375,0.8672127060395909,0.96765625,0.26578125,2,2,2,0,0,0,0,8000
unsw_full,enscal,2000,xvd_b1_unsw_full_enscal_2000,8019,0.8453125,0.8642078727343327,0.9790625,0.2884375,2,2,2,0,0,0,0,8000
unsw_full,enscal,2000,xvd_b1_unsw_full_enscal_2000,8020,0.8428125,0.862268055510621,0.97796875,0.29234375,2,2,2,0,0,0,0,8000
unsw_full,enscal,2000,xvd_b1_unsw_full_enscal_2000,8021,0.85,0.86823418047553,0.9796875,0.2796875,2,2,2,0,0,0,0,8000
unsw_full,enscal,2000,xvd_b1_unsw_full_enscal_2000,8022,0.838828125,0.8592637198824558,0.97859375,0.3009375,2,2,2,0,0,0,0,8000
unsw_full,enscal,2000,xvd_b1_unsw_full_enscal_2000,8023,0.849765625,0.8666447084359535,0.97,0.27046875,2,2,2,0,0,0,0,8000
unsw_full,enscal,2000,xvd_b1_unsw_full_enscal_2000,8024,0.841484375,0.8597217738019961,0.9671875,0.28421875,2,2,2,0,0,0,0,8000
unsw_full,enscal,2000,xvd_b1_unsw_full_enscal_2000,8025,0.85296875,0.8688430589057684,0.96515625,0.25921875,2,2,2,0,0,0,0,8000
unsw_full,enscal,2000,xvd_b1_unsw_full_enscal_2000,8026,0.85515625,0.8715313745593876,0.97671875,0.26640625,3,3,3,0,0,0,0,12000
unsw_full,enscal,2000,xvd_b1_unsw_full_enscal_2000,8027,0.8278125,0.8508550176183802,0.9753125,0.3196875,1,1,1,0,0,0,0,4000
unsw_full,enscal,2000,xvd_b1_unsw_full_enscal_2000,8028,0.84609375,0.8625659476204389,0.96125,0.2690625,2,2,2,0,0,0,0,8000
unsw_full,enscal,2000,xvd_b1_unsw_full_enscal_2000,8029,0.836796875,0.8583804893571672,0.9796875,0.30609375,2,2,2,0,0,0,0,8000
unsw_full,enscal,2000,xvd_b1_unsw_full_enscal_2000,8030,0.8515625,0.8688639302284514,0.97671875,0.27359375,3,3,3,0,0,0,0,12000
unsw_full,replay,2000,xvd_b1_unsw_full_replay_2000,8001,0.8240625,0.8487339643335821,0.9828125,0.3346875,2,2,2,0,0,0,0,8000
unsw_full,replay,2000,xvd_b1_unsw_full_replay_2000,8002,0.820703125,0.846622247979911,0.98359375,0.3421875,2,2,2,0,0,0,0,8000
unsw_full,replay,2000,xvd_b1_unsw_full_replay_2000,8003,0.826640625,0.8499240624555096,0.97421875,0.3209375,2,2,2,0,0,0,0,8000
unsw_full,replay,2000,xvd_b1_unsw_full_replay_2000,8004,0.826484375,0.8509457083858747,0.981875,0.32890625,2,2,2,0,0,0,0,8000
unsw_full,replay,2000,xvd_b1_unsw_full_replay_2000,8005,0.829609375,0.8526270713898374,0.97796875,0.31875,2,2,2,0,0,0,0,8000
unsw_full,replay,2000,xvd_b1_unsw_full_replay_2000,8006,0.83796875,0.8585905471328124,0.97625,0.3003125,2,2,2,0,0,0,0,8000
unsw_full,replay,2000,xvd_b1_unsw_full_replay_2000,8007,0.827734375,0.8521276497104145,0.98234375,0.326875,2,2,2,0,0,0,0,8000
unsw_full,replay,2000,xvd_b1_unsw_full_replay_2000,8008,0.82609375,0.8506133458744475,0.98453125,0.33234375,2,2,2,0,0,0,0,8000
unsw_full,replay,2000,xvd_b1_unsw_full_replay_2000,8009,0.81515625,0.8433226465338644,0.989375,0.3590625,2,2,2,0,0,0,0,8000
unsw_full,replay,2000,xvd_b1_unsw_full_replay_2000,8010,0.826328125,0.8499817625468065,0.9790625,0.32640625,2,2,2,0,0,0,0,8000
unsw_full,replay,2000,xvd_b1_unsw_full_replay_2000,8011,0.83265625,0.85553923084508,0.98546875,0.32015625,2,2,2,0,0,0,0,8000
unsw_full,replay,2000,xvd_b1_unsw_full_replay_2000,8012,0.824609375,0.8493131367119007,0.97890625,0.3296875,2,2,2,0,0,0,0,8000
unsw_full,replay,2000,xvd_b1_unsw_full_replay_2000,8013,0.82140625,0.8475203321429821,0.984375,0.3415625,2,2,2,0,0,0,0,8000
unsw_full,replay,2000,xvd_b1_unsw_full_replay_2000,8014,0.82171875,0.847105777713239,0.98140625,0.33796875,2,2,2,0,0,0,0,8000
unsw_full,replay,2000,xvd_b1_unsw_full_replay_2000,8015,0.81734375,0.8449151035057726,0.98640625,0.35171875,2,2,2,0,0,0,0,8000
unsw_full,replay,2000,xvd_b1_unsw_full_replay_2000,8016,0.833515625,0.8560044042211626,0.98140625,0.314375,2,2,2,0,0,0,0,8000
unsw_full,replay,2000,xvd_b1_unsw_full_replay_2000,8017,0.8384375,0.8598115096067364,0.98359375,0.30671875,2,2,2,0,0,0,0,8000
unsw_full,replay,2000,xvd_b1_unsw_full_replay_2000,8018,0.8396875,0.859441275400265,0.97375,0.294375,2,2,2,0,0,0,0,8000
unsw_full,replay,2000,xvd_b1_unsw_full_replay_2000,8019,0.81609375,0.8437404790303691,0.986875,0.3546875,2,2,2,0,0,0,0,8000
unsw_full,replay,2000,xvd_b1_unsw_full_replay_2000,8020,0.828203125,0.852710080273998,0.98765625,0.33125,2,2,2,0,0,0,0,8000
unsw_full,replay,2000,xvd_b1_unsw_full_replay_2000,8021,0.829765625,0.8536004503690074,0.98625,0.32671875,2,2,2,0,0,0,0,8000
unsw_full,replay,2000,xvd_b1_unsw_full_replay_2000,8022,0.826796875,0.8512132612967962,0.98375,0.33015625,2,2,2,0,0,0,0,8000
unsw_full,replay,2000,xvd_b1_unsw_full_replay_2000,8023,0.835859375,0.8576329922317701,0.981875,0.31015625,2,2,2,0,0,0,0,8000
unsw_full,replay,2000,xvd_b1_unsw_full_replay_2000,8024,0.816796875,0.8427265848378614,0.97390625,0.3403125,2,2,2,0,0,0,0,8000
unsw_full,replay,2000,xvd_b1_unsw_full_replay_2000,8025,0.821171875,0.8469526111769418,0.98015625,0.3378125,2,2,2,0,0,0,0,8000
unsw_full,replay,2000,xvd_b1_unsw_full_replay_2000,8026,0.818828125,0.8458921762272262,0.9859375,0.34828125,3,3,3,0,0,0,0,12000
unsw_full,replay,2000,xvd_b1_unsw_full_replay_2000,8027,0.82359375,0.8485850070967874,0.98046875,0.33328125,1,1,1,0,0,0,0,4000
unsw_full,replay,2000,xvd_b1_unsw_full_replay_2000,8028,0.8315625,0.8533468699144016,0.9734375,0.3103125,2,2,2,0,0,0,0,8000
unsw_full,replay,2000,xvd_b1_unsw_full_replay_2000,8029,0.8203125,0.8470437302540949,0.9884375,0.3478125,2,2,2,0,0,0,0,8000
unsw_full,replay,2000,xvd_b1_unsw_full_replay_2000,8030,0.8284375,0.8522865378505198,0.985,0.328125,3,3,3,0,0,0,0,12000
unsw_full,ddm,2000,xvd_b1_unsw_full_ddm_2000,8001,0.8165625,0.8432156484088955,0.9796875,0.3465625,1,1,1,0,800,0,800,4000
unsw_full,ddm,2000,xvd_b1_unsw_full_ddm_2000,8002,0.80328125,0.8354329422355575,0.98890625,0.38234375,0,0,0,0,800,0,800,0
unsw_full,ddm,2000,xvd_b1_unsw_full_ddm_2000,8003,0.836171875,0.8564485494586139,0.9703125,0.29796875,1,1,1,0,800,0,800,4000
unsw_full,ddm,2000,xvd_b1_unsw_full_ddm_2000,8004,0.826015625,0.8494233427631328,0.9725,0.32046875,1,1,1,0,800,0,800,4000
unsw_full,ddm,2000,xvd_b1_unsw_full_ddm_2000,8005,0.838203125,0.8590817863054373,0.9796875,0.30328125,3,3,3,0,800,0,800,12000
unsw_full,ddm,2000,xvd_b1_unsw_full_ddm_2000,8006,0.832109375,0.8536463681687207,0.97046875,0.30625,0,0,0,0,800,0,800,0
unsw_full,ddm,2000,xvd_b1_unsw_full_ddm_2000,8007,0.825234375,0.8510673316631682,0.9846875,0.33421875,2,2,2,0,800,0,800,8000
unsw_full,ddm,2000,xvd_b1_unsw_full_ddm_2000,8008,0.8059375,0.8379164779913725,0.99296875,0.38109375,0,0,0,0,800,0,800,0
unsw_full,ddm,2000,xvd_b1_unsw_full_ddm_2000,8009,0.80125,0.8341781705147129,0.9921875,0.3896875,0,0,0,0,800,0,800,0
unsw_full,ddm,2000,xvd_b1_unsw_full_ddm_2000,8010,0.803984375,0.8362211411919381,0.99078125,0.3828125,0,0,0,0,800,0,800,0
unsw_full,ddm,2000,xvd_b1_unsw_full_ddm_2000,8011,0.8534375,0.8704236172260371,0.9765625,0.2696875,3,3,3,0,800,0,800,12000
unsw_full,ddm,2000,xvd_b1_unsw_full_ddm_2000,8012,0.82109375,0.8458188135000158,0.97078125,0.32859375,0,0,0,0,800,0,800,0
unsw_full,ddm,2000,xvd_b1_unsw_full_ddm_2000,8013,0.84359375,0.8626783116877489,0.975625,0.2884375,1,1,1,0,800,0,800,4000
unsw_full,ddm,2000,xvd_b1_unsw_full_ddm_2000,8014,0.80609375,0.837068251549384,0.986875,0.3746875,1,1,1,0,800,0,800,4000
unsw_full,ddm,2000,xvd_b1_unsw_full_ddm_2000,8015,0.8090625,0.8391381309460012,0.98609375,0.36796875,0,0,0,0,800,0,800,0
unsw_full,ddm,2000,xvd_b1_unsw_full_ddm_2000,8016,0.8171875,0.8456425202690593,0.98875,0.354375,1,1,1,0,800,0,800,4000
unsw_full,ddm,2000,xvd_b1_unsw_full_ddm_2000,8017,0.845078125,0.8653158994239718,0.98484375,0.2946875,1,1,1,0,800,0,800,4000
unsw_full,ddm,2000,xvd_b1_unsw_full_ddm_2000,8018,0.8246875,0.8490719204336541,0.9771875,0.3278125,0,0,0,0,800,0,800,0
unsw_full,ddm,2000,xvd_b1_unsw_full_ddm_2000,8019,0.80078125,0.8340285312102697,0.9925,0.3909375,0,0,0,0,800,0,800,0
unsw_full,ddm,2000,xvd_b1_unsw_full_ddm_2000,8020,0.8125,0.8422288116986014,0.99046875,0.36546875,0,0,0,0,800,0,800,0
unsw_full,ddm,2000,xvd_b1_unsw_full_ddm_2000,8021,0.845859375,0.8656140676915952,0.9840625,0.29234375,1,1,1,0,800,0,800,4000
unsw_full,ddm,2000,xvd_b1_unsw_full_ddm_2000,8022,0.8303125,0.8537052204092069,0.9825,0.321875,1,1,1,0,800,0,800,4000
unsw_full,ddm,2000,xvd_b1_unsw_full_ddm_2000,8023,0.82734375,0.8506498891457198,0.97625,0.3215625,1,1,1,0,800,0,800,4000
unsw_full,ddm,2000,xvd_b1_unsw_full_ddm_2000,8024,0.820859375,0.8452904921488874,0.97140625,0.3296875,1,1,1,0,800,0,800,4000
unsw_full,ddm,2000,xvd_b1_unsw_full_ddm_2000,8025,0.828046875,0.8504493921467713,0.96984375,0.31375,0,0,0,0,800,0,800,0
unsw_full,ddm,2000,xvd_b1_unsw_full_ddm_2000,8026,0.816171875,0.8446390135527118,0.989375,0.35703125,0,0,0,0,800,0,800,0
unsw_full,ddm,2000,xvd_b1_unsw_full_ddm_2000,8027,0.840546875,0.8619079160688895,0.98046875,0.299375,2,2,2,0,800,0,800,8000
unsw_full,ddm,2000,xvd_b1_unsw_full_ddm_2000,8028,0.83015625,0.8534306675208455,0.9771875,0.316875,1,1,1,0,800,0,800,4000
unsw_full,ddm,2000,xvd_b1_unsw_full_ddm_2000,8029,0.794453125,0.8302663362607912,0.99546875,0.4065625,0,0,0,0,800,0,800,0
unsw_full,ddm,2000,xvd_b1_unsw_full_ddm_2000,8030,0.802734375,0.8354846292430324,0.991875,0.38640625,0,0,0,0,800,0,800,0
unsw_full,adwin,2000,xvd_b1_unsw_full_adwin_2000,8001,0.800390625,0.8340938346116298,0.99390625,0.393125,0,0,0,0,800,0,800,0
unsw_full,adwin,2000,xvd_b1_unsw_full_adwin_2000,8002,0.80328125,0.8354329422355575,0.98890625,0.38234375,0,0,0,0,800,0,800,0
unsw_full,adwin,2000,xvd_b1_unsw_full_adwin_2000,8003,0.81859375,0.8429924880901063,0.9646875,0.3275,0,0,0,0,800,0,800,0
unsw_full,adwin,2000,xvd_b1_unsw_full_adwin_2000,8004,0.81453125,0.8432048845929734,0.98609375,0.35703125,0,0,0,0,800,0,800,0
unsw_full,adwin,2000,xvd_b1_unsw_full_adwin_2000,8005,0.815703125,0.8439728029438508,0.985,0.35359375,0,0,0,0,800,0,800,0
unsw_full,adwin,2000,xvd_b1_unsw_full_adwin_2000,8006,0.832109375,0.8536463681687207,0.97046875,0.30625,0,0,0,0,800,0,800,0
unsw_full,adwin,2000,xvd_b1_unsw_full_adwin_2000,8007,0.818203125,0.8458586947187504,0.9859375,0.34953125,0,0,0,0,800,0,800,0
unsw_full,adwin,2000,xvd_b1_unsw_full_adwin_2000,8008,0.8059375,0.8379164779913725,0.99296875,0.38109375,0,0,0,0,800,0,800,0
unsw_full,adwin,2000,xvd_b1_unsw_full_adwin_2000,8009,0.80125,0.8341781705147129,0.9921875,0.3896875,0,0,0,0,800,0,800,0
unsw_full,adwin,2000,xvd_b1_unsw_full_adwin_2000,8010,0.803984375,0.8362211411919381,0.99078125,0.3828125,0,0,0,0,800,0,800,0
unsw_full,adwin,2000,xvd_b1_unsw_full_adwin_2000,8011,0.808359375,0.8390737410320974,0.98984375,0.373125,0,0,0,0,800,0,800,0
unsw_full,adwin,2000,xvd_b1_unsw_full_adwin_2000,8012,0.82109375,0.8458188135000158,0.97078125,0.32859375,0,0,0,0,800,0,800,0
unsw_full,adwin,2000,xvd_b1_unsw_full_adwin_2000,8013,0.80984375,0.83917381498911,0.98125,0.3615625,0,0,0,0,800,0,800,0
unsw_full,adwin,2000,xvd_b1_unsw_full_adwin_2000,8014,0.810546875,0.8399058220972464,0.98484375,0.36375,0,0,0,0,800,0,800,0
unsw_full,adwin,2000,xvd_b1_unsw_full_adwin_2000,8015,0.8090625,0.8391381309460012,0.98609375,0.36796875,0,0,0,0,800,0,800,0
unsw_full,adwin,2000,xvd_b1_unsw_full_adwin_2000,8016,0.814140625,0.8435471613708568,0.98875,0.36046875,0,0,0,0,800,0,800,0
unsw_full,adwin,2000,xvd_b1_unsw_full_adwin_2000,8017,0.825546875,0.8509800029763092,0.98625,0.33515625,0,0,0,0,800,0,800,0
unsw_full,adwin,2000,xvd_b1_unsw_full_adwin_2000,8018,0.8246875,0.8490719204336541,0.9771875,0.3278125,0,0,0,0,800,0,800,0
unsw_full,adwin,2000,xvd_b1_unsw_full_adwin_2000,8019,0.80078125,0.8340285312102697,0.9925,0.3909375,0,0,0,0,800,0,800,0
unsw_full,adwin,2000,xvd_b1_unsw_full_adwin_2000,8020,0.8125,0.8422288116986014,0.99046875,0.36546875,0,0,0,0,800,0,800,0
unsw_full,adwin,2000,xvd_b1_unsw_full_adwin_2000,8021,0.810078125,0.8405590002224039,0.99015625,0.37,0,0,0,0,800,0,800,0
unsw_full,adwin,2000,xvd_b1_unsw_full_adwin_2000,8022,0.805078125,0.8372872852542956,0.99046875,0.3803125,0,0,0,0,800,0,800,0
unsw_full,adwin,2000,xvd_b1_unsw_full_adwin_2000,8023,0.818203125,0.8451853780771085,0.983125,0.34671875,0,0,0,0,800,0,800,0
unsw_full,adwin,2000,xvd_b1_unsw_full_adwin_2000,8024,0.811796875,0.8393813972958497,0.97421875,0.350625,0,0,0,0,800,0,800,0
unsw_full,adwin,2000,xvd_b1_unsw_full_adwin_2000,8025,0.828046875,0.8504493921467713,0.96984375,0.31375,0,0,0,0,800,0,800,0
unsw_full,adwin,2000,xvd_b1_unsw_full_adwin_2000,8026,0.816171875,0.8446390135527118,0.989375,0.35703125,0,0,0,0,800,0,800,0
unsw_full,adwin,2000,xvd_b1_unsw_full_adwin_2000,8027,0.81171875,0.8407676863298945,0.9821875,0.35875,0,0,0,0,800,0,800,0
unsw_full,adwin,2000,xvd_b1_unsw_full_adwin_2000,8028,0.818125,0.8446103941264366,0.97859375,0.34234375,0,0,0,0,800,0,800,0
unsw_full,adwin,2000,xvd_b1_unsw_full_adwin_2000,8029,0.794453125,0.8302663362607912,0.99546875,0.4065625,0,0,0,0,800,0,800,0
unsw_full,adwin,2000,xvd_b1_unsw_full_adwin_2000,8030,0.802734375,0.8354846292430324,0.991875,0.38640625,0,0,0,0,800,0,800,0
unsw_full,naive,512,xvd_b1_unsw_full_naive_512,8001,0.83890625,0.8593566998370812,0.9778125,0.3,2,2,2,0,0,0,0,2048
unsw_full,naive,512,xvd_b1_unsw_full_naive_512,8002,0.833046875,0.855883574980227,0.98359375,0.3175,2,2,2,0,0,0,0,2048
unsw_full,naive,512,xvd_b1_unsw_full_naive_512,8003,0.820625,0.8462606512942582,0.9784375,0.3371875,2,2,2,0,0,0,0,2048
unsw_full,naive,512,xvd_b1_unsw_full_naive_512,8004,0.839296875,0.8598626287122506,0.9784375,0.29984375,2,2,2,0,0,0,0,2048
unsw_full,naive,512,xvd_b1_unsw_full_naive_512,8005,0.847578125,0.8664897157621406,0.98015625,0.285,2,2,2,0,0,0,0,2048
unsw_full,naive,512,xvd_b1_unsw_full_naive_512,8006,0.846328125,0.8643174702227867,0.9728125,0.28015625,2,2,2,0,0,0,0,2048
unsw_full,naive,512,xvd_b1_unsw_full_naive_512,8007,0.831484375,0.8542316269950088,0.9809375,0.31796875,2,2,2,0,0,0,0,2048
unsw_full,naive,512,xvd_b1_unsw_full_naive_512,8008,0.83515625,0.8578001086885443,0.985625,0.3153125,2,2,2,0,0,0,0,2048
unsw_full,naive,512,xvd_b1_unsw_full_naive_512,8009,0.829375,0.8527965984472327,0.9834375,0.3246875,2,2,2,0,0,0,0,2048
unsw_full,naive,512,xvd_b1_unsw_full_naive_512,8010,0.8346875,0.855788997271722,0.9759375,0.3065625,2,2,2,0,0,0,0,2048
unsw_full,naive,512,xvd_b1_unsw_full_naive_512,8011,0.8375,0.8587528372964612,0.9790625,0.3040625,2,2,2,0,0,0,0,2048
unsw_full,naive,512,xvd_b1_unsw_full_naive_512,8012,0.837265625,0.8582329630824951,0.97640625,0.301875,2,2,2,0,0,0,0,2048
unsw_full,naive,512,xvd_b1_unsw_full_naive_512,8013,0.832890625,0.8553974392971112,0.9825,0.31671875,2,2,2,0,0,0,0,2048
unsw_full,naive,512,xvd_b1_unsw_full_naive_512,8014,0.839375,0.8594694521199897,0.97765625,0.29890625,2,2,2,0,0,0,0,2048
unsw_full,naive,512,xvd_b1_unsw_full_naive_512,8015,0.82953125,0.852533201410559,0.98015625,0.32109375,2,2,2,0,0,0,0,2048
unsw_full,naive,512,xvd_b1_unsw_full_naive_512,8016,0.83421875,0.8571885669133182,0.9825,0.3140625,2,2,2,0,0,0,0,2048
unsw_full,naive,512,xvd_b1_unsw_full_naive_512,8017,0.84203125,0.8629461068907354,0.98625,0.3021875,2,2,2,0,0,0,0,2048
unsw_full,naive,512,xvd_b1_unsw_full_naive_512,8018,0.843125,0.8626560320598721,0.9759375,0.2896875,2,2,2,0,0,0,0,2048
unsw_full,naive,512,xvd_b1_unsw_full_naive_512,8019,0.838203125,0.8593323193214282,0.98375,0.30734375,2,2,2,0,0,0,0,2048
unsw_full,naive,512,xvd_b1_unsw_full_naive_512,8020,0.839765625,0.8605634761069837,0.98140625,0.301875,2,2,2,0,0,0,0,2048
unsw_full,naive,512,xvd_b1_unsw_full_naive_512,8021,0.84203125,0.8621119809074271,0.97875,0.2946875,2,2,2,0,0,0,0,2048
unsw_full,naive,512,xvd_b1_unsw_full_naive_512,8022,0.828671875,0.8522965345274224,0.9821875,0.32484375,2,2,2,0,0,0,0,2048
unsw_full,naive,512,xvd_b1_unsw_full_naive_512,8023,0.83703125,0.8588333163333748,0.98109375,0.30703125,2,2,2,0,0,0,0,2048
unsw_full,naive,512,xvd_b1_unsw_full_naive_512,8024,0.836484375,0.8572666272473424,0.9765625,0.30359375,2,2,2,0,0,0,0,2048
unsw_full,naive,512,xvd_b1_unsw_full_naive_512,8025,0.836328125,0.8571721766850768,0.97125,0.29859375,2,2,2,0,0,0,0,2048
unsw_full,naive,512,xvd_b1_unsw_full_naive_512,8026,0.838359375,0.8592357340449156,0.97921875,0.3025,3,3,3,0,0,0,0,3072
unsw_full,naive,512,xvd_b1_unsw_full_naive_512,8027,0.81953125,0.845518838308559,0.97890625,0.33984375,1,1,1,0,0,0,0,1024
unsw_full,naive,512,xvd_b1_unsw_full_naive_512,8028,0.841953125,0.8614468587846836,0.9746875,0.29078125,2,2,2,0,0,0,0,2048
unsw_full,naive,512,xvd_b1_unsw_full_naive_512,8029,0.81671875,0.8451409554702949,0.98625,0.3528125,2,2,2,0,0,0,0,2048
unsw_full,naive,512,xvd_b1_unsw_full_naive_512,8030,0.844140625,0.8633939313378701,0.9790625,0.29078125,3,3,3,0,0,0,0,3072
unsw_full,point,512,xvd_b1_unsw_full_point_512,8001,0.83890625,0.8593566998370812,0.9778125,0.3,2,2,2,0,64,64,0,2048
unsw_full,point,512,xvd_b1_unsw_full_point_512,8002,0.833046875,0.855883574980227,0.98359375,0.3175,2,2,2,0,64,64,0,2048
unsw_full,point,512,xvd_b1_unsw_full_point_512,8003,0.820625,0.8462606512942582,0.9784375,0.3371875,2,2,2,0,64,64,0,2048
unsw_full,point,512,xvd_b1_unsw_full_point_512,8004,0.839296875,0.8598626287122506,0.9784375,0.29984375,2,2,2,0,64,64,0,2048
unsw_full,point,512,xvd_b1_unsw_full_point_512,8005,0.847578125,0.8664897157621406,0.98015625,0.285,2,2,2,0,64,64,0,2048
unsw_full,point,512,xvd_b1_unsw_full_point_512,8006,0.849140625,0.8661174222680234,0.96984375,0.2715625,3,3,1,2,96,96,0,3072
unsw_full,point,512,xvd_b1_unsw_full_point_512,8007,0.841171875,0.8606311613652265,0.97453125,0.2921875,3,3,2,1,96,96,0,3072
unsw_full,point,512,xvd_b1_unsw_full_point_512,8008,0.83515625,0.8578001086885443,0.985625,0.3153125,2,2,2,0,64,64,0,2048
unsw_full,point,512,xvd_b1_unsw_full_point_512,8009,0.829375,0.8527965984472327,0.9834375,0.3246875,2,2,2,0,64,64,0,2048
unsw_full,point,512,xvd_b1_unsw_full_point_512,8010,0.829140625,0.8528612595299179,0.9815625,0.32328125,3,3,2,1,96,96,0,3072
unsw_full,point,512,xvd_b1_unsw_full_point_512,8011,0.8375,0.8587528372964612,0.9790625,0.3040625,2,2,2,0,64,64,0,2048
unsw_full,point,512,xvd_b1_unsw_full_point_512,8012,0.839140625,0.8600258958555611,0.97859375,0.3003125,3,3,2,1,96,96,0,3072
unsw_full,point,512,xvd_b1_unsw_full_point_512,8013,0.832890625,0.8553974392971112,0.9825,0.31671875,2,2,2,0,64,64,0,2048
unsw_full,point,512,xvd_b1_unsw_full_point_512,8014,0.839375,0.8594694521199897,0.97765625,0.29890625,2,2,2,0,64,64,0,2048
unsw_full,point,512,xvd_b1_unsw_full_point_512,8015,0.82953125,0.852533201410559,0.98015625,0.32109375,2,2,2,0,64,64,0,2048
unsw_full,point,512,xvd_b1_unsw_full_point_512,8016,0.828671875,0.853546124058025,0.97984375,0.3225,3,3,2,1,96,96,0,3072
unsw_full,point,512,xvd_b1_unsw_full_point_512,8017,0.83265625,0.8555693093305685,0.9825,0.3171875,3,3,2,1,96,96,0,3072
unsw_full,point,512,xvd_b1_unsw_full_point_512,8018,0.835390625,0.8571915998995752,0.98046875,0.3096875,3,3,1,2,96,96,0,3072
unsw_full,point,512,xvd_b1_unsw_full_point_512,8019,0.838203125,0.8593323193214282,0.98375,0.30734375,2,2,2,0,64,64,0,2048
unsw_full,point,512,xvd_b1_unsw_full_point_512,8020,0.839453125,0.8608150475033485,0.985,0.30609375,3,3,2,1,96,96,0,3072
unsw_full,point,512,xvd_b1_unsw_full_point_512,8021,0.833671875,0.8563199203049563,0.98609375,0.31875,3,3,2,1,96,96,0,3072
unsw_full,point,512,xvd_b1_unsw_full_point_512,8022,0.828671875,0.8522965345274224,0.9821875,0.32484375,2,2,2,0,64,64,0,2048
unsw_full,point,512,xvd_b1_unsw_full_point_512,8023,0.847421875,0.8656238800111146,0.9765625,0.28171875,4,4,2,2,128,128,0,4096
unsw_full,point,512,xvd_b1_unsw_full_point_512,8024,0.83703125,0.8577301817041136,0.97671875,0.30265625,3,3,2,1,96,96,0,3072
unsw_full,point,512,xvd_b1_unsw_full_point_512,8025,0.831875,0.8538054605761579,0.97453125,0.31078125,3,3,1,2,96,96,0,3072
unsw_full,point,512,xvd_b1_unsw_full_point_512,8026,0.838359375,0.8592357340449156,0.97921875,0.3025,3,3,3,0,96,96,0,3072
unsw_full,point,512,xvd_b1_unsw_full_point_512,8027,0.81953125,0.845518838308559,0.97890625,0.33984375,1,1,1,0,32,32,0,1024
unsw_full,point,512,xvd_b1_unsw_full_point_512,8028,0.84125,0.8607665901387368,0.97546875,0.29296875,3,3,2,1,96,96,0,3072
unsw_full,point,512,xvd_b1_unsw_full_point_512,8029,0.81671875,0.8451409554702949,0.98625,0.3528125,2,2,2,0,64,64,0,2048
unsw_full,point,512,xvd_b1_unsw_full_point_512,8030,0.840546875,0.8614254580157489,0.98265625,0.3015625,3,3,2,1,96,96,0,3072
unsw_full,strict,512,xvd_b1_unsw_full_strict_512,8001,0.8234375,0.8483115723222713,0.98203125,0.33515625,3,3,1,2,96,96,0,3072
unsw_full,strict,512,xvd_b1_unsw_full_strict_512,8002,0.835390625,0.8568154185684175,0.97921875,0.3084375,3,3,2,1,96,96,0,3072
unsw_full,strict,512,xvd_b1_unsw_full_strict_512,8003,0.833828125,0.8551094497413928,0.97390625,0.30625,4,4,1,3,128,128,0,4096
unsw_full,strict,512,xvd_b1_unsw_full_strict_512,8004,0.839296875,0.8598626287122506,0.9784375,0.29984375,2,2,2,0,64,64,0,2048
unsw_full,strict,512,xvd_b1_unsw_full_strict_512,8005,0.847578125,0.8664897157621406,0.98015625,0.285,2,2,2,0,64,64,0,2048
unsw_full,strict,512,xvd_b1_unsw_full_strict_512,8006,0.849140625,0.8661174222680234,0.96984375,0.2715625,3,3,1,2,96,96,0,3072
unsw_full,strict,512,xvd_b1_unsw_full_strict_512,8007,0.841171875,0.8606311613652265,0.97453125,0.2921875,3,3,2,1,96,96,0,3072
unsw_full,strict,512,xvd_b1_unsw_full_strict_512,8008,0.833984375,0.8566338703239071,0.98359375,0.315625,3,3,2,1,96,96,0,3072
unsw_full,strict,512,xvd_b1_unsw_full_strict_512,8009,0.829375,0.8527965984472327,0.9834375,0.3246875,2,2,2,0,64,64,0,2048
unsw_full,strict,512,xvd_b1_unsw_full_strict_512,8010,0.8225,0.8485977889131182,0.9840625,0.3390625,6,6,1,5,192,192,0,6144
unsw_full,strict,512,xvd_b1_unsw_full_strict_512,8011,0.82609375,0.8506230330815042,0.98421875,0.33203125,2,2,1,1,64,64,0,2048
unsw_full,strict,512,xvd_b1_unsw_full_strict_512,8012,0.839140625,0.8600258958555611,0.97859375,0.3003125,3,3,2,1,96,96,0,3072
unsw_full,strict,512,xvd_b1_unsw_full_strict_512,8013,0.835390625,0.8573651021002776,0.98,0.30921875,5,5,1,4,160,160,0,5120
unsw_full,strict,512,xvd_b1_unsw_full_strict_512,8014,0.839375,0.8594694521199897,0.97765625,0.29890625,2,2,2,0,64,64,0,2048
unsw_full,strict,512,xvd_b1_unsw_full_strict_512,8015,0.839453125,0.8600301496739892,0.9821875,0.30328125,3,3,2,1,96,96,0,3072
unsw_full,strict,512,xvd_b1_unsw_full_strict_512,8016,0.82515625,0.8509431906453375,0.9878125,0.3375,3,3,1,2,96,96,0,3072
unsw_full,strict,512,xvd_b1_unsw_full_strict_512,8017,0.8409375,0.8612754230663573,0.98078125,0.29890625,5,5,1,4,160,160,0,5120
unsw_full,strict,512,xvd_b1_unsw_full_strict_512,8018,0.835390625,0.8571915998995752,0.98046875,0.3096875,3,3,1,2,96,96,0,3072
unsw_full,strict,512,xvd_b1_unsw_full_strict_512,8019,0.832109375,0.8553166139887942,0.986875,0.32265625,3,3,2,1,96,96,0,3072
unsw_full,strict,512,xvd_b1_unsw_full_strict_512,8020,0.82984375,0.8539300405763227,0.9878125,0.328125,4,4,2,2,128,128,0,4096
unsw_full,strict,512,xvd_b1_unsw_full_strict_512,8021,0.827734375,0.8523846648697616,0.9884375,0.33296875,4,4,1,3,128,128,0,4096
unsw_full,strict,512,xvd_b1_unsw_full_strict_512,8022,0.828671875,0.8522965345274224,0.9821875,0.32484375,2,2,2,0,64,64,0,2048
unsw_full,strict,512,xvd_b1_unsw_full_strict_512,8023,0.841875,0.861834107775906,0.9784375,0.2946875,6,6,1,5,192,192,0,6144
unsw_full,strict,512,xvd_b1_unsw_full_strict_512,8024,0.838046875,0.8580144108356097,0.97375,0.29765625,3,3,1,2,96,96,0,3072
unsw_full,strict,512,xvd_b1_unsw_full_strict_512,8025,0.831875,0.8538054605761579,0.97453125,0.31078125,3,3,1,2,96,96,0,3072
unsw_full,strict,512,xvd_b1_unsw_full_strict_512,8026,0.83015625,0.8541559134293482,0.98484375,0.32453125,4,4,2,2,128,128,0,4096
unsw_full,strict,512,xvd_b1_unsw_full_strict_512,8027,0.82453125,0.8491568010398209,0.98,0.3309375,2,2,1,1,64,64,0,2048
unsw_full,strict,512,xvd_b1_unsw_full_strict_512,8028,0.84125,0.8607665901387368,0.97546875,0.29296875,3,3,2,1,96,96,0,3072
unsw_full,strict,512,xvd_b1_unsw_full_strict_512,8029,0.8246875,0.8508550319201327,0.9909375,0.3415625,4,4,1,3,128,128,0,4096
unsw_full,strict,512,xvd_b1_unsw_full_strict_512,8030,0.840546875,0.8614254580157489,0.98265625,0.3015625,3,3,2,1,96,96,0,3072
unsw_full,atc,512,xvd_b1_unsw_full_atc_512,8001,0.83890625,0.8593566998370812,0.9778125,0.3,2,2,2,0,0,0,0,2048
unsw_full,atc,512,xvd_b1_unsw_full_atc_512,8002,0.822421875,0.8486957787208695,0.985,0.34015625,6,6,1,5,0,0,0,6144
unsw_full,atc,512,xvd_b1_unsw_full_atc_512,8003,0.8403125,0.8598605787199368,0.97046875,0.28984375,4,4,2,2,0,0,0,4096
unsw_full,atc,512,xvd_b1_unsw_full_atc_512,8004,0.832734375,0.855338472361439,0.9809375,0.31546875,4,4,1,3,0,0,0,4096
unsw_full,atc,512,xvd_b1_unsw_full_atc_512,8005,0.8396875,0.8604079552235588,0.9796875,0.3003125,4,4,1,3,0,0,0,4096
unsw_full,atc,512,xvd_b1_unsw_full_atc_512,8006,0.849140625,0.8661174222680234,0.96984375,0.2715625,3,3,1,2,0,0,0,3072
unsw_full,atc,512,xvd_b1_unsw_full_atc_512,8007,0.826015625,0.8504981074012612,0.9815625,0.32953125,4,4,2,2,0,0,0,4096
unsw_full,atc,512,xvd_b1_unsw_full_atc_512,8008,0.816796875,0.8454910223806016,0.99078125,0.3571875,6,6,1,5,0,0,0,6144
unsw_full,atc,512,xvd_b1_unsw_full_atc_512,8009,0.828046875,0.8525273380740098,0.98765625,0.3315625,3,3,1,2,0,0,0,3072
unsw_full,atc,512,xvd_b1_unsw_full_atc_512,8010,0.8225,0.8485977889131182,0.9840625,0.3390625,6,6,1,5,0,0,0,6144
unsw_full,atc,512,xvd_b1_unsw_full_atc_512,8011,0.828359375,0.8527075279095243,0.985,0.32828125,5,5,1,4,0,0,0,5120
unsw_full,atc,512,xvd_b1_unsw_full_atc_512,8012,0.84,0.8595574227143967,0.9728125,0.2928125,4,4,1,3,0,0,0,4096
unsw_full,atc,512,xvd_b1_unsw_full_atc_512,8013,0.835390625,0.8573651021002776,0.98,0.30921875,5,5,1,4,0,0,0,5120
unsw_full,atc,512,xvd_b1_unsw_full_atc_512,8014,0.839375,0.8594694521199897,0.97765625,0.29890625,2,2,2,0,0,0,0,2048
unsw_full,atc,512,xvd_b1_unsw_full_atc_512,8015,0.83515625,0.8573995341273691,0.98359375,0.31328125,3,3,2,1,0,0,0,3072
unsw_full,atc,512,xvd_b1_unsw_full_atc_512,8016,0.84390625,0.8640399635583718,0.98328125,0.29546875,4,4,1,3,0,0,0,4096
unsw_full,atc,512,xvd_b1_unsw_full_atc_512,8017,0.8409375,0.8617134579383884,0.9834375,0.3015625,3,3,2,1,0,0,0,3072
unsw_full,atc,512,xvd_b1_unsw_full_atc_512,8018,0.84046875,0.8602391960905542,0.97453125,0.29359375,5,5,1,4,0,0,0,5120
unsw_full,atc,512,xvd_b1_unsw_full_atc_512,8019,0.828125,0.853269024184311,0.990625,0.334375,4,4,1,3,0,0,0,4096
unsw_full,atc,512,xvd_b1_unsw_full_atc_512,8020,0.839453125,0.8608150475033485,0.985,0.30609375,3,3,2,1,0,0,0,3072
unsw_full,atc,512,xvd_b1_unsw_full_atc_512,8021,0.827734375,0.8523846648697616,0.9884375,0.33296875,4,4,1,3,0,0,0,4096
unsw_full,atc,512,xvd_b1_unsw_full_atc_512,8022,0.83328125,0.8562227428231306,0.985,0.3184375,4,4,2,2,0,0,0,4096
unsw_full,atc,512,xvd_b1_unsw_full_atc_512,8023,0.83046875,0.8539534857854654,0.97921875,0.31828125,4,4,2,2,0,0,0,4096
unsw_full,atc,512,xvd_b1_unsw_full_atc_512,8024,0.836484375,0.8572666272473424,0.9765625,0.30359375,2,2,2,0,0,0,0,2048
unsw_full,atc,512,xvd_b1_unsw_full_atc_512,8025,0.836328125,0.8571721766850768,0.97125,0.29859375,2,2,2,0,0,0,0,2048
unsw_full,atc,512,xvd_b1_unsw_full_atc_512,8026,0.838359375,0.8592357340449156,0.97921875,0.3025,3,3,3,0,0,0,0,3072
unsw_full,atc,512,xvd_b1_unsw_full_atc_512,8027,0.83125,0.8541447618659066,0.980625,0.318125,3,3,1,2,0,0,0,3072
unsw_full,atc,512,xvd_b1_unsw_full_atc_512,8028,0.839765625,0.8599467948030961,0.97546875,0.2959375,5,5,1,4,0,0,0,5120
unsw_full,atc,512,xvd_b1_unsw_full_atc_512,8029,0.831171875,0.85455119323846,0.9828125,0.32046875,4,4,2,2,0,0,0,4096
unsw_full,atc,512,xvd_b1_unsw_full_atc_512,8030,0.840546875,0.8614254580157489,0.98265625,0.3015625,3,3,2,1,0,0,0,3072
unsw_full,doc,512,xvd_b1_unsw_full_doc_512,8001,0.800390625,0.8340938346116298,0.99390625,0.393125,6,6,0,6,0,0,0,6144
unsw_full,doc,512,xvd_b1_unsw_full_doc_512,8002,0.822421875,0.8486957787208695,0.985,0.34015625,6,6,1,5,0,0,0,6144
unsw_full,doc,512,xvd_b1_unsw_full_doc_512,8003,0.835,0.8553441373008808,0.96734375,0.29734375,6,6,1,5,0,0,0,6144
unsw_full,doc,512,xvd_b1_unsw_full_doc_512,8004,0.816953125,0.8449099033398677,0.98578125,0.351875,6,6,1,5,0,0,0,6144
unsw_full,doc,512,xvd_b1_unsw_full_doc_512,8005,0.8396875,0.8604079552235588,0.9796875,0.3003125,4,4,1,3,0,0,0,4096
unsw_full,doc,512,xvd_b1_unsw_full_doc_512,8006,0.84578125,0.863147074662992,0.96453125,0.27296875,4,4,1,3,0,0,0,4096
unsw_full,doc,512,xvd_b1_unsw_full_doc_512,8007,0.818203125,0.8458586947187504,0.9859375,0.34953125,8,8,0,8,0,0,0,8192
unsw_full,doc,512,xvd_b1_unsw_full_doc_512,8008,0.8059375,0.8379164779913725,0.99296875,0.38109375,6,6,0,6,0,0,0,6144
unsw_full,doc,512,xvd_b1_unsw_full_doc_512,8009,0.828046875,0.8525273380740098,0.98765625,0.3315625,3,3,1,2,0,0,0,3072
unsw_full,doc,512,xvd_b1_unsw_full_doc_512,8010,0.8225,0.8485977889131182,0.9840625,0.3390625,6,6,1,5,0,0,0,6144
unsw_full,doc,512,xvd_b1_unsw_full_doc_512,8011,0.82171875,0.8484255093651422,0.98578125,0.34234375,6,6,1,5,0,0,0,6144
unsw_full,doc,512,xvd_b1_unsw_full_doc_512,8012,0.8425,0.861811958852453,0.9728125,0.2878125,5,5,1,4,0,0,0,5120
unsw_full,doc,512,xvd_b1_unsw_full_doc_512,8013,0.835390625,0.8573651021002776,0.98,0.30921875,5,5,1,4,0,0,0,5120
unsw_full,doc,512,xvd_b1_unsw_full_doc_512,8014,0.815625,0.8435366720773473,0.98328125,0.35203125,7,7,1,6,0,0,0,7168
unsw_full,doc,512,xvd_b1_unsw_full_doc_512,8015,0.83484375,0.8570998402982275,0.9853125,0.315625,4,4,1,3,0,0,0,4096
unsw_full,doc,512,xvd_b1_unsw_full_doc_512,8016,0.83078125,0.854884402466463,0.9815625,0.32,6,6,1,5,0,0,0,6144
unsw_full,doc,512,xvd_b1_unsw_full_doc_512,8017,0.8296875,0.8536035319314529,0.9840625,0.3246875,7,7,1,6,0,0,0,7168
unsw_full,doc,512,xvd_b1_unsw_full_doc_512,8018,0.834140625,0.8555840900509095,0.97296875,0.3046875,6,6,1,5,0,0,0,6144
unsw_full,doc,512,xvd_b1_unsw_full_doc_512,8019,0.81640625,0.8444350626416783,0.9878125,0.355,5,5,1,4,0,0,0,5120
unsw_full,doc,512,xvd_b1_unsw_full_doc_512,8020,0.831796875,0.8556870122204674,0.98796875,0.324375,4,4,1,3,0,0,0,4096
unsw_full,doc,512,xvd_b1_unsw_full_doc_512,8021,0.8334375,0.856608925335689,0.98375,0.316875,5,5,1,4,0,0,0,5120
unsw_full,doc,512,xvd_b1_unsw_full_doc_512,8022,0.818125,0.8459502571506228,0.9865625,0.3503125,6,6,1,5,0,0,0,6144
unsw_full,doc,512,xvd_b1_unsw_full_doc_512,8023,0.842265625,0.8621115631687295,0.9809375,0.29640625,5,5,2,3,0,0,0,5120
unsw_full,doc,512,xvd_b1_unsw_full_doc_512,8024,0.829296875,0.852128619979004,0.97265625,0.3140625,5,5,1,4,0,0,0,5120
unsw_full,doc,512,xvd_b1_unsw_full_doc_512,8025,0.828046875,0.8504493921467713,0.96984375,0.31375,7,7,0,7,0,0,0,7168
unsw_full,doc,512,xvd_b1_unsw_full_doc_512,8026,0.841484375,0.8620562419234972,0.983125,0.30015625,6,6,2,4,0,0,0,6144
unsw_full,doc,512,xvd_b1_unsw_full_doc_512,8027,0.819296875,0.8461483126004009,0.9825,0.34390625,5,5,1,4,0,0,0,5120
unsw_full,doc,512,xvd_b1_unsw_full_doc_512,8028,0.83109375,0.8540510508675512,0.97703125,0.31484375,6,6,1,5,0,0,0,6144
unsw_full,doc,512,xvd_b1_unsw_full_doc_512,8029,0.81953125,0.8478181107544129,0.9915625,0.3525,5,5,1,4,0,0,0,5120
unsw_full,doc,512,xvd_b1_unsw_full_doc_512,8030,0.82453125,0.8504233146524133,0.98328125,0.33421875,5,5,1,4,0,0,0,5120
unsw_full,enscal,512,xvd_b1_unsw_full_enscal_512,8001,0.836015625,0.8572198086868936,0.97875,0.30671875,2,2,2,0,0,0,0,2048
unsw_full,enscal,512,xvd_b1_unsw_full_enscal_512,8002,0.83421875,0.8559432127198058,0.979375,0.3109375,2,2,2,0,0,0,0,2048
unsw_full,enscal,512,xvd_b1_unsw_full_enscal_512,8003,0.83015625,0.8514013058837193,0.96578125,0.30546875,2,2,2,0,0,0,0,2048
unsw_full,enscal,512,xvd_b1_unsw_full_enscal_512,8004,0.836484375,0.8576743715539092,0.97796875,0.305,2,2,2,0,0,0,0,2048
unsw_full,enscal,512,xvd_b1_unsw_full_enscal_512,8005,0.846484375,0.8643139464796015,0.97203125,0.2790625,2,2,2,0,0,0,0,2048
unsw_full,enscal,512,xvd_b1_unsw_full_enscal_512,8006,0.849921875,0.8665949816751548,0.96921875,0.269375,2,2,2,0,0,0,0,2048
unsw_full,enscal,512,xvd_b1_unsw_full_enscal_512,8007,0.833125,0.8545686823099656,0.97390625,0.30765625,2,2,2,0,0,0,0,2048
unsw_full,enscal,512,xvd_b1_unsw_full_enscal_512,8008,0.836328125,0.8581864543024151,0.98453125,0.311875,2,2,2,0,0,0,0,2048
unsw_full,enscal,512,xvd_b1_unsw_full_enscal_512,8009,0.823515625,0.8486932545165375,0.984375,0.33734375,2,2,2,0,0,0,0,2048
unsw_full,enscal,512,xvd_b1_unsw_full_enscal_512,8010,0.836796875,0.8565009147365683,0.97,0.29640625,2,2,2,0,0,0,0,2048
unsw_full,enscal,512,xvd_b1_unsw_full_enscal_512,8011,0.842578125,0.862399724138832,0.97953125,0.294375,2,2,2,0,0,0,0,2048
unsw_full,enscal,512,xvd_b1_unsw_full_enscal_512,8012,0.84359375,0.8617765519165148,0.96953125,0.28234375,2,2,2,0,0,0,0,2048
unsw_full,enscal,512,xvd_b1_unsw_full_enscal_512,8013,0.834609375,0.8554421692856359,0.97328125,0.3040625,2,2,2,0,0,0,0,2048
unsw_full,enscal,512,xvd_b1_unsw_full_enscal_512,8014,0.83546875,0.8559227347325582,0.9728125,0.301875,2,2,2,0,0,0,0,2048
unsw_full,enscal,512,xvd_b1_unsw_full_enscal_512,8015,0.83625,0.8568199225950852,0.97515625,0.30265625,2,2,2,0,0,0,0,2048
unsw_full,enscal,512,xvd_b1_unsw_full_enscal_512,8016,0.84078125,0.8610986855013681,0.97890625,0.29734375,2,2,2,0,0,0,0,2048
unsw_full,enscal,512,xvd_b1_unsw_full_enscal_512,8017,0.840390625,0.8603564518671162,0.97703125,0.29625,2,2,2,0,0,0,0,2048
unsw_full,enscal,512,xvd_b1_unsw_full_enscal_512,8018,0.8440625,0.8621575638266415,0.969375,0.28125,2,2,2,0,0,0,0,2048
unsw_full,enscal,512,xvd_b1_unsw_full_enscal_512,8019,0.83578125,0.8571489207042324,0.98078125,0.30921875,2,2,2,0,0,0,0,2048
unsw_full,enscal,512,xvd_b1_unsw_full_enscal_512,8020,0.83609375,0.8574499135730848,0.979375,0.3071875,2,2,2,0,0,0,0,2048
unsw_full,enscal,512,xvd_b1_unsw_full_enscal_512,8021,0.842890625,0.8625201283161846,0.9796875,0.29390625,2,2,2,0,0,0,0,2048
unsw_full,enscal,512,xvd_b1_unsw_full_enscal_512,8022,0.83125,0.8538381781293376,0.97953125,0.31703125,2,2,2,0,0,0,0,2048
unsw_full,enscal,512,xvd_b1_unsw_full_enscal_512,8023,0.843515625,0.8622006618515478,0.9728125,0.28578125,2,2,2,0,0,0,0,2048
unsw_full,enscal,512,xvd_b1_unsw_full_enscal_512,8024,0.832265625,0.8531035966901365,0.96890625,0.304375,2,2,2,0,0,0,0,2048
unsw_full,enscal,512,xvd_b1_unsw_full_enscal_512,8025,0.844609375,0.862604512458144,0.9684375,0.27921875,2,2,2,0,0,0,0,2048
unsw_full,enscal,512,xvd_b1_unsw_full_enscal_512,8026,0.839765625,0.859226856674153,0.9721875,0.29265625,3,3,3,0,0,0,0,3072
unsw_full,enscal,512,xvd_b1_unsw_full_enscal_512,8027,0.82359375,0.8476464890367533,0.9740625,0.326875,1,1,1,0,0,0,0,1024
unsw_full,enscal,512,xvd_b1_unsw_full_enscal_512,8028,0.8403125,0.8592469049639471,0.96921875,0.28859375,2,2,2,0,0,0,0,2048
unsw_full,enscal,512,xvd_b1_unsw_full_enscal_512,8029,0.82421875,0.8495541207602787,0.983125,0.3346875,2,2,2,0,0,0,0,2048
unsw_full,enscal,512,xvd_b1_unsw_full_enscal_512,8030,0.845859375,0.8645748163787118,0.97890625,0.2871875,3,3,3,0,0,0,0,3072
ton_full,never,n/a,xvd_b1_ton_full_never,8001,0.847734375,0.866275962087854,,,0,0,0,0,0,0,0,0
ton_full,never,n/a,xvd_b1_ton_full_never,8002,0.84734375,0.8654528266093031,,,0,0,0,0,0,0,0,0
ton_full,never,n/a,xvd_b1_ton_full_never,8003,0.8484375,0.8667572816910608,,,0,0,0,0,0,0,0,0
ton_full,never,n/a,xvd_b1_ton_full_never,8004,0.8253125,0.8428930029551441,,,0,0,0,0,0,0,0,0
ton_full,never,n/a,xvd_b1_ton_full_never,8005,0.834140625,0.8528351738609341,,,0,0,0,0,0,0,0,0
ton_full,never,n/a,xvd_b1_ton_full_never,8006,0.84703125,0.8647529865592496,,,0,0,0,0,0,0,0,0
ton_full,never,n/a,xvd_b1_ton_full_never,8007,0.831640625,0.8507113509457604,,,0,0,0,0,0,0,0,0
ton_full,never,n/a,xvd_b1_ton_full_never,8008,0.74,0.7428755287311248,,,0,0,0,0,0,0,0,0
ton_full,never,n/a,xvd_b1_ton_full_never,8009,0.843359375,0.8604755651541276,,,0,0,0,0,0,0,0,0
ton_full,never,n/a,xvd_b1_ton_full_never,8010,0.6509375,0.614080019253556,,,0,0,0,0,0,0,0,0
ton_full,never,n/a,xvd_b1_ton_full_never,8011,0.6328125,0.5780830808164837,,,0,0,0,0,0,0,0,0
ton_full,never,n/a,xvd_b1_ton_full_never,8012,0.850859375,0.8680641797807702,,,0,0,0,0,0,0,0,0
ton_full,never,n/a,xvd_b1_ton_full_never,8013,0.846484375,0.864632036302632,,,0,0,0,0,0,0,0,0
ton_full,never,n/a,xvd_b1_ton_full_never,8014,0.64609375,0.600696472696239,,,0,0,0,0,0,0,0,0
ton_full,never,n/a,xvd_b1_ton_full_never,8015,0.841875,0.8613981977150189,,,0,0,0,0,0,0,0,0
ton_full,never,n/a,xvd_b1_ton_full_never,8016,0.8090625,0.8244177165326785,,,0,0,0,0,0,0,0,0
ton_full,never,n/a,xvd_b1_ton_full_never,8017,0.846796875,0.8656072057718667,,,0,0,0,0,0,0,0,0
ton_full,never,n/a,xvd_b1_ton_full_never,8018,0.813828125,0.8301234579537825,,,0,0,0,0,0,0,0,0
ton_full,never,n/a,xvd_b1_ton_full_never,8019,0.84203125,0.8614779988102783,,,0,0,0,0,0,0,0,0
ton_full,never,n/a,xvd_b1_ton_full_never,8020,0.697265625,0.6176515136035396,,,0,0,0,0,0,0,0,0
ton_full,never,n/a,xvd_b1_ton_full_never,8021,0.845546875,0.8632776424531734,,,0,0,0,0,0,0,0,0
ton_full,never,n/a,xvd_b1_ton_full_never,8022,0.85171875,0.8692964471403919,,,0,0,0,0,0,0,0,0
ton_full,never,n/a,xvd_b1_ton_full_never,8023,0.84421875,0.8632996930324782,,,0,0,0,0,0,0,0,0
ton_full,never,n/a,xvd_b1_ton_full_never,8024,0.84328125,0.862329338754186,,,0,0,0,0,0,0,0,0
ton_full,never,n/a,xvd_b1_ton_full_never,8025,0.8475,0.8656520328807455,,,0,0,0,0,0,0,0,0
ton_full,never,n/a,xvd_b1_ton_full_never,8026,0.848046875,0.8663560470585081,,,0,0,0,0,0,0,0,0
ton_full,never,n/a,xvd_b1_ton_full_never,8027,0.847265625,0.8655454411455579,,,0,0,0,0,0,0,0,0
ton_full,never,n/a,xvd_b1_ton_full_never,8028,0.852421875,0.869355177306807,,,0,0,0,0,0,0,0,0
ton_full,never,n/a,xvd_b1_ton_full_never,8029,0.844375,0.8623716106788375,,,0,0,0,0,0,0,0,0
ton_full,never,n/a,xvd_b1_ton_full_never,8030,0.8515625,0.869157582726853,,,0,0,0,0,0,0,0,0
ton_full,naive,2000,xvd_b1_ton_full_naive_2000,8001,0.84609375,0.8645984546634341,0.97875,0.2865625,2,2,2,0,0,0,0,8000
ton_full,naive,2000,xvd_b1_ton_full_naive_2000,8002,0.8496875,0.8676647497007416,0.98140625,0.28203125,2,2,2,0,0,0,0,8000
ton_full,naive,2000,xvd_b1_ton_full_naive_2000,8003,0.848515625,0.866817744610286,0.98109375,0.2840625,1,1,1,0,0,0,0,4000
ton_full,naive,2000,xvd_b1_ton_full_naive_2000,8004,0.842734375,0.8609133953796884,0.97015625,0.2846875,2,2,2,0,0,0,0,8000
ton_full,naive,2000,xvd_b1_ton_full_naive_2000,8005,0.84453125,0.8631500078473223,0.97609375,0.28703125,2,2,2,0,0,0,0,8000
ton_full,naive,2000,xvd_b1_ton_full_naive_2000,8006,0.846328125,0.8640241661837577,0.97359375,0.2809375,1,1,1,0,0,0,0,4000
ton_full,naive,2000,xvd_b1_ton_full_naive_2000,8007,0.84515625,0.8641762599291322,0.9815625,0.29125,3,3,3,0,0,0,0,12000
ton_full,naive,2000,xvd_b1_ton_full_naive_2000,8008,0.8390625,0.8544752667495499,0.94140625,0.26328125,3,3,3,0,0,0,0,12000
ton_full,naive,2000,xvd_b1_ton_full_naive_2000,8009,0.8525,0.8695273831621917,0.98015625,0.27515625,2,2,2,0,0,0,0,8000
ton_full,naive,2000,xvd_b1_ton_full_naive_2000,8010,0.81921875,0.8347624238641955,0.92453125,0.28609375,2,2,2,0,0,0,0,8000
ton_full,naive,2000,xvd_b1_ton_full_naive_2000,8011,0.821875,0.8366201890921716,0.925,0.28125,3,3,3,0,0,0,0,12000
ton_full,naive,2000,xvd_b1_ton_full_naive_2000,8012,0.85078125,0.868012235057844,0.97828125,0.27671875,2,2,2,0,0,0,0,8000
ton_full,naive,2000,xvd_b1_ton_full_naive_2000,8013,0.846796875,0.8645712533691657,0.9753125,0.28171875,2,2,2,0,0,0,0,8000
ton_full,naive,2000,xvd_b1_ton_full_naive_2000,8014,0.82,0.833914210353051,0.9178125,0.2778125,2,2,2,0,0,0,0,8000
ton_full,naive,2000,xvd_b1_ton_full_naive_2000,8015,0.84390625,0.8629401075786427,0.97984375,0.29203125,3,3,3,0,0,0,0,12000
ton_full,naive,2000,xvd_b1_ton_full_naive_2000,8016,0.84125,0.8585372966005419,0.960625,0.278125,2,2,2,0,0,0,0,8000
ton_full,naive,2000,xvd_b1_ton_full_naive_2000,8017,0.844296875,0.8634950484851409,0.98109375,0.2925,3,3,3,0,0,0,0,12000
ton_full,naive,2000,xvd_b1_ton_full_naive_2000,8018,0.85140625,0.8676846712454243,0.96125,0.2584375,3,3,3,0,0,0,0,12000
ton_full,naive,2000,xvd_b1_ton_full_naive_2000,8019,0.842734375,0.8619999632391536,0.97890625,0.2934375,2,2,2,0,0,0,0,8000
ton_full,naive,2000,xvd_b1_ton_full_naive_2000,8020,0.841328125,0.8493855293444322,0.91328125,0.230625,2,2,2,0,0,0,0,8000
ton_full,naive,2000,xvd_b1_ton_full_naive_2000,8021,0.8496875,0.8674347132673291,0.98078125,0.28140625,2,2,2,0,0,0,0,8000
ton_full,naive,2000,xvd_b1_ton_full_naive_2000,8022,0.850390625,0.8679922606187374,0.9796875,0.27890625,3,3,3,0,0,0,0,12000
ton_full,naive,2000,xvd_b1_ton_full_naive_2000,8023,0.844453125,0.8633396362472451,0.9778125,0.28890625,2,2,2,0,0,0,0,8000
ton_full,naive,2000,xvd_b1_ton_full_naive_2000,8024,0.8703125,0.8860807683984282,0.9796875,0.2390625,3,3,3,0,0,0,0,12000
ton_full,naive,2000,xvd_b1_ton_full_naive_2000,8025,0.846796875,0.8648301811355867,0.9775,0.28390625,2,2,2,0,0,0,0,8000
ton_full,naive,2000,xvd_b1_ton_full_naive_2000,8026,0.846796875,0.8650820905307672,0.98,0.28640625,1,1,1,0,0,0,0,4000
ton_full,naive,2000,xvd_b1_ton_full_naive_2000,8027,0.85859375,0.8750302442114142,0.98046875,0.26328125,2,2,2,0,0,0,0,8000
ton_full,naive,2000,xvd_b1_ton_full_naive_2000,8028,0.85234375,0.8692036998917354,0.97703125,0.27234375,3,3,3,0,0,0,0,12000
ton_full,naive,2000,xvd_b1_ton_full_naive_2000,8029,0.849609375,0.8675095443875206,0.97953125,0.2803125,2,2,2,0,0,0,0,8000
ton_full,naive,2000,xvd_b1_ton_full_naive_2000,8030,0.852109375,0.8697243495675923,0.98359375,0.279375,1,1,1,0,0,0,0,4000
ton_full,point,2000,xvd_b1_ton_full_point_2000,8001,0.84609375,0.8645984546634341,0.97875,0.2865625,2,2,2,0,64,64,0,8000
ton_full,point,2000,xvd_b1_ton_full_point_2000,8002,0.8496875,0.8676647497007416,0.98140625,0.28203125,2,2,2,0,64,64,0,8000
ton_full,point,2000,xvd_b1_ton_full_point_2000,8003,0.848515625,0.866817744610286,0.98109375,0.2840625,1,1,1,0,32,32,0,4000
ton_full,point,2000,xvd_b1_ton_full_point_2000,8004,0.842734375,0.8609133953796884,0.97015625,0.2846875,2,2,2,0,64,64,0,8000
ton_full,point,2000,xvd_b1_ton_full_point_2000,8005,0.84453125,0.8631500078473223,0.97609375,0.28703125,2,2,2,0,64,64,0,8000
ton_full,point,2000,xvd_b1_ton_full_point_2000,8006,0.846328125,0.8640241661837577,0.97359375,0.2809375,1,1,1,0,32,32,0,4000
ton_full,point,2000,xvd_b1_ton_full_point_2000,8007,0.845,0.8638672348940665,0.98015625,0.29015625,4,4,3,1,128,128,0,16000
ton_full,point,2000,xvd_b1_ton_full_point_2000,8008,0.829375,0.8461599407643654,0.94234375,0.28359375,3,3,2,1,96,96,0,12000
ton_full,point,2000,xvd_b1_ton_full_point_2000,8009,0.8525,0.8695273831621917,0.98015625,0.27515625,2,2,2,0,64,64,0,8000
ton_full,point,2000,xvd_b1_ton_full_point_2000,8010,0.81921875,0.8347624238641955,0.92453125,0.28609375,2,2,2,0,64,64,0,8000
ton_full,point,2000,xvd_b1_ton_full_point_2000,8011,0.821875,0.8366201890921716,0.925,0.28125,3,3,3,0,96,96,0,12000
ton_full,point,2000,xvd_b1_ton_full_point_2000,8012,0.85078125,0.868012235057844,0.97828125,0.27671875,2,2,2,0,64,64,0,8000
ton_full,point,2000,xvd_b1_ton_full_point_2000,8013,0.846796875,0.8645712533691657,0.9753125,0.28171875,2,2,2,0,64,64,0,8000
ton_full,point,2000,xvd_b1_ton_full_point_2000,8014,0.82,0.833914210353051,0.9178125,0.2778125,2,2,2,0,64,64,0,8000
ton_full,point,2000,xvd_b1_ton_full_point_2000,8015,0.84390625,0.8629401075786427,0.97984375,0.29203125,3,3,3,0,96,96,0,12000
ton_full,point,2000,xvd_b1_ton_full_point_2000,8016,0.84125,0.8585372966005419,0.960625,0.278125,2,2,2,0,64,64,0,8000
ton_full,point,2000,xvd_b1_ton_full_point_2000,8017,0.844296875,0.8634950484851409,0.98109375,0.2925,3,3,3,0,96,96,0,12000
ton_full,point,2000,xvd_b1_ton_full_point_2000,8018,0.85140625,0.8676846712454243,0.96125,0.2584375,3,3,3,0,96,96,0,12000
ton_full,point,2000,xvd_b1_ton_full_point_2000,8019,0.842734375,0.8619999632391536,0.97890625,0.2934375,2,2,2,0,64,64,0,8000
ton_full,point,2000,xvd_b1_ton_full_point_2000,8020,0.841328125,0.8493855293444322,0.91328125,0.230625,2,2,2,0,64,64,0,8000
ton_full,point,2000,xvd_b1_ton_full_point_2000,8021,0.8496875,0.8674347132673291,0.98078125,0.28140625,2,2,2,0,64,64,0,8000
ton_full,point,2000,xvd_b1_ton_full_point_2000,8022,0.850390625,0.8679922606187374,0.9796875,0.27890625,3,3,3,0,96,96,0,12000
ton_full,point,2000,xvd_b1_ton_full_point_2000,8023,0.844453125,0.8633396362472451,0.9778125,0.28890625,2,2,2,0,64,64,0,8000
ton_full,point,2000,xvd_b1_ton_full_point_2000,8024,0.84421875,0.8631979639512197,0.97921875,0.29078125,3,3,2,1,96,96,0,12000
ton_full,point,2000,xvd_b1_ton_full_point_2000,8025,0.846796875,0.8648301811355867,0.9775,0.28390625,2,2,2,0,64,64,0,8000
ton_full,point,2000,xvd_b1_ton_full_point_2000,8026,0.846796875,0.8650820905307672,0.98,0.28640625,1,1,1,0,32,32,0,4000
ton_full,point,2000,xvd_b1_ton_full_point_2000,8027,0.85859375,0.8750302442114142,0.98046875,0.26328125,2,2,2,0,64,64,0,8000
ton_full,point,2000,xvd_b1_ton_full_point_2000,8028,0.85234375,0.8692036998917354,0.97703125,0.27234375,3,3,3,0,96,96,0,12000
ton_full,point,2000,xvd_b1_ton_full_point_2000,8029,0.849609375,0.8675095443875206,0.97953125,0.2803125,2,2,2,0,64,64,0,8000
ton_full,point,2000,xvd_b1_ton_full_point_2000,8030,0.852109375,0.8697243495675923,0.98359375,0.279375,1,1,1,0,32,32,0,4000
ton_full,strict,2000,xvd_b1_ton_full_strict_2000,8001,0.8478125,0.8662121979453582,0.98109375,0.28546875,5,5,1,4,160,160,0,20000
ton_full,strict,2000,xvd_b1_ton_full_strict_2000,8002,0.84734375,0.8654528266093031,0.9778125,0.283125,6,6,0,6,192,192,0,24000
ton_full,strict,2000,xvd_b1_ton_full_strict_2000,8003,0.848203125,0.8664659993047273,0.98015625,0.28375,4,4,1,3,128,128,0,16000
ton_full,strict,2000,xvd_b1_ton_full_strict_2000,8004,0.84125,0.8599296841254032,0.97140625,0.28890625,5,5,1,4,160,160,0,20000
ton_full,strict,2000,xvd_b1_ton_full_strict_2000,8005,0.850703125,0.8681862878132631,0.97125,0.26984375,3,3,2,1,96,96,0,12000
ton_full,strict,2000,xvd_b1_ton_full_strict_2000,8006,0.847421875,0.8650031079857541,0.97484375,0.28,6,6,1,5,192,192,0,24000
ton_full,strict,2000,xvd_b1_ton_full_strict_2000,8007,0.84359375,0.8627933278583438,0.98046875,0.29328125,7,7,1,6,224,224,0,28000
ton_full,strict,2000,xvd_b1_ton_full_strict_2000,8008,0.856484375,0.8694539501534011,0.940625,0.22765625,4,4,2,2,128,128,0,16000
ton_full,strict,2000,xvd_b1_ton_full_strict_2000,8009,0.84921875,0.8663828866581654,0.97484375,0.27640625,3,3,1,2,96,96,0,12000
ton_full,strict,2000,xvd_b1_ton_full_strict_2000,8010,0.81875,0.8344499831244481,0.92484375,0.28734375,4,4,1,3,128,128,0,16000
ton_full,strict,2000,xvd_b1_ton_full_strict_2000,8011,0.82109375,0.8361435321745369,0.92609375,0.28390625,5,5,1,4,160,160,0,20000
ton_full,strict,2000,xvd_b1_ton_full_strict_2000,8012,0.850859375,0.8680641797807702,0.978125,0.27640625,6,6,0,6,192,192,0,24000
ton_full,strict,2000,xvd_b1_ton_full_strict_2000,8013,0.846484375,0.864632036302632,0.97796875,0.285,7,7,0,7,224,224,0,28000
ton_full,strict,2000,xvd_b1_ton_full_strict_2000,8014,0.821953125,0.8356781113024908,0.92015625,0.27625,3,3,2,1,96,96,0,12000
ton_full,strict,2000,xvd_b1_ton_full_strict_2000,8015,0.841875,0.8613981977150189,0.97984375,0.29609375,6,6,0,6,192,192,0,24000
ton_full,strict,2000,xvd_b1_ton_full_strict_2000,8016,0.84125,0.8585521613681787,0.96078125,0.27828125,4,4,1,3,128,128,0,16000
ton_full,strict,2000,xvd_b1_ton_full_strict_2000,8017,0.84671875,0.8655285344431953,0.9828125,0.289375,7,7,1,6,224,224,0,28000
ton_full,strict,2000,xvd_b1_ton_full_strict_2000,8018,0.83921875,0.8569524603900315,0.96078125,0.28234375,4,4,1,3,128,128,0,16000
ton_full,strict,2000,xvd_b1_ton_full_strict_2000,8019,0.843671875,0.8631095663867456,0.98234375,0.295,3,3,1,2,96,96,0,12000
ton_full,strict,2000,xvd_b1_ton_full_strict_2000,8020,0.8403125,0.8484771332487164,0.9121875,0.2315625,4,4,1,3,128,128,0,16000
ton_full,strict,2000,xvd_b1_ton_full_strict_2000,8021,0.8496875,0.8670779998723046,0.97765625,0.27828125,5,5,1,4,160,160,0,20000
ton_full,strict,2000,xvd_b1_ton_full_strict_2000,8022,0.85765625,0.8741156440605506,0.98234375,0.26703125,6,6,1,5,192,192,0,24000
ton_full,strict,2000,xvd_b1_ton_full_strict_2000,8023,0.8575,0.8747249556739618,0.97890625,0.26390625,6,6,1,5,192,192,0,24000
ton_full,strict,2000,xvd_b1_ton_full_strict_2000,8024,0.84328125,0.862329338754186,0.97796875,0.29140625,7,7,0,7,224,224,0,28000
ton_full,strict,2000,xvd_b1_ton_full_strict_2000,8025,0.847734375,0.8657957153963644,0.97953125,0.2840625,7,7,1,6,224,224,0,28000
ton_full,strict,2000,xvd_b1_ton_full_strict_2000,8026,0.8565625,0.8732959218088047,0.9815625,0.2684375,4,4,1,3,128,128,0,16000
ton_full,strict,2000,xvd_b1_ton_full_strict_2000,8027,0.847265625,0.8655454411455579,0.9796875,0.28515625,6,6,0,6,192,192,0,24000
ton_full,strict,2000,xvd_b1_ton_full_strict_2000,8028,0.87921875,0.8930052378650416,0.9790625,0.220625,5,5,1,4,160,160,0,20000
ton_full,strict,2000,xvd_b1_ton_full_strict_2000,8029,0.84671875,0.8646905254845005,0.9746875,0.28125,5,5,1,4,160,160,0,20000
ton_full,strict,2000,xvd_b1_ton_full_strict_2000,8030,0.8515625,0.869157582726853,0.98234375,0.27921875,6,6,0,6,192,192,0,24000
ton_full,atc,2000,xvd_b1_ton_full_atc_2000,8001,0.84609375,0.8645984546634341,0.97875,0.2865625,2,2,2,0,0,0,0,8000
ton_full,atc,2000,xvd_b1_ton_full_atc_2000,8002,0.849140625,0.8672669672637744,0.9815625,0.28328125,4,4,1,3,0,0,0,16000
ton_full,atc,2000,xvd_b1_ton_full_atc_2000,8003,0.848515625,0.866817744610286,0.98109375,0.2840625,1,1,1,0,0,0,0,4000
ton_full,atc,2000,xvd_b1_ton_full_atc_2000,8004,0.842734375,0.8609133953796884,0.97015625,0.2846875,2,2,2,0,0,0,0,8000
ton_full,atc,2000,xvd_b1_ton_full_atc_2000,8005,0.84453125,0.8631500078473223,0.97609375,0.28703125,2,2,2,0,0,0,0,8000
ton_full,atc,2000,xvd_b1_ton_full_atc_2000,8006,0.846328125,0.8640241661837577,0.97359375,0.2809375,1,1,1,0,0,0,0,4000
ton_full,atc,2000,xvd_b1_ton_full_atc_2000,8007,0.844375,0.8637449697306083,0.98328125,0.29453125,4,4,2,2,0,0,0,16000
ton_full,atc,2000,xvd_b1_ton_full_atc_2000,8008,0.829375,0.8461599407643654,0.94234375,0.28359375,3,3,2,1,0,0,0,12000
ton_full,atc,2000,xvd_b1_ton_full_atc_2000,8009,0.8525,0.8695273831621917,0.98015625,0.27515625,2,2,2,0,0,0,0,8000
ton_full,atc,2000,xvd_b1_ton_full_atc_2000,8010,0.81875,0.8344499831244481,0.92484375,0.28734375,4,4,1,3,0,0,0,16000
ton_full,atc,2000,xvd_b1_ton_full_atc_2000,8011,0.821875,0.8366201890921716,0.925,0.28125,3,3,3,0,0,0,0,12000
ton_full,atc,2000,xvd_b1_ton_full_atc_2000,8012,0.85078125,0.868012235057844,0.97828125,0.27671875,2,2,2,0,0,0,0,8000
ton_full,atc,2000,xvd_b1_ton_full_atc_2000,8013,0.846796875,0.8645712533691657,0.9753125,0.28171875,2,2,2,0,0,0,0,8000
ton_full,atc,2000,xvd_b1_ton_full_atc_2000,8014,0.82,0.833914210353051,0.9178125,0.2778125,2,2,2,0,0,0,0,8000
ton_full,atc,2000,xvd_b1_ton_full_atc_2000,8015,0.841796875,0.8609569844203868,0.97671875,0.293125,4,4,2,2,0,0,0,16000
ton_full,atc,2000,xvd_b1_ton_full_atc_2000,8016,0.84125,0.8585372966005419,0.960625,0.278125,2,2,2,0,0,0,0,8000
ton_full,atc,2000,xvd_b1_ton_full_atc_2000,8017,0.8425,0.8621747038102611,0.98140625,0.29640625,6,6,1,5,0,0,0,24000
ton_full,atc,2000,xvd_b1_ton_full_atc_2000,8018,0.839609375,0.8572596657044342,0.96078125,0.2815625,3,3,2,1,0,0,0,12000
ton_full,atc,2000,xvd_b1_ton_full_atc_2000,8019,0.842109375,0.861512889329937,0.97890625,0.2946875,2,2,1,1,0,0,0,8000
ton_full,atc,2000,xvd_b1_ton_full_atc_2000,8020,0.841328125,0.8493855293444322,0.91328125,0.230625,2,2,2,0,0,0,0,8000
ton_full,atc,2000,xvd_b1_ton_full_atc_2000,8021,0.8496875,0.8674347132673291,0.98078125,0.28140625,2,2,2,0,0,0,0,8000
ton_full,atc,2000,xvd_b1_ton_full_atc_2000,8022,0.851640625,0.8692217110021909,0.98203125,0.27875,3,3,2,1,0,0,0,12000
ton_full,atc,2000,xvd_b1_ton_full_atc_2000,8023,0.844453125,0.8633396362472451,0.9778125,0.28890625,2,2,2,0,0,0,0,8000
ton_full,atc,2000,xvd_b1_ton_full_atc_2000,8024,0.84421875,0.8631979639512197,0.97921875,0.29078125,3,3,2,1,0,0,0,12000
ton_full,atc,2000,xvd_b1_ton_full_atc_2000,8025,0.846796875,0.8648301811355867,0.9775,0.28390625,2,2,2,0,0,0,0,8000
ton_full,atc,2000,xvd_b1_ton_full_atc_2000,8026,0.846796875,0.8650820905307672,0.98,0.28640625,1,1,1,0,0,0,0,4000
ton_full,atc,2000,xvd_b1_ton_full_atc_2000,8027,0.84796875,0.866444268278307,0.98265625,0.28671875,2,2,1,1,0,0,0,8000
ton_full,atc,2000,xvd_b1_ton_full_atc_2000,8028,0.851015625,0.8681897348414944,0.97734375,0.2753125,5,5,2,3,0,0,0,20000
ton_full,atc,2000,xvd_b1_ton_full_atc_2000,8029,0.849609375,0.8675095443875206,0.97953125,0.2803125,2,2,2,0,0,0,0,8000
ton_full,atc,2000,xvd_b1_ton_full_atc_2000,8030,0.852109375,0.8697243495675923,0.98359375,0.279375,1,1,1,0,0,0,0,4000
ton_full,doc,2000,xvd_b1_ton_full_doc_2000,8001,0.84609375,0.8645984546634341,0.97875,0.2865625,2,2,2,0,0,0,0,8000
ton_full,doc,2000,xvd_b1_ton_full_doc_2000,8002,0.849453125,0.8674003405664418,0.98078125,0.281875,3,3,2,1,0,0,0,12000
ton_full,doc,2000,xvd_b1_ton_full_doc_2000,8003,0.848515625,0.866817744610286,0.98109375,0.2840625,1,1,1,0,0,0,0,4000
ton_full,doc,2000,xvd_b1_ton_full_doc_2000,8004,0.842734375,0.8609133953796884,0.97015625,0.2846875,2,2,2,0,0,0,0,8000
ton_full,doc,2000,xvd_b1_ton_full_doc_2000,8005,0.84453125,0.8631500078473223,0.97609375,0.28703125,2,2,2,0,0,0,0,8000
ton_full,doc,2000,xvd_b1_ton_full_doc_2000,8006,0.846328125,0.8640241661837577,0.97359375,0.2809375,1,1,1,0,0,0,0,4000
ton_full,doc,2000,xvd_b1_ton_full_doc_2000,8007,0.844375,0.8637449697306083,0.98328125,0.29453125,4,4,2,2,0,0,0,16000
ton_full,doc,2000,xvd_b1_ton_full_doc_2000,8008,0.8390625,0.8544752667495499,0.94140625,0.26328125,3,3,3,0,0,0,0,12000
ton_full,doc,2000,xvd_b1_ton_full_doc_2000,8009,0.8525,0.8695273831621917,0.98015625,0.27515625,2,2,2,0,0,0,0,8000
ton_full,doc,2000,xvd_b1_ton_full_doc_2000,8010,0.819375,0.8348841785128411,0.92453125,0.28578125,3,3,2,1,0,0,0,12000
ton_full,doc,2000,xvd_b1_ton_full_doc_2000,8011,0.821875,0.8366201890921716,0.925,0.28125,3,3,3,0,0,0,0,12000
ton_full,doc,2000,xvd_b1_ton_full_doc_2000,8012,0.85078125,0.868012235057844,0.97828125,0.27671875,2,2,2,0,0,0,0,8000
ton_full,doc,2000,xvd_b1_ton_full_doc_2000,8013,0.846796875,0.8645712533691657,0.9753125,0.28171875,2,2,2,0,0,0,0,8000
ton_full,doc,2000,xvd_b1_ton_full_doc_2000,8014,0.82,0.833914210353051,0.9178125,0.2778125,2,2,2,0,0,0,0,8000
ton_full,doc,2000,xvd_b1_ton_full_doc_2000,8015,0.84390625,0.8629401075786427,0.97984375,0.29203125,3,3,3,0,0,0,0,12000
ton_full,doc,2000,xvd_b1_ton_full_doc_2000,8016,0.84125,0.8585372966005419,0.960625,0.278125,2,2,2,0,0,0,0,8000
ton_full,doc,2000,xvd_b1_ton_full_doc_2000,8017,0.844296875,0.8634950484851409,0.98109375,0.2925,3,3,3,0,0,0,0,12000
ton_full,doc,2000,xvd_b1_ton_full_doc_2000,8018,0.839609375,0.8572596657044342,0.96078125,0.2815625,3,3,2,1,0,0,0,12000
ton_full,doc,2000,xvd_b1_ton_full_doc_2000,8019,0.842109375,0.861512889329937,0.97890625,0.2946875,2,2,1,1,0,0,0,8000
ton_full,doc,2000,xvd_b1_ton_full_doc_2000,8020,0.841328125,0.8493855293444322,0.91328125,0.230625,2,2,2,0,0,0,0,8000
ton_full,doc,2000,xvd_b1_ton_full_doc_2000,8021,0.849375,0.8671229837575768,0.98015625,0.28140625,3,3,2,1,0,0,0,12000
ton_full,doc,2000,xvd_b1_ton_full_doc_2000,8022,0.850390625,0.8679922606187374,0.9796875,0.27890625,3,3,3,0,0,0,0,12000
ton_full,doc,2000,xvd_b1_ton_full_doc_2000,8023,0.843828125,0.8628619837959707,0.9778125,0.29015625,4,4,2,2,0,0,0,16000
ton_full,doc,2000,xvd_b1_ton_full_doc_2000,8024,0.84421875,0.8631979639512197,0.97921875,0.29078125,3,3,2,1,0,0,0,12000
ton_full,doc,2000,xvd_b1_ton_full_doc_2000,8025,0.8478125,0.8659706137598607,0.98046875,0.28484375,3,3,2,1,0,0,0,12000
ton_full,doc,2000,xvd_b1_ton_full_doc_2000,8026,0.846796875,0.8650820905307672,0.98,0.28640625,1,1,1,0,0,0,0,4000
ton_full,doc,2000,xvd_b1_ton_full_doc_2000,8027,0.84796875,0.866444268278307,0.98265625,0.28671875,2,2,1,1,0,0,0,8000
ton_full,doc,2000,xvd_b1_ton_full_doc_2000,8028,0.851015625,0.8681897348414944,0.97734375,0.2753125,5,5,2,3,0,0,0,20000
ton_full,doc,2000,xvd_b1_ton_full_doc_2000,8029,0.849609375,0.8675095443875206,0.97953125,0.2803125,2,2,2,0,0,0,0,8000
ton_full,doc,2000,xvd_b1_ton_full_doc_2000,8030,0.852109375,0.8697243495675923,0.98359375,0.279375,1,1,1,0,0,0,0,4000
ton_full,enscal,2000,xvd_b1_ton_full_enscal_2000,8001,0.846796875,0.8654319217070793,0.98125,0.28765625,2,2,2,0,0,0,0,8000
ton_full,enscal,2000,xvd_b1_ton_full_enscal_2000,8002,0.8496875,0.8676806809755574,0.9815625,0.2821875,2,2,2,0,0,0,0,8000
ton_full,enscal,2000,xvd_b1_ton_full_enscal_2000,8003,0.848671875,0.8669733450015796,0.98140625,0.2840625,1,1,1,0,0,0,0,4000
ton_full,enscal,2000,xvd_b1_ton_full_enscal_2000,8004,0.8440625,0.8623870358501797,0.9740625,0.2859375,2,2,2,0,0,0,0,8000
ton_full,enscal,2000,xvd_b1_ton_full_enscal_2000,8005,0.844375,0.8630232472839421,0.97609375,0.28734375,2,2,2,0,0,0,0,8000
ton_full,enscal,2000,xvd_b1_ton_full_enscal_2000,8006,0.848359375,0.866099735482914,0.97796875,0.28125,1,1,1,0,0,0,0,4000
ton_full,enscal,2000,xvd_b1_ton_full_enscal_2000,8007,0.843984375,0.8636767761461971,0.9846875,0.29671875,3,3,3,0,0,0,0,12000
ton_full,enscal,2000,xvd_b1_ton_full_enscal_2000,8008,0.83515625,0.8509143110732869,0.94359375,0.27328125,3,3,3,0,0,0,0,12000
ton_full,enscal,2000,xvd_b1_ton_full_enscal_2000,8009,0.85296875,0.8700335693028016,0.98140625,0.27546875,2,2,2,0,0,0,0,8000
ton_full,enscal,2000,xvd_b1_ton_full_enscal_2000,8010,0.821640625,0.8370280755472304,0.92828125,0.285,2,2,2,0,0,0,0,8000
ton_full,enscal,2000,xvd_b1_ton_full_enscal_2000,8011,0.82296875,0.8376831718990371,0.926875,0.2809375,3,3,3,0,0,0,0,12000
ton_full,enscal,2000,xvd_b1_ton_full_enscal_2000,8012,0.85140625,0.868705658267134,0.98,0.2771875,2,2,2,0,0,0,0,8000
ton_full,enscal,2000,xvd_b1_ton_full_enscal_2000,8013,0.847421875,0.8653622842755351,0.97796875,0.283125,2,2,2,0,0,0,0,8000
ton_full,enscal,2000,xvd_b1_ton_full_enscal_2000,8014,0.82171875,0.835584199396495,0.92078125,0.27734375,2,2,2,0,0,0,0,8000
ton_full,enscal,2000,xvd_b1_ton_full_enscal_2000,8015,0.84390625,0.8631014940280742,0.98125,0.2934375,3,3,3,0,0,0,0,12000
ton_full,enscal,2000,xvd_b1_ton_full_enscal_2000,8016,0.842890625,0.8602085708341705,0.9640625,0.27828125,2,2,2,0,0,0,0,8000
ton_full,enscal,2000,xvd_b1_ton_full_enscal_2000,8017,0.846328125,0.865409274871535,0.98421875,0.2915625,3,3,3,0,0,0,0,12000
ton_full,enscal,2000,xvd_b1_ton_full_enscal_2000,8018,0.84140625,0.8590582030767528,0.964375,0.2815625,3,3,3,0,0,0,0,12000
ton_full,enscal,2000,xvd_b1_ton_full_enscal_2000,8019,0.843203125,0.8626996175945111,0.98171875,0.2953125,2,2,2,0,0,0,0,8000
ton_full,enscal,2000,xvd_b1_ton_full_enscal_2000,8020,0.8415625,0.8494506007373357,0.91234375,0.22921875,2,2,2,0,0,0,0,8000
ton_full,enscal,2000,xvd_b1_ton_full_enscal_2000,8021,0.849765625,0.8675468119710987,0.98125,0.28171875,2,2,2,0,0,0,0,8000
ton_full,enscal,2000,xvd_b1_ton_full_enscal_2000,8022,0.851015625,0.8686959404403204,0.98140625,0.279375,3,3,3,0,0,0,0,12000
ton_full,enscal,2000,xvd_b1_ton_full_enscal_2000,8023,0.844921875,0.8638552421636271,0.9790625,0.28921875,2,2,2,0,0,0,0,8000
ton_full,enscal,2000,xvd_b1_ton_full_enscal_2000,8024,0.855859375,0.8728570537457562,0.98109375,0.269375,3,3,3,0,0,0,0,12000
ton_full,enscal,2000,xvd_b1_ton_full_enscal_2000,8025,0.8465625,0.8649679652159985,0.98,0.286875,2,2,2,0,0,0,0,8000
ton_full,enscal,2000,xvd_b1_ton_full_enscal_2000,8026,0.847890625,0.8661995887029292,0.98234375,0.2865625,1,1,1,0,0,0,0,4000
ton_full,enscal,2000,xvd_b1_ton_full_enscal_2000,8027,0.84796875,0.8663584081071143,0.981875,0.2859375,2,2,2,0,0,0,0,8000
ton_full,enscal,2000,xvd_b1_ton_full_enscal_2000,8028,0.85328125,0.8702266062532061,0.97984375,0.27328125,3,3,3,0,0,0,0,12000
ton_full,enscal,2000,xvd_b1_ton_full_enscal_2000,8029,0.85109375,0.8690913890808738,0.98328125,0.28109375,2,2,2,0,0,0,0,8000
ton_full,enscal,2000,xvd_b1_ton_full_enscal_2000,8030,0.852109375,0.8697243495675923,0.98359375,0.279375,1,1,1,0,0,0,0,4000
ton_full,replay,2000,xvd_b1_ton_full_replay_2000,8001,0.846953125,0.8654477573263619,0.98015625,0.28625,2,2,2,0,0,0,0,8000
ton_full,replay,2000,xvd_b1_ton_full_replay_2000,8002,0.84703125,0.8651356406045374,0.9771875,0.283125,2,2,2,0,0,0,0,8000
ton_full,replay,2000,xvd_b1_ton_full_replay_2000,8003,0.848515625,0.866817744610286,0.98109375,0.2840625,1,1,1,0,0,0,0,4000
ton_full,replay,2000,xvd_b1_ton_full_replay_2000,8004,0.8415625,0.8600827117906208,0.970625,0.2875,2,2,2,0,0,0,0,8000
ton_full,replay,2000,xvd_b1_ton_full_replay_2000,8005,0.8415625,0.8607051866004468,0.975,0.291875,2,2,2,0,0,0,0,8000
ton_full,replay,2000,xvd_b1_ton_full_replay_2000,8006,0.849609375,0.867327855147677,0.9803125,0.28109375,1,1,1,0,0,0,0,4000
ton_full,replay,2000,xvd_b1_ton_full_replay_2000,8007,0.84578125,0.864799992627516,0.98328125,0.29171875,3,3,3,0,0,0,0,12000
ton_full,replay,2000,xvd_b1_ton_full_replay_2000,8008,0.827265625,0.8443934233445021,0.9409375,0.28640625,3,3,3,0,0,0,0,12000
ton_full,replay,2000,xvd_b1_ton_full_replay_2000,8009,0.851328125,0.8686493194938671,0.98015625,0.2775,2,2,2,0,0,0,0,8000
ton_full,replay,2000,xvd_b1_ton_full_replay_2000,8010,0.819140625,0.8347590072929048,0.925,0.28671875,2,2,2,0,0,0,0,8000
ton_full,replay,2000,xvd_b1_ton_full_replay_2000,8011,0.8225,0.8372913283950066,0.9265625,0.2815625,3,3,3,0,0,0,0,12000
ton_full,replay,2000,xvd_b1_ton_full_replay_2000,8012,0.84953125,0.8669744920355568,0.9775,0.2784375,2,2,2,0,0,0,0,8000
ton_full,replay,2000,xvd_b1_ton_full_replay_2000,8013,0.846015625,0.8638971917799988,0.9746875,0.28265625,2,2,2,0,0,0,0,8000
ton_full,replay,2000,xvd_b1_ton_full_replay_2000,8014,0.818125,0.8326610325505185,0.919375,0.283125,2,2,2,0,0,0,0,8000
ton_full,replay,2000,xvd_b1_ton_full_replay_2000,8015,0.842734375,0.8619549885160768,0.9790625,0.29359375,3,3,3,0,0,0,0,12000
ton_full,replay,2000,xvd_b1_ton_full_replay_2000,8016,0.843046875,0.8604215350781255,0.96484375,0.27875,2,2,2,0,0,0,0,8000
ton_full,replay,2000,xvd_b1_ton_full_replay_2000,8017,0.843125,0.8625272090508753,0.980625,0.294375,3,3,3,0,0,0,0,12000
ton_full,replay,2000,xvd_b1_ton_full_replay_2000,8018,0.839140625,0.8569674600981061,0.96125,0.28296875,3,3,3,0,0,0,0,12000
ton_full,replay,2000,xvd_b1_ton_full_replay_2000,8019,0.84109375,0.8608447778494763,0.9796875,0.2975,2,2,2,0,0,0,0,8000
ton_full,replay,2000,xvd_b1_ton_full_replay_2000,8020,0.83984375,0.8478304795300126,0.91,0.2303125,2,2,2,0,0,0,0,8000
ton_full,replay,2000,xvd_b1_ton_full_replay_2000,8021,0.846953125,0.8647360101093442,0.97578125,0.281875,2,2,2,0,0,0,0,8000
ton_full,replay,2000,xvd_b1_ton_full_replay_2000,8022,0.8490625,0.8669521835485011,0.979375,0.28125,3,3,3,0,0,0,0,12000
ton_full,replay,2000,xvd_b1_ton_full_replay_2000,8023,0.842109375,0.8615383183550169,0.97765625,0.2934375,2,2,2,0,0,0,0,8000
ton_full,replay,2000,xvd_b1_ton_full_replay_2000,8024,0.844765625,0.8636917237572682,0.97984375,0.2903125,3,3,3,0,0,0,0,12000
ton_full,replay,2000,xvd_b1_ton_full_replay_2000,8025,0.846796875,0.8648284394847461,0.9775,0.28390625,2,2,2,0,0,0,0,8000
ton_full,replay,2000,xvd_b1_ton_full_replay_2000,8026,0.844921875,0.8635888439275046,0.97953125,0.2896875,1,1,1,0,0,0,0,4000
ton_full,replay,2000,xvd_b1_ton_full_replay_2000,8027,0.8440625,0.8629476998166032,0.97828125,0.29015625,2,2,2,0,0,0,0,8000
ton_full,replay,2000,xvd_b1_ton_full_replay_2000,8028,0.85203125,0.8691470990895135,0.97875,0.2746875,3,3,3,0,0,0,0,12000
ton_full,replay,2000,xvd_b1_ton_full_replay_2000,8029,0.846953125,0.865436250439195,0.979375,0.28546875,2,2,2,0,0,0,0,8000
ton_full,replay,2000,xvd_b1_ton_full_replay_2000,8030,0.852109375,0.8697243495675923,0.98359375,0.279375,1,1,1,0,0,0,0,4000
ton_full,ddm,2000,xvd_b1_ton_full_ddm_2000,8001,0.846875,0.8658146044142953,0.98375,0.29,1,1,1,0,800,0,800,4000
ton_full,ddm,2000,xvd_b1_ton_full_ddm_2000,8002,0.84734375,0.8654528266093031,0.9778125,0.283125,0,0,0,0,800,0,800,0
ton_full,ddm,2000,xvd_b1_ton_full_ddm_2000,8003,0.8484375,0.8667572816910608,0.98109375,0.28421875,0,0,0,0,800,0,800,0
ton_full,ddm,2000,xvd_b1_ton_full_ddm_2000,8004,0.843046875,0.860968534306325,0.9690625,0.28296875,1,1,1,0,800,0,800,4000
ton_full,ddm,2000,xvd_b1_ton_full_ddm_2000,8005,0.834140625,0.8528351738609341,0.9571875,0.28890625,0,0,0,0,800,0,800,0
ton_full,ddm,2000,xvd_b1_ton_full_ddm_2000,8006,0.845234375,0.8635468861467183,0.97640625,0.2859375,1,1,1,0,800,0,800,4000
ton_full,ddm,2000,xvd_b1_ton_full_ddm_2000,8007,0.84421875,0.8637518040221454,0.98421875,0.29578125,1,1,1,0,800,0,800,4000
ton_full,ddm,2000,xvd_b1_ton_full_ddm_2000,8008,0.841796875,0.8610437131640758,0.97671875,0.293125,1,1,1,0,800,0,800,4000
ton_full,ddm,2000,xvd_b1_ton_full_ddm_2000,8009,0.843359375,0.8604755651541276,0.96328125,0.2765625,0,0,0,0,800,0,800,0
ton_full,ddm,2000,xvd_b1_ton_full_ddm_2000,8010,0.835234375,0.8533173865404783,0.9590625,0.28859375,1,1,1,0,800,0,800,4000
ton_full,ddm,2000,xvd_b1_ton_full_ddm_2000,8011,0.845703125,0.8631014050791395,0.970625,0.27921875,2,2,2,0,800,0,800,8000
ton_full,ddm,2000,xvd_b1_ton_full_ddm_2000,8012,0.850625,0.8682597751988429,0.98125,0.28,1,1,1,0,800,0,800,4000
ton_full,ddm,2000,xvd_b1_ton_full_ddm_2000,8013,0.89484375,0.9002071095474541,0.9453125,0.155625,1,1,1,0,800,0,800,4000
ton_full,ddm,2000,xvd_b1_ton_full_ddm_2000,8014,0.8421875,0.8596604451398414,0.96734375,0.28296875,1,1,1,0,800,0,800,4000
ton_full,ddm,2000,xvd_b1_ton_full_ddm_2000,8015,0.84421875,0.8634473570499525,0.981875,0.2934375,1,1,1,0,800,0,800,4000
ton_full,ddm,2000,xvd_b1_ton_full_ddm_2000,8016,0.841015625,0.8581904323917633,0.9603125,0.27828125,1,1,1,0,800,0,800,4000
ton_full,ddm,2000,xvd_b1_ton_full_ddm_2000,8017,0.842421875,0.8619095026890264,0.97984375,0.295,2,2,2,0,800,0,800,8000
ton_full,ddm,2000,xvd_b1_ton_full_ddm_2000,8018,0.8471875,0.8650037095966658,0.975,0.280625,2,2,2,0,800,0,800,8000
ton_full,ddm,2000,xvd_b1_ton_full_ddm_2000,8019,0.839921875,0.8599365297995477,0.97953125,0.2996875,1,1,1,0,800,0,800,4000
ton_full,ddm,2000,xvd_b1_ton_full_ddm_2000,8020,0.836171875,0.844387766568562,0.9084375,0.23609375,1,1,1,0,800,0,800,4000
ton_full,ddm,2000,xvd_b1_ton_full_ddm_2000,8021,0.845546875,0.8632776424531734,0.9725,0.28140625,0,0,0,0,800,0,800,0
ton_full,ddm,2000,xvd_b1_ton_full_ddm_2000,8022,0.85171875,0.8692964471403919,0.98203125,0.27859375,0,0,0,0,800,0,800,0
ton_full,ddm,2000,xvd_b1_ton_full_ddm_2000,8023,0.84421875,0.8630824976338315,0.9771875,0.28875,3,3,3,0,800,0,800,12000
ton_full,ddm,2000,xvd_b1_ton_full_ddm_2000,8024,0.840546875,0.8602024067311033,0.9775,0.29640625,1,1,1,0,800,0,800,4000
ton_full,ddm,2000,xvd_b1_ton_full_ddm_2000,8025,0.8475,0.8656520328807455,0.97984375,0.28484375,0,0,0,0,800,0,800,0
ton_full,ddm,2000,xvd_b1_ton_full_ddm_2000,8026,0.84671875,0.8653584793209724,0.9828125,0.289375,1,1,1,0,800,0,800,4000
ton_full,ddm,2000,xvd_b1_ton_full_ddm_2000,8027,0.847265625,0.8655454411455579,0.9796875,0.28515625,0,0,0,0,800,0,800,0
ton_full,ddm,2000,xvd_b1_ton_full_ddm_2000,8028,0.851484375,0.8686722267454511,0.9784375,0.27546875,2,2,2,0,800,0,800,8000
ton_full,ddm,2000,xvd_b1_ton_full_ddm_2000,8029,0.871953125,0.886528722977712,0.9790625,0.23515625,5,5,5,0,800,0,800,20000
ton_full,ddm,2000,xvd_b1_ton_full_ddm_2000,8030,0.850390625,0.8679976048345265,0.98015625,0.279375,1,1,1,0,800,0,800,4000
ton_full,adwin,2000,xvd_b1_ton_full_adwin_2000,8001,0.847734375,0.866275962087854,0.9821875,0.28671875,0,0,0,0,800,0,800,0
ton_full,adwin,2000,xvd_b1_ton_full_adwin_2000,8002,0.84734375,0.8654528266093031,0.9778125,0.283125,0,0,0,0,800,0,800,0
ton_full,adwin,2000,xvd_b1_ton_full_adwin_2000,8003,0.8484375,0.8667572816910608,0.98109375,0.28421875,0,0,0,0,800,0,800,0
ton_full,adwin,2000,xvd_b1_ton_full_adwin_2000,8004,0.8253125,0.8428930029551441,0.935,0.284375,0,0,0,0,800,0,800,0
ton_full,adwin,2000,xvd_b1_ton_full_adwin_2000,8005,0.834140625,0.8528351738609341,0.9571875,0.28890625,0,0,0,0,800,0,800,0
ton_full,adwin,2000,xvd_b1_ton_full_adwin_2000,8006,0.84703125,0.8647529865592496,0.97515625,0.28109375,0,0,0,0,800,0,800,0
ton_full,adwin,2000,xvd_b1_ton_full_adwin_2000,8007,0.831640625,0.8507113509457604,0.95640625,0.293125,0,0,0,0,800,0,800,0
ton_full,adwin,2000,xvd_b1_ton_full_adwin_2000,8008,0.74,0.7428755287311248,0.76125,0.28125,0,0,0,0,800,0,800,0
ton_full,adwin,2000,xvd_b1_ton_full_adwin_2000,8009,0.843359375,0.8604755651541276,0.96328125,0.2765625,0,0,0,0,800,0,800,0
ton_full,adwin,2000,xvd_b1_ton_full_adwin_2000,8010,0.6509375,0.614080019253556,0.58453125,0.28265625,1,1,1,0,800,0,800,4000
ton_full,adwin,2000,xvd_b1_ton_full_adwin_2000,8011,0.6328125,0.5780830808164837,0.5428125,0.2771875,0,0,0,0,800,0,800,0
ton_full,adwin,2000,xvd_b1_ton_full_adwin_2000,8012,0.850859375,0.8680641797807702,0.978125,0.27640625,0,0,0,0,800,0,800,0
ton_full,adwin,2000,xvd_b1_ton_full_adwin_2000,8013,0.846484375,0.864632036302632,0.97796875,0.285,0,0,0,0,800,0,800,0
ton_full,adwin,2000,xvd_b1_ton_full_adwin_2000,8014,0.658515625,0.617723470621813,0.59234375,0.2753125,1,1,1,0,800,0,800,4000
ton_full,adwin,2000,xvd_b1_ton_full_adwin_2000,8015,0.841875,0.8613981977150189,0.97984375,0.29609375,0,0,0,0,800,0,800,0
ton_full,adwin,2000,xvd_b1_ton_full_adwin_2000,8016,0.8090625,0.8244177165326785,0.89625,0.278125,0,0,0,0,800,0,800,0
ton_full,adwin,2000,xvd_b1_ton_full_adwin_2000,8017,0.846796875,0.8656072057718667,0.98296875,0.289375,0,0,0,0,800,0,800,0
ton_full,adwin,2000,xvd_b1_ton_full_adwin_2000,8018,0.813828125,0.8301234579537825,0.90890625,0.28125,0,0,0,0,800,0,800,0
ton_full,adwin,2000,xvd_b1_ton_full_adwin_2000,8019,0.84203125,0.8614779988102783,0.9790625,0.295,0,0,0,0,800,0,800,0
ton_full,adwin,2000,xvd_b1_ton_full_adwin_2000,8020,0.71890625,0.6535342313035403,0.5884375,0.150625,1,1,1,0,800,0,800,4000
ton_full,adwin,2000,xvd_b1_ton_full_adwin_2000,8021,0.845546875,0.8632776424531734,0.9725,0.28140625,0,0,0,0,800,0,800,0
ton_full,adwin,2000,xvd_b1_ton_full_adwin_2000,8022,0.85171875,0.8692964471403919,0.98203125,0.27859375,0,0,0,0,800,0,800,0
ton_full,adwin,2000,xvd_b1_ton_full_adwin_2000,8023,0.84421875,0.8632996930324782,0.97890625,0.29046875,0,0,0,0,800,0,800,0
ton_full,adwin,2000,xvd_b1_ton_full_adwin_2000,8024,0.84328125,0.862329338754186,0.97796875,0.29140625,0,0,0,0,800,0,800,0
ton_full,adwin,2000,xvd_b1_ton_full_adwin_2000,8025,0.8475,0.8656520328807455,0.97984375,0.28484375,0,0,0,0,800,0,800,0
ton_full,adwin,2000,xvd_b1_ton_full_adwin_2000,8026,0.848046875,0.8663560470585081,0.98265625,0.2865625,0,0,0,0,800,0,800,0
ton_full,adwin,2000,xvd_b1_ton_full_adwin_2000,8027,0.847265625,0.8655454411455579,0.9796875,0.28515625,0,0,0,0,800,0,800,0
ton_full,adwin,2000,xvd_b1_ton_full_adwin_2000,8028,0.852421875,0.869355177306807,0.97796875,0.273125,0,0,0,0,800,0,800,0
ton_full,adwin,2000,xvd_b1_ton_full_adwin_2000,8029,0.844375,0.8623716106788375,0.9703125,0.2815625,0,0,0,0,800,0,800,0
ton_full,adwin,2000,xvd_b1_ton_full_adwin_2000,8030,0.8515625,0.869157582726853,0.98234375,0.27921875,0,0,0,0,800,0,800,0
ton_full,naive,512,xvd_b1_ton_full_naive_512,8001,0.8434375,0.8625101115668712,0.97828125,0.29140625,2,2,2,0,0,0,0,2048
ton_full,naive,512,xvd_b1_ton_full_naive_512,8002,0.84109375,0.8606154590423415,0.97671875,0.29453125,2,2,2,0,0,0,0,2048
ton_full,naive,512,xvd_b1_ton_full_naive_512,8003,0.844921875,0.8634669302627276,0.97625,0.28640625,1,1,1,0,0,0,0,1024
ton_full,naive,512,xvd_b1_ton_full_naive_512,8004,0.83875,0.8575812183602067,0.9678125,0.2903125,2,2,2,0,0,0,0,2048
ton_full,naive,512,xvd_b1_ton_full_naive_512,8005,0.840625,0.8598316689787731,0.97359375,0.29234375,2,2,2,0,0,0,0,2048
ton_full,naive,512,xvd_b1_ton_full_naive_512,8006,0.84296875,0.8614692851219804,0.9734375,0.2875,1,1,1,0,0,0,0,1024
ton_full,naive,512,xvd_b1_ton_full_naive_512,8007,0.838671875,0.8589223068099772,0.9790625,0.30171875,3,3,3,0,0,0,0,3072
ton_full,naive,512,xvd_b1_ton_full_naive_512,8008,0.8353125,0.8512891761547664,0.93875,0.268125,3,3,3,0,0,0,0,3072
ton_full,naive,512,xvd_b1_ton_full_naive_512,8009,0.845859375,0.8639535327724817,0.9759375,0.28421875,2,2,2,0,0,0,0,2048
ton_full,naive,512,xvd_b1_ton_full_naive_512,8010,0.815859375,0.8321547263764256,0.92390625,0.2921875,2,2,2,0,0,0,0,2048
ton_full,naive,512,xvd_b1_ton_full_naive_512,8011,0.81609375,0.8320509765373351,0.92359375,0.29140625,3,3,3,0,0,0,0,3072
ton_full,naive,512,xvd_b1_ton_full_naive_512,8012,0.849453125,0.8668680400677954,0.9771875,0.27828125,2,2,2,0,0,0,0,2048
ton_full,naive,512,xvd_b1_ton_full_naive_512,8013,0.841875,0.8607297571498647,0.97484375,0.29109375,2,2,2,0,0,0,0,2048
ton_full,naive,512,xvd_b1_ton_full_naive_512,8014,0.81875,0.8328553034317552,0.916875,0.279375,2,2,2,0,0,0,0,2048
ton_full,naive,512,xvd_b1_ton_full_naive_512,8015,0.8371875,0.8574132027454993,0.97578125,0.30140625,3,3,3,0,0,0,0,3072
ton_full,naive,512,xvd_b1_ton_full_naive_512,8016,0.833046875,0.8521170249304246,0.95921875,0.293125,2,2,2,0,0,0,0,2048
ton_full,naive,512,xvd_b1_ton_full_naive_512,8017,0.84078125,0.8606035563054293,0.97921875,0.29765625,3,3,3,0,0,0,0,3072
ton_full,naive,512,xvd_b1_ton_full_naive_512,8018,0.866640625,0.8796284094792367,0.9584375,0.22515625,3,3,3,0,0,0,0,3072
ton_full,naive,512,xvd_b1_ton_full_naive_512,8019,0.83828125,0.8585552619529712,0.9784375,0.301875,2,2,2,0,0,0,0,2048
ton_full,naive,512,xvd_b1_ton_full_naive_512,8020,0.8371875,0.8461161691401783,0.91203125,0.23765625,2,2,2,0,0,0,0,2048
ton_full,naive,512,xvd_b1_ton_full_naive_512,8021,0.8421875,0.8611579263501642,0.97609375,0.29171875,2,2,2,0,0,0,0,2048
ton_full,naive,512,xvd_b1_ton_full_naive_512,8022,0.84390625,0.8630431681783165,0.9790625,0.29125,3,3,3,0,0,0,0,3072
ton_full,naive,512,xvd_b1_ton_full_naive_512,8023,0.839296875,0.8594734713748234,0.9778125,0.29921875,2,2,2,0,0,0,0,2048
ton_full,naive,512,xvd_b1_ton_full_naive_512,8024,0.84109375,0.8605738151269765,0.976875,0.2946875,3,3,3,0,0,0,0,3072
ton_full,naive,512,xvd_b1_ton_full_naive_512,8025,0.84421875,0.8624724515493171,0.97421875,0.28578125,2,2,2,0,0,0,0,2048
ton_full,naive,512,xvd_b1_ton_full_naive_512,8026,0.84421875,0.8629401613462093,0.9784375,0.29,1,1,1,0,0,0,0,1024
ton_full,naive,512,xvd_b1_ton_full_naive_512,8027,0.8659375,0.8816288933117886,0.976875,0.245,2,2,2,0,0,0,0,2048
ton_full,naive,512,xvd_b1_ton_full_naive_512,8028,0.84921875,0.86648906248202,0.97453125,0.27609375,3,3,3,0,0,0,0,3072
ton_full,naive,512,xvd_b1_ton_full_naive_512,8029,0.84421875,0.863338657574336,0.979375,0.2909375,2,2,2,0,0,0,0,2048
ton_full,naive,512,xvd_b1_ton_full_naive_512,8030,0.84265625,0.8607936797238738,0.96953125,0.28421875,1,1,1,0,0,0,0,1024
ton_full,point,512,xvd_b1_ton_full_point_512,8001,0.8434375,0.8625101115668712,0.97828125,0.29140625,2,2,2,0,64,64,0,2048
ton_full,point,512,xvd_b1_ton_full_point_512,8002,0.846015625,0.8642755386038559,0.97671875,0.2846875,3,3,2,1,96,96,0,3072
ton_full,point,512,xvd_b1_ton_full_point_512,8003,0.844921875,0.8634669302627276,0.97625,0.28640625,1,1,1,0,32,32,0,1024
ton_full,point,512,xvd_b1_ton_full_point_512,8004,0.83875,0.8575812183602067,0.9678125,0.2903125,2,2,2,0,64,64,0,2048
ton_full,point,512,xvd_b1_ton_full_point_512,8005,0.840625,0.8598316689787731,0.97359375,0.29234375,2,2,2,0,64,64,0,2048
ton_full,point,512,xvd_b1_ton_full_point_512,8006,0.84296875,0.8614692851219804,0.9734375,0.2875,1,1,1,0,32,32,0,1024
ton_full,point,512,xvd_b1_ton_full_point_512,8007,0.838671875,0.8587257357987883,0.97765625,0.3003125,4,4,3,1,128,128,0,4096
ton_full,point,512,xvd_b1_ton_full_point_512,8008,0.8353125,0.8512891761547664,0.93875,0.268125,3,3,3,0,96,96,0,3072
ton_full,point,512,xvd_b1_ton_full_point_512,8009,0.86421875,0.8795802760569202,0.97625,0.2478125,3,3,2,1,96,96,0,3072
ton_full,point,512,xvd_b1_ton_full_point_512,8010,0.815859375,0.8321547263764256,0.92390625,0.2921875,2,2,2,0,64,64,0,2048
ton_full,point,512,xvd_b1_ton_full_point_512,8011,0.81609375,0.8320509765373351,0.92359375,0.29140625,3,3,3,0,96,96,0,3072
ton_full,point,512,xvd_b1_ton_full_point_512,8012,0.849453125,0.8668680400677954,0.9771875,0.27828125,2,2,2,0,64,64,0,2048
ton_full,point,512,xvd_b1_ton_full_point_512,8013,0.84234375,0.8610293128909849,0.974375,0.2896875,3,3,2,1,96,96,0,3072
ton_full,point,512,xvd_b1_ton_full_point_512,8014,0.81875,0.8328553034317552,0.916875,0.279375,2,2,2,0,64,64,0,2048
ton_full,point,512,xvd_b1_ton_full_point_512,8015,0.839921875,0.8596238319306455,0.9771875,0.29734375,4,4,2,2,128,128,0,4096
ton_full,point,512,xvd_b1_ton_full_point_512,8016,0.8375,0.8555071887220781,0.9590625,0.2840625,3,3,2,1,96,96,0,3072
ton_full,point,512,xvd_b1_ton_full_point_512,8017,0.84078125,0.8606035563054293,0.97921875,0.29765625,3,3,3,0,96,96,0,3072
ton_full,point,512,xvd_b1_ton_full_point_512,8018,0.86453125,0.8773100476098347,0.95828125,0.22921875,3,3,2,1,96,96,0,3072
ton_full,point,512,xvd_b1_ton_full_point_512,8019,0.83828125,0.8585552619529712,0.9784375,0.301875,2,2,2,0,64,64,0,2048
ton_full,point,512,xvd_b1_ton_full_point_512,8020,0.8371875,0.8461161691401783,0.91203125,0.23765625,2,2,2,0,64,64,0,2048
ton_full,point,512,xvd_b1_ton_full_point_512,8021,0.84328125,0.8612075152011842,0.97015625,0.28359375,3,3,2,1,96,96,0,3072
ton_full,point,512,xvd_b1_ton_full_point_512,8022,0.84390625,0.8630431681783165,0.9790625,0.29125,3,3,3,0,96,96,0,3072
ton_full,point,512,xvd_b1_ton_full_point_512,8023,0.842265625,0.8617026606975875,0.97765625,0.293125,3,3,2,1,96,96,0,3072
ton_full,point,512,xvd_b1_ton_full_point_512,8024,0.841328125,0.8607380001129434,0.97703125,0.294375,3,3,2,1,96,96,0,3072
ton_full,point,512,xvd_b1_ton_full_point_512,8025,0.845546875,0.8635167537018767,0.97453125,0.2834375,4,4,2,2,128,128,0,4096
ton_full,point,512,xvd_b1_ton_full_point_512,8026,0.84421875,0.8629401613462093,0.9784375,0.29,1,1,1,0,32,32,0,1024
ton_full,point,512,xvd_b1_ton_full_point_512,8027,0.8659375,0.8816288933117886,0.976875,0.245,2,2,2,0,64,64,0,2048
ton_full,point,512,xvd_b1_ton_full_point_512,8028,0.8446875,0.8632182459706812,0.9765625,0.2871875,3,3,2,1,96,96,0,3072
ton_full,point,512,xvd_b1_ton_full_point_512,8029,0.84671875,0.8649961956890475,0.9771875,0.28375,4,4,2,2,128,128,0,4096
ton_full,point,512,xvd_b1_ton_full_point_512,8030,0.84875,0.8667252380672366,0.97984375,0.28234375,3,3,1,2,96,96,0,3072
ton_full,strict,512,xvd_b1_ton_full_strict_512,8001,0.86109375,0.8770289348127762,0.98,0.2578125,5,5,1,4,160,160,0,5120
ton_full,strict,512,xvd_b1_ton_full_strict_512,8002,0.84734375,0.8654528266093031,0.9778125,0.283125,6,6,0,6,192,192,0,6144
ton_full,strict,512,xvd_b1_ton_full_strict_512,8003,0.85671875,0.8739594013566229,0.98015625,0.26671875,4,4,1,3,128,128,0,4096
ton_full,strict,512,xvd_b1_ton_full_strict_512,8004,0.85453125,0.8713662747261895,0.97,0.2609375,5,5,2,3,160,160,0,5120
ton_full,strict,512,xvd_b1_ton_full_strict_512,8005,0.8403125,0.8592545205802092,0.9709375,0.2903125,3,3,1,2,96,96,0,3072
ton_full,strict,512,xvd_b1_ton_full_strict_512,8006,0.84703125,0.8647529865592496,0.97515625,0.28109375,7,7,0,7,224,224,0,7168
ton_full,strict,512,xvd_b1_ton_full_strict_512,8007,0.83953125,0.8595115980518326,0.97859375,0.29953125,7,7,2,5,224,224,0,7168
ton_full,strict,512,xvd_b1_ton_full_strict_512,8008,0.8253125,0.8426972966438734,0.93921875,0.28859375,5,5,1,4,160,160,0,5120
ton_full,strict,512,xvd_b1_ton_full_strict_512,8009,0.843359375,0.8604755651541276,0.96328125,0.2765625,6,6,0,6,192,192,0,6144
ton_full,strict,512,xvd_b1_ton_full_strict_512,8010,0.7996875,0.8119532816211904,0.88640625,0.28703125,3,3,2,1,96,96,0,3072
ton_full,strict,512,xvd_b1_ton_full_strict_512,8011,0.8184375,0.8338588964018692,0.9240625,0.2871875,5,5,1,4,160,160,0,5120
ton_full,strict,512,xvd_b1_ton_full_strict_512,8012,0.850859375,0.8680641797807702,0.978125,0.27640625,6,6,0,6,192,192,0,6144
ton_full,strict,512,xvd_b1_ton_full_strict_512,8013,0.846484375,0.864632036302632,0.97796875,0.285,7,7,0,7,224,224,0,7168
ton_full,strict,512,xvd_b1_ton_full_strict_512,8014,0.81875,0.8328553034317552,0.916875,0.279375,2,2,2,0,64,64,0,2048
ton_full,strict,512,xvd_b1_ton_full_strict_512,8015,0.841875,0.8613981977150189,0.97984375,0.29609375,6,6,0,6,192,192,0,6144
ton_full,strict,512,xvd_b1_ton_full_strict_512,8016,0.8453125,0.858047277285948,0.92,0.229375,5,5,1,4,160,160,0,5120
ton_full,strict,512,xvd_b1_ton_full_strict_512,8017,0.846796875,0.8656072057718667,0.98296875,0.289375,7,7,0,7,224,224,0,7168
ton_full,strict,512,xvd_b1_ton_full_strict_512,8018,0.87453125,0.8855720681631619,0.9584375,0.209375,4,4,1,3,128,128,0,4096
ton_full,strict,512,xvd_b1_ton_full_strict_512,8019,0.84203125,0.8614779988102783,0.9790625,0.295,6,6,0,6,192,192,0,6144
ton_full,strict,512,xvd_b1_ton_full_strict_512,8020,0.83546875,0.8448510469762662,0.91234375,0.24140625,4,4,1,3,128,128,0,4096
ton_full,strict,512,xvd_b1_ton_full_strict_512,8021,0.871171875,0.8853574360088763,0.9734375,0.23109375,5,5,1,4,160,160,0,5120
ton_full,strict,512,xvd_b1_ton_full_strict_512,8022,0.86328125,0.879209730011055,0.9815625,0.255,6,6,1,5,192,192,0,6144
ton_full,strict,512,xvd_b1_ton_full_strict_512,8023,0.843125,0.862506999540002,0.97890625,0.29265625,6,6,1,5,192,192,0,6144
ton_full,strict,512,xvd_b1_ton_full_strict_512,8024,0.84328125,0.862329338754186,0.97796875,0.29140625,7,7,0,7,224,224,0,7168
ton_full,strict,512,xvd_b1_ton_full_strict_512,8025,0.8503125,0.8678597931013468,0.97921875,0.27859375,7,7,1,6,224,224,0,7168
ton_full,strict,512,xvd_b1_ton_full_strict_512,8026,0.846953125,0.8653998097456099,0.9815625,0.28765625,4,4,1,3,128,128,0,4096
ton_full,strict,512,xvd_b1_ton_full_strict_512,8027,0.847265625,0.8655454411455579,0.9796875,0.28515625,6,6,0,6,192,192,0,6144
ton_full,strict,512,xvd_b1_ton_full_strict_512,8028,0.852421875,0.869355177306807,0.97796875,0.273125,6,6,0,6,192,192,0,6144
ton_full,strict,512,xvd_b1_ton_full_strict_512,8029,0.8584375,0.8739649864251148,0.973125,0.25625,6,6,1,5,192,192,0,6144
ton_full,strict,512,xvd_b1_ton_full_strict_512,8030,0.8515625,0.869157582726853,0.98234375,0.27921875,6,6,0,6,192,192,0,6144
ton_full,atc,512,xvd_b1_ton_full_atc_512,8001,0.8434375,0.8625101115668712,0.97828125,0.29140625,2,2,2,0,0,0,0,2048
ton_full,atc,512,xvd_b1_ton_full_atc_512,8002,0.846015625,0.8642755386038559,0.97671875,0.2846875,3,3,2,1,0,0,0,3072
ton_full,atc,512,xvd_b1_ton_full_atc_512,8003,0.844921875,0.8634669302627276,0.97625,0.28640625,1,1,1,0,0,0,0,1024
ton_full,atc,512,xvd_b1_ton_full_atc_512,8004,0.84,0.8588037811648849,0.97015625,0.29015625,3,3,2,1,0,0,0,3072
ton_full,atc,512,xvd_b1_ton_full_atc_512,8005,0.840625,0.8598316689787731,0.97359375,0.29234375,2,2,2,0,0,0,0,2048
ton_full,atc,512,xvd_b1_ton_full_atc_512,8006,0.84296875,0.8614692851219804,0.9734375,0.2875,1,1,1,0,0,0,0,1024
ton_full,atc,512,xvd_b1_ton_full_atc_512,8007,0.84171875,0.8613541369438624,0.97984375,0.29640625,4,4,2,2,0,0,0,4096
ton_full,atc,512,xvd_b1_ton_full_atc_512,8008,0.8353125,0.8512891761547664,0.93875,0.268125,3,3,3,0,0,0,0,3072
ton_full,atc,512,xvd_b1_ton_full_atc_512,8009,0.845859375,0.8639535327724817,0.9759375,0.28421875,2,2,2,0,0,0,0,2048
ton_full,atc,512,xvd_b1_ton_full_atc_512,8010,0.815859375,0.8321547263764256,0.92390625,0.2921875,2,2,2,0,0,0,0,2048
ton_full,atc,512,xvd_b1_ton_full_atc_512,8011,0.818125,0.8335964823204628,0.92375,0.2875,4,4,2,2,0,0,0,4096
ton_full,atc,512,xvd_b1_ton_full_atc_512,8012,0.849453125,0.8668680400677954,0.9771875,0.27828125,2,2,2,0,0,0,0,2048
ton_full,atc,512,xvd_b1_ton_full_atc_512,8013,0.841875,0.8607297571498647,0.97484375,0.29109375,2,2,2,0,0,0,0,2048
ton_full,atc,512,xvd_b1_ton_full_atc_512,8014,0.81875,0.8328553034317552,0.916875,0.279375,2,2,2,0,0,0,0,2048
ton_full,atc,512,xvd_b1_ton_full_atc_512,8015,0.839921875,0.8596238319306455,0.9771875,0.29734375,4,4,2,2,0,0,0,4096
ton_full,atc,512,xvd_b1_ton_full_atc_512,8016,0.833046875,0.8521170249304246,0.95921875,0.293125,2,2,2,0,0,0,0,2048
ton_full,atc,512,xvd_b1_ton_full_atc_512,8017,0.84078125,0.8606035563054293,0.97921875,0.29765625,3,3,3,0,0,0,0,3072
ton_full,atc,512,xvd_b1_ton_full_atc_512,8018,0.855234375,0.8696769730483761,0.9584375,0.24796875,3,3,2,1,0,0,0,3072
ton_full,atc,512,xvd_b1_ton_full_atc_512,8019,0.8384375,0.8587299809822687,0.97890625,0.30203125,2,2,1,1,0,0,0,2048
ton_full,atc,512,xvd_b1_ton_full_atc_512,8020,0.8371875,0.8461161691401783,0.91203125,0.23765625,2,2,2,0,0,0,0,2048
ton_full,atc,512,xvd_b1_ton_full_atc_512,8021,0.844375,0.862762376721793,0.97578125,0.28703125,5,5,1,4,0,0,0,5120
ton_full,atc,512,xvd_b1_ton_full_atc_512,8022,0.84390625,0.8630431681783165,0.9790625,0.29125,3,3,3,0,0,0,0,3072
ton_full,atc,512,xvd_b1_ton_full_atc_512,8023,0.840546875,0.8604106600947324,0.9778125,0.29671875,4,4,2,2,0,0,0,4096
ton_full,atc,512,xvd_b1_ton_full_atc_512,8024,0.84109375,0.8605738151269765,0.976875,0.2946875,3,3,3,0,0,0,0,3072
ton_full,atc,512,xvd_b1_ton_full_atc_512,8025,0.844609375,0.8628194230146481,0.9746875,0.28546875,5,5,1,4,0,0,0,5120
ton_full,atc,512,xvd_b1_ton_full_atc_512,8026,0.84421875,0.8629401613462093,0.9784375,0.29,1,1,1,0,0,0,0,1024
ton_full,atc,512,xvd_b1_ton_full_atc_512,8027,0.845390625,0.8638219767559258,0.9771875,0.28640625,2,2,1,1,0,0,0,2048
ton_full,atc,512,xvd_b1_ton_full_atc_512,8028,0.847109375,0.865117998571816,0.976875,0.28265625,5,5,2,3,0,0,0,5120
ton_full,atc,512,xvd_b1_ton_full_atc_512,8029,0.846328125,0.864961652175126,0.979375,0.28671875,3,3,2,1,0,0,0,3072
ton_full,atc,512,xvd_b1_ton_full_atc_512,8030,0.84265625,0.8607936797238738,0.96953125,0.28421875,1,1,1,0,0,0,0,1024
ton_full,doc,512,xvd_b1_ton_full_doc_512,8001,0.8434375,0.8625101115668712,0.97828125,0.29140625,2,2,2,0,0,0,0,2048
ton_full,doc,512,xvd_b1_ton_full_doc_512,8002,0.84109375,0.8606154590423415,0.97671875,0.29453125,2,2,2,0,0,0,0,2048
ton_full,doc,512,xvd_b1_ton_full_doc_512,8003,0.844921875,0.8634669302627276,0.97625,0.28640625,1,1,1,0,0,0,0,1024
ton_full,doc,512,xvd_b1_ton_full_doc_512,8004,0.84,0.8588037811648849,0.97015625,0.29015625,3,3,2,1,0,0,0,3072
ton_full,doc,512,xvd_b1_ton_full_doc_512,8005,0.840625,0.8598316689787731,0.97359375,0.29234375,2,2,2,0,0,0,0,2048
ton_full,doc,512,xvd_b1_ton_full_doc_512,8006,0.84296875,0.8614692851219804,0.9734375,0.2875,1,1,1,0,0,0,0,1024
ton_full,doc,512,xvd_b1_ton_full_doc_512,8007,0.84171875,0.8613541369438624,0.97984375,0.29640625,4,4,2,2,0,0,0,4096
ton_full,doc,512,xvd_b1_ton_full_doc_512,8008,0.8353125,0.8512891761547664,0.93875,0.268125,3,3,3,0,0,0,0,3072
ton_full,doc,512,xvd_b1_ton_full_doc_512,8009,0.84703125,0.8648958252809558,0.97640625,0.28234375,4,4,1,3,0,0,0,4096
ton_full,doc,512,xvd_b1_ton_full_doc_512,8010,0.813359375,0.8302731792837169,0.9240625,0.29734375,4,4,1,3,0,0,0,4096
ton_full,doc,512,xvd_b1_ton_full_doc_512,8011,0.81859375,0.8339170483675464,0.9234375,0.28625,5,5,2,3,0,0,0,5120
ton_full,doc,512,xvd_b1_ton_full_doc_512,8012,0.849453125,0.8668680400677954,0.9771875,0.27828125,2,2,2,0,0,0,0,2048
ton_full,doc,512,xvd_b1_ton_full_doc_512,8013,0.841875,0.8607297571498647,0.97484375,0.29109375,2,2,2,0,0,0,0,2048
ton_full,doc,512,xvd_b1_ton_full_doc_512,8014,0.81875,0.8328553034317552,0.916875,0.279375,2,2,2,0,0,0,0,2048
ton_full,doc,512,xvd_b1_ton_full_doc_512,8015,0.84015625,0.8597811423964388,0.9771875,0.296875,3,3,2,1,0,0,0,3072
ton_full,doc,512,xvd_b1_ton_full_doc_512,8016,0.833046875,0.8521170249304246,0.95921875,0.293125,2,2,2,0,0,0,0,2048
ton_full,doc,512,xvd_b1_ton_full_doc_512,8017,0.84078125,0.8606035563054293,0.97921875,0.29765625,3,3,3,0,0,0,0,3072
ton_full,doc,512,xvd_b1_ton_full_doc_512,8018,0.855234375,0.8696769730483761,0.9584375,0.24796875,3,3,2,1,0,0,0,3072
ton_full,doc,512,xvd_b1_ton_full_doc_512,8019,0.8384375,0.8587299809822687,0.97890625,0.30203125,2,2,1,1,0,0,0,2048
ton_full,doc,512,xvd_b1_ton_full_doc_512,8020,0.8371875,0.8461161691401783,0.91203125,0.23765625,2,2,2,0,0,0,0,2048
ton_full,doc,512,xvd_b1_ton_full_doc_512,8021,0.871796875,0.8865659842206921,0.97515625,0.2315625,4,4,2,2,0,0,0,4096
ton_full,doc,512,xvd_b1_ton_full_doc_512,8022,0.8478125,0.8659527940684445,0.9790625,0.2834375,3,3,2,1,0,0,0,3072
ton_full,doc,512,xvd_b1_ton_full_doc_512,8023,0.841171875,0.8608569111057446,0.9778125,0.29546875,4,4,1,3,0,0,0,4096
ton_full,doc,512,xvd_b1_ton_full_doc_512,8024,0.840234375,0.8599067119076451,0.97703125,0.2965625,3,3,2,1,0,0,0,3072
ton_full,doc,512,xvd_b1_ton_full_doc_512,8025,0.845546875,0.8635167537018767,0.97453125,0.2834375,4,4,2,2,0,0,0,4096
ton_full,doc,512,xvd_b1_ton_full_doc_512,8026,0.84421875,0.8629401613462093,0.9784375,0.29,1,1,1,0,0,0,0,1024
ton_full,doc,512,xvd_b1_ton_full_doc_512,8027,0.845390625,0.8638219767559258,0.9771875,0.28640625,2,2,1,1,0,0,0,2048
ton_full,doc,512,xvd_b1_ton_full_doc_512,8028,0.847109375,0.865117998571816,0.976875,0.28265625,5,5,2,3,0,0,0,5120
ton_full,doc,512,xvd_b1_ton_full_doc_512,8029,0.846328125,0.864961652175126,0.979375,0.28671875,3,3,2,1,0,0,0,3072
ton_full,doc,512,xvd_b1_ton_full_doc_512,8030,0.84265625,0.8607936797238738,0.96953125,0.28421875,1,1,1,0,0,0,0,1024
ton_full,enscal,512,xvd_b1_ton_full_enscal_512,8001,0.843984375,0.8630637152948856,0.979375,0.29140625,2,2,2,0,0,0,0,2048
ton_full,enscal,512,xvd_b1_ton_full_enscal_512,8002,0.845546875,0.8640996143105562,0.978125,0.28703125,2,2,2,0,0,0,0,2048
ton_full,enscal,512,xvd_b1_ton_full_enscal_512,8003,0.84640625,0.8651948516741885,0.98109375,0.28828125,1,1,1,0,0,0,0,1024
ton_full,enscal,512,xvd_b1_ton_full_enscal_512,8004,0.84125,0.8599487124393325,0.9715625,0.2890625,2,2,2,0,0,0,0,2048
ton_full,enscal,512,xvd_b1_ton_full_enscal_512,8005,0.84265625,0.8614405225279205,0.9740625,0.28875,2,2,2,0,0,0,0,2048
ton_full,enscal,512,xvd_b1_ton_full_enscal_512,8006,0.845625,0.8636944104013715,0.97515625,0.28390625,1,1,1,0,0,0,0,1024
ton_full,enscal,512,xvd_b1_ton_full_enscal_512,8007,0.84234375,0.8622457537836088,0.983125,0.2984375,3,3,3,0,0,0,0,3072
ton_full,enscal,512,xvd_b1_ton_full_enscal_512,8008,0.833046875,0.8488853822938023,0.93984375,0.27375,3,3,3,0,0,0,0,3072
ton_full,enscal,512,xvd_b1_ton_full_enscal_512,8009,0.849453125,0.8670470095034457,0.97890625,0.28,2,2,2,0,0,0,0,2048
ton_full,enscal,512,xvd_b1_ton_full_enscal_512,8010,0.819921875,0.8354321138831645,0.92578125,0.2859375,2,2,2,0,0,0,0,2048
ton_full,enscal,512,xvd_b1_ton_full_enscal_512,8011,0.82203125,0.8366600831357048,0.924375,0.2803125,3,3,3,0,0,0,0,3072
ton_full,enscal,512,xvd_b1_ton_full_enscal_512,8012,0.85,0.867429297050487,0.97828125,0.27828125,2,2,2,0,0,0,0,2048
ton_full,enscal,512,xvd_b1_ton_full_enscal_512,8013,0.843046875,0.8618313870484626,0.97640625,0.2903125,2,2,2,0,0,0,0,2048
ton_full,enscal,512,xvd_b1_ton_full_enscal_512,8014,0.82015625,0.8340966242766022,0.91828125,0.27796875,2,2,2,0,0,0,0,2048
ton_full,enscal,512,xvd_b1_ton_full_enscal_512,8015,0.83859375,0.8586963022042583,0.97765625,0.30046875,3,3,3,0,0,0,0,3072
ton_full,enscal,512,xvd_b1_ton_full_enscal_512,8016,0.8409375,0.8585995920042027,0.963125,0.28125,2,2,2,0,0,0,0,2048
ton_full,enscal,512,xvd_b1_ton_full_enscal_512,8017,0.841640625,0.8613889878193884,0.9803125,0.29703125,3,3,3,0,0,0,0,3072
ton_full,enscal,512,xvd_b1_ton_full_enscal_512,8018,0.8575,0.8717507231672634,0.96109375,0.24609375,3,3,3,0,0,0,0,3072
ton_full,enscal,512,xvd_b1_ton_full_enscal_512,8019,0.840703125,0.860473305917573,0.9790625,0.29765625,2,2,2,0,0,0,0,2048
ton_full,enscal,512,xvd_b1_ton_full_enscal_512,8020,0.840546875,0.8487305529210936,0.91265625,0.2315625,2,2,2,0,0,0,0,2048
ton_full,enscal,512,xvd_b1_ton_full_enscal_512,8021,0.844140625,0.8626425841954649,0.97625,0.28796875,2,2,2,0,0,0,0,2048
ton_full,enscal,512,xvd_b1_ton_full_enscal_512,8022,0.846953125,0.8654462955227257,0.98015625,0.28625,3,3,3,0,0,0,0,3072
ton_full,enscal,512,xvd_b1_ton_full_enscal_512,8023,0.8421875,0.8617928995818499,0.97921875,0.29484375,2,2,2,0,0,0,0,2048
ton_full,enscal,512,xvd_b1_ton_full_enscal_512,8024,0.84140625,0.8608122170896298,0.97703125,0.29421875,3,3,3,0,0,0,0,3072
ton_full,enscal,512,xvd_b1_ton_full_enscal_512,8025,0.845859375,0.8641696156585235,0.97796875,0.28625,2,2,2,0,0,0,0,2048
ton_full,enscal,512,xvd_b1_ton_full_enscal_512,8026,0.8465625,0.8652028028289527,0.9825,0.289375,1,1,1,0,0,0,0,1024
ton_full,enscal,512,xvd_b1_ton_full_enscal_512,8027,0.84625,0.8645353111958086,0.97765625,0.28515625,2,2,2,0,0,0,0,2048
ton_full,enscal,512,xvd_b1_ton_full_enscal_512,8028,0.85109375,0.8682638077967482,0.97734375,0.27515625,3,3,3,0,0,0,0,3072
ton_full,enscal,512,xvd_b1_ton_full_enscal_512,8029,0.848203125,0.8667500021074865,0.98234375,0.2859375,2,2,2,0,0,0,0,2048
ton_full,enscal,512,xvd_b1_ton_full_enscal_512,8030,0.848203125,0.8662817045899689,0.9796875,0.28328125,1,1,1,0,0,0,0,1024
ps_zero,never,n/a,xvd_b1_ps_zero_never,8001,0.88078125,0.8737834249745265,,,0,0,0,0,0,0,0,0
ps_zero,never,n/a,xvd_b1_ps_zero_never,8002,0.88625,0.8787646266880281,,,0,0,0,0,0,0,0,0
ps_zero,never,n/a,xvd_b1_ps_zero_never,8003,0.88375,0.8760159254481443,,,0,0,0,0,0,0,0,0
ps_zero,never,n/a,xvd_b1_ps_zero_never,8004,0.891640625,0.8840304741147423,,,0,0,0,0,0,0,0,0
ps_zero,never,n/a,xvd_b1_ps_zero_never,8005,0.904453125,0.9010013971296451,,,0,0,0,0,0,0,0,0
ps_zero,never,n/a,xvd_b1_ps_zero_never,8006,0.880703125,0.8734345809100676,,,0,0,0,0,0,0,0,0
ps_zero,never,n/a,xvd_b1_ps_zero_never,8007,0.8884375,0.881492252701656,,,0,0,0,0,0,0,0,0
ps_zero,never,n/a,xvd_b1_ps_zero_never,8008,0.891015625,0.8835977353046864,,,0,0,0,0,0,0,0,0
ps_zero,never,n/a,xvd_b1_ps_zero_never,8009,0.885625,0.8782917837536423,,,0,0,0,0,0,0,0,0
ps_zero,never,n/a,xvd_b1_ps_zero_never,8010,0.88390625,0.8770193780936972,,,0,0,0,0,0,0,0,0
ps_zero,never,n/a,xvd_b1_ps_zero_never,8011,0.909765625,0.9073319563355811,,,0,0,0,0,0,0,0,0
ps_zero,never,n/a,xvd_b1_ps_zero_never,8012,0.88453125,0.8782565370979625,,,0,0,0,0,0,0,0,0
ps_zero,never,n/a,xvd_b1_ps_zero_never,8013,0.88328125,0.8759682027553504,,,0,0,0,0,0,0,0,0
ps_zero,never,n/a,xvd_b1_ps_zero_never,8014,0.882265625,0.8752608478476479,,,0,0,0,0,0,0,0,0
ps_zero,never,n/a,xvd_b1_ps_zero_never,8015,0.908046875,0.9146390718539386,,,0,0,0,0,0,0,0,0
ps_zero,never,n/a,xvd_b1_ps_zero_never,8016,0.8796875,0.8730906814639774,,,0,0,0,0,0,0,0,0
ps_zero,never,n/a,xvd_b1_ps_zero_never,8017,0.887265625,0.8810948075262773,,,0,0,0,0,0,0,0,0
ps_zero,never,n/a,xvd_b1_ps_zero_never,8018,0.883984375,0.8776551080183664,,,0,0,0,0,0,0,0,0
ps_zero,never,n/a,xvd_b1_ps_zero_never,8019,0.90921875,0.9062289541497627,,,0,0,0,0,0,0,0,0
ps_zero,never,n/a,xvd_b1_ps_zero_never,8020,0.960390625,0.9611725483178216,,,0,0,0,0,0,0,0,0
ps_zero,never,n/a,xvd_b1_ps_zero_never,8021,0.882890625,0.8758945691779104,,,0,0,0,0,0,0,0,0
ps_zero,never,n/a,xvd_b1_ps_zero_never,8022,0.882890625,0.8754245302915811,,,0,0,0,0,0,0,0,0
ps_zero,never,n/a,xvd_b1_ps_zero_never,8023,0.88328125,0.876393925097286,,,0,0,0,0,0,0,0,0
ps_zero,never,n/a,xvd_b1_ps_zero_never,8024,0.8884375,0.8814196925184754,,,0,0,0,0,0,0,0,0
ps_zero,never,n/a,xvd_b1_ps_zero_never,8025,0.88828125,0.8820252756968614,,,0,0,0,0,0,0,0,0
ps_zero,never,n/a,xvd_b1_ps_zero_never,8026,0.885703125,0.8788217103590793,,,0,0,0,0,0,0,0,0
ps_zero,never,n/a,xvd_b1_ps_zero_never,8027,0.89015625,0.8839973537199224,,,0,0,0,0,0,0,0,0
ps_zero,never,n/a,xvd_b1_ps_zero_never,8028,0.87796875,0.8706964336804499,,,0,0,0,0,0,0,0,0
ps_zero,never,n/a,xvd_b1_ps_zero_never,8029,0.89140625,0.885540355681323,,,0,0,0,0,0,0,0,0
ps_zero,never,n/a,xvd_b1_ps_zero_never,8030,0.88375,0.8765014141870529,,,0,0,0,0,0,0,0,0
ps_zero,naive,2000,xvd_b1_ps_zero_naive_2000,8001,0.88359375,0.8763916111093764,0.8296875,0.0625,4,4,4,0,0,0,0,16000
ps_zero,naive,2000,xvd_b1_ps_zero_naive_2000,8002,0.8853125,0.877914744393357,0.8275,0.056875,3,3,3,0,0,0,0,12000
ps_zero,naive,2000,xvd_b1_ps_zero_naive_2000,8003,0.891328125,0.8846732210758147,0.84453125,0.061875,4,4,4,0,0,0,0,16000
ps_zero,naive,2000,xvd_b1_ps_zero_naive_2000,8004,0.881796875,0.8777784025178639,0.84640625,0.0828125,3,3,3,0,0,0,0,12000
ps_zero,naive,2000,xvd_b1_ps_zero_naive_2000,8005,0.88859375,0.882355257199741,0.8396875,0.0625,2,2,2,0,0,0,0,8000
ps_zero,naive,2000,xvd_b1_ps_zero_naive_2000,8006,0.8828125,0.8756430860389749,0.8290625,0.0634375,2,2,2,0,0,0,0,8000
ps_zero,naive,2000,xvd_b1_ps_zero_naive_2000,8007,0.883203125,0.8766909914637989,0.83234375,0.0659375,4,4,4,0,0,0,0,16000
ps_zero,naive,2000,xvd_b1_ps_zero_naive_2000,8008,0.892734375,0.8879934410657145,0.85578125,0.0703125,4,4,4,0,0,0,0,16000
ps_zero,naive,2000,xvd_b1_ps_zero_naive_2000,8009,0.885546875,0.8782491620171536,0.83,0.05890625,4,4,4,0,0,0,0,16000
ps_zero,naive,2000,xvd_b1_ps_zero_naive_2000,8010,0.886953125,0.8798158566879544,0.83125,0.05734375,2,2,2,0,0,0,0,8000
ps_zero,naive,2000,xvd_b1_ps_zero_naive_2000,8011,0.898359375,0.8944335866911469,0.86546875,0.06875,2,2,2,0,0,0,0,8000
ps_zero,naive,2000,xvd_b1_ps_zero_naive_2000,8012,0.910234375,0.9062980613117585,0.88203125,0.0615625,4,4,4,0,0,0,0,16000
ps_zero,naive,2000,xvd_b1_ps_zero_naive_2000,8013,0.88265625,0.8753919560116635,0.82953125,0.06421875,1,1,1,0,0,0,0,4000
ps_zero,naive,2000,xvd_b1_ps_zero_naive_2000,8014,0.8771875,0.8707453481681098,0.830625,0.07625,4,4,4,0,0,0,0,16000
ps_zero,naive,2000,xvd_b1_ps_zero_naive_2000,8015,0.88875,0.8834013569043642,0.846875,0.069375,2,2,2,0,0,0,0,8000
ps_zero,naive,2000,xvd_b1_ps_zero_naive_2000,8016,0.879375,0.8732538632980321,0.83375,0.075,4,4,4,0,0,0,0,16000
ps_zero,naive,2000,xvd_b1_ps_zero_naive_2000,8017,0.898515625,0.8957491837091083,0.87625,0.07921875,5,5,5,0,0,0,0,20000
ps_zero,naive,2000,xvd_b1_ps_zero_naive_2000,8018,0.884296875,0.877929915547449,0.835,0.06640625,4,4,4,0,0,0,0,16000
ps_zero,naive,2000,xvd_b1_ps_zero_naive_2000,8019,0.887109375,0.880598803755946,0.83671875,0.0625,3,3,3,0,0,0,0,12000
ps_zero,naive,2000,xvd_b1_ps_zero_naive_2000,8020,0.900234375,0.8954072931383688,0.86359375,0.063125,4,4,4,0,0,0,0,16000
ps_zero,naive,2000,xvd_b1_ps_zero_naive_2000,8021,0.887421875,0.8811493880899295,0.838125,0.06328125,5,5,5,0,0,0,0,20000
ps_zero,naive,2000,xvd_b1_ps_zero_naive_2000,8022,0.87546875,0.8686135818518481,0.825,0.0740625,2,2,2,0,0,0,0,8000
ps_zero,naive,2000,xvd_b1_ps_zero_naive_2000,8023,0.8840625,0.877067238403079,0.83,0.061875,4,4,4,0,0,0,0,16000
ps_zero,naive,2000,xvd_b1_ps_zero_naive_2000,8024,0.88796875,0.8814951779295235,0.83875,0.0628125,3,3,3,0,0,0,0,12000
ps_zero,naive,2000,xvd_b1_ps_zero_naive_2000,8025,0.895078125,0.8900830249397944,0.85453125,0.064375,7,7,7,0,0,0,0,28000
ps_zero,naive,2000,xvd_b1_ps_zero_naive_2000,8026,0.886796875,0.87993474415445,0.83296875,0.059375,3,3,3,0,0,0,0,12000
ps_zero,naive,2000,xvd_b1_ps_zero_naive_2000,8027,0.88859375,0.8826735531462211,0.8428125,0.065625,4,4,4,0,0,0,0,16000
ps_zero,naive,2000,xvd_b1_ps_zero_naive_2000,8028,0.88265625,0.876072917333659,0.83421875,0.06890625,5,5,5,0,0,0,0,20000
ps_zero,naive,2000,xvd_b1_ps_zero_naive_2000,8029,0.88828125,0.8826454213283361,0.8434375,0.066875,4,4,4,0,0,0,0,16000
ps_zero,naive,2000,xvd_b1_ps_zero_naive_2000,8030,0.883984375,0.8767331509382982,0.8290625,0.06109375,3,3,3,0,0,0,0,12000
ps_zero,point,2000,xvd_b1_ps_zero_point_2000,8001,0.884765625,0.8774634479843135,0.8296875,0.06015625,4,4,3,1,128,128,0,16000
ps_zero,point,2000,xvd_b1_ps_zero_point_2000,8002,0.88609375,0.8786356354718562,0.8275,0.0553125,3,3,2,1,96,96,0,12000
ps_zero,point,2000,xvd_b1_ps_zero_point_2000,8003,0.8828125,0.8751602038104087,0.82609375,0.06046875,4,4,3,1,128,128,0,16000
ps_zero,point,2000,xvd_b1_ps_zero_point_2000,8004,0.8978125,0.8917356405410698,0.84671875,0.05109375,3,3,2,1,96,96,0,12000
ps_zero,point,2000,xvd_b1_ps_zero_point_2000,8005,0.88859375,0.882355257199741,0.8396875,0.0625,2,2,2,0,64,64,0,8000
ps_zero,point,2000,xvd_b1_ps_zero_point_2000,8006,0.8828125,0.8756430860389749,0.8290625,0.0634375,2,2,2,0,64,64,0,8000
ps_zero,point,2000,xvd_b1_ps_zero_point_2000,8007,0.883203125,0.8766909914637989,0.83234375,0.0659375,4,4,4,0,128,128,0,16000
ps_zero,point,2000,xvd_b1_ps_zero_point_2000,8008,0.892734375,0.8879934410657145,0.85578125,0.0703125,4,4,4,0,128,128,0,16000
ps_zero,point,2000,xvd_b1_ps_zero_point_2000,8009,0.885546875,0.8782491620171536,0.83,0.05890625,4,4,4,0,128,128,0,16000
ps_zero,point,2000,xvd_b1_ps_zero_point_2000,8010,0.888671875,0.8813752093482142,0.83125,0.05390625,2,2,1,1,64,64,0,8000
ps_zero,point,2000,xvd_b1_ps_zero_point_2000,8011,0.898125,0.8942030946035797,0.8653125,0.0690625,2,2,1,1,64,64,0,8000
ps_zero,point,2000,xvd_b1_ps_zero_point_2000,8012,0.910234375,0.9062980613117585,0.88203125,0.0615625,4,4,4,0,128,128,0,16000
ps_zero,point,2000,xvd_b1_ps_zero_point_2000,8013,0.88265625,0.8753919560116635,0.82953125,0.06421875,1,1,1,0,32,32,0,4000
ps_zero,point,2000,xvd_b1_ps_zero_point_2000,8014,0.883984375,0.8768979409010914,0.8303125,0.06234375,4,4,3,1,128,128,0,16000
ps_zero,point,2000,xvd_b1_ps_zero_point_2000,8015,0.890703125,0.8851606680831482,0.84703125,0.065625,2,2,1,1,64,64,0,8000
ps_zero,point,2000,xvd_b1_ps_zero_point_2000,8016,0.879375,0.8732538632980321,0.83375,0.075,4,4,4,0,128,128,0,16000
ps_zero,point,2000,xvd_b1_ps_zero_point_2000,8017,0.895,0.8892530952463331,0.848125,0.058125,5,5,3,2,160,160,0,20000
ps_zero,point,2000,xvd_b1_ps_zero_point_2000,8018,0.884296875,0.877929915547449,0.835,0.06640625,4,4,4,0,128,128,0,16000
ps_zero,point,2000,xvd_b1_ps_zero_point_2000,8019,0.887890625,0.8813090748632427,0.83671875,0.0609375,3,3,2,1,96,96,0,12000
ps_zero,point,2000,xvd_b1_ps_zero_point_2000,8020,0.90046875,0.8953666599806926,0.86140625,0.06046875,4,4,3,1,128,128,0,16000
ps_zero,point,2000,xvd_b1_ps_zero_point_2000,8021,0.88765625,0.8813885704142964,0.83828125,0.06296875,5,5,4,1,160,160,0,20000
ps_zero,point,2000,xvd_b1_ps_zero_point_2000,8022,0.87546875,0.8686135818518481,0.825,0.0740625,2,2,2,0,64,64,0,8000
ps_zero,point,2000,xvd_b1_ps_zero_point_2000,8023,0.881953125,0.8751806359378653,0.83046875,0.0665625,4,4,3,1,128,128,0,16000
ps_zero,point,2000,xvd_b1_ps_zero_point_2000,8024,0.8871875,0.8802133956342171,0.833125,0.05875,3,3,2,1,96,96,0,12000
ps_zero,point,2000,xvd_b1_ps_zero_point_2000,8025,0.893125,0.8876279506322343,0.8490625,0.0628125,7,7,6,1,224,224,0,28000
ps_zero,point,2000,xvd_b1_ps_zero_point_2000,8026,0.886796875,0.87993474415445,0.83296875,0.059375,3,3,3,0,96,96,0,12000
ps_zero,point,2000,xvd_b1_ps_zero_point_2000,8027,0.888125,0.8822084473473436,0.8428125,0.0665625,4,4,3,1,128,128,0,16000
ps_zero,point,2000,xvd_b1_ps_zero_point_2000,8028,0.88265625,0.876072917333659,0.83421875,0.06890625,5,5,5,0,160,160,0,20000
ps_zero,point,2000,xvd_b1_ps_zero_point_2000,8029,0.889140625,0.8834490854837437,0.8434375,0.06515625,4,4,3,1,128,128,0,16000
ps_zero,point,2000,xvd_b1_ps_zero_point_2000,8030,0.883984375,0.8767331509382982,0.8290625,0.06109375,3,3,3,0,96,96,0,12000
ps_zero,strict,2000,xvd_b1_ps_zero_strict_2000,8001,0.883515625,0.8763409214701806,0.83,0.06296875,4,4,1,3,128,128,0,16000
ps_zero,strict,2000,xvd_b1_ps_zero_strict_2000,8002,0.88625,0.8787646266880281,0.82734375,0.05484375,3,3,0,3,96,96,0,12000
ps_zero,strict,2000,xvd_b1_ps_zero_strict_2000,8003,0.88375,0.8760159254481443,0.8259375,0.0584375,4,4,0,4,128,128,0,16000
ps_zero,strict,2000,xvd_b1_ps_zero_strict_2000,8004,0.891640625,0.8840304741147423,0.82984375,0.0465625,3,3,0,3,96,96,0,12000
ps_zero,strict,2000,xvd_b1_ps_zero_strict_2000,8005,0.902421875,0.8991643833019151,0.871875,0.06703125,2,2,1,1,64,64,0,8000
ps_zero,strict,2000,xvd_b1_ps_zero_strict_2000,8006,0.880703125,0.8734345809100676,0.82703125,0.065625,2,2,0,2,64,64,0,8000
ps_zero,strict,2000,xvd_b1_ps_zero_strict_2000,8007,0.8884375,0.881492252701656,0.83234375,0.05546875,4,4,0,4,128,128,0,16000
ps_zero,strict,2000,xvd_b1_ps_zero_strict_2000,8008,0.891015625,0.8835977353046864,0.83234375,0.0503125,4,4,0,4,128,128,0,16000
ps_zero,strict,2000,xvd_b1_ps_zero_strict_2000,8009,0.885625,0.8782917837536423,0.82984375,0.05859375,4,4,0,4,128,128,0,16000
ps_zero,strict,2000,xvd_b1_ps_zero_strict_2000,8010,0.88390625,0.8770193780936972,0.83125,0.0634375,2,2,0,2,64,64,0,8000
ps_zero,strict,2000,xvd_b1_ps_zero_strict_2000,8011,0.898125,0.8942030946035797,0.8653125,0.0690625,2,2,1,1,64,64,0,8000
ps_zero,strict,2000,xvd_b1_ps_zero_strict_2000,8012,0.88453125,0.8782565370979625,0.83578125,0.06671875,4,4,0,4,128,128,0,16000
ps_zero,strict,2000,xvd_b1_ps_zero_strict_2000,8013,0.88328125,0.8759682027553504,0.82953125,0.06296875,1,1,0,1,32,32,0,4000
ps_zero,strict,2000,xvd_b1_ps_zero_strict_2000,8014,0.882265625,0.8752608478476479,0.83015625,0.065625,4,4,0,4,128,128,0,16000
ps_zero,strict,2000,xvd_b1_ps_zero_strict_2000,8015,0.904921875,0.9107302454824452,0.97,0.16015625,2,2,1,1,64,64,0,8000
ps_zero,strict,2000,xvd_b1_ps_zero_strict_2000,8016,0.879765625,0.8731523005890603,0.83125,0.07171875,4,4,1,3,128,128,0,16000
ps_zero,strict,2000,xvd_b1_ps_zero_strict_2000,8017,0.9046875,0.9011163178542122,0.8728125,0.0634375,5,5,1,4,160,160,0,20000
ps_zero,strict,2000,xvd_b1_ps_zero_strict_2000,8018,0.883984375,0.8776551080183664,0.835,0.06703125,4,4,0,4,128,128,0,16000
ps_zero,strict,2000,xvd_b1_ps_zero_strict_2000,8019,0.90921875,0.9062289541497627,0.8796875,0.06125,3,3,0,3,96,96,0,12000
ps_zero,strict,2000,xvd_b1_ps_zero_strict_2000,8020,0.960390625,0.9611725483178216,0.976875,0.05609375,4,4,0,4,128,128,0,16000
ps_zero,strict,2000,xvd_b1_ps_zero_strict_2000,8021,0.883046875,0.8760415885683812,0.8284375,0.06234375,5,5,1,4,160,160,0,20000
ps_zero,strict,2000,xvd_b1_ps_zero_strict_2000,8022,0.882890625,0.8754245302915811,0.82515625,0.059375,2,2,0,2,64,64,0,8000
ps_zero,strict,2000,xvd_b1_ps_zero_strict_2000,8023,0.88328125,0.876393925097286,0.8303125,0.06375,4,4,0,4,128,128,0,16000
ps_zero,strict,2000,xvd_b1_ps_zero_strict_2000,8024,0.8884375,0.8814196925184754,0.83359375,0.05671875,3,3,0,3,96,96,0,12000
ps_zero,strict,2000,xvd_b1_ps_zero_strict_2000,8025,0.90515625,0.9012749716839684,0.87109375,0.06078125,7,7,3,4,224,224,0,28000
ps_zero,strict,2000,xvd_b1_ps_zero_strict_2000,8026,0.885703125,0.8788217103590793,0.8321875,0.06078125,3,3,0,3,96,96,0,12000
ps_zero,strict,2000,xvd_b1_ps_zero_strict_2000,8027,0.89015625,0.8839973537199224,0.84234375,0.06203125,4,4,0,4,128,128,0,16000
ps_zero,strict,2000,xvd_b1_ps_zero_strict_2000,8028,0.87796875,0.8706964336804499,0.82640625,0.07046875,5,5,0,5,160,160,0,20000
ps_zero,strict,2000,xvd_b1_ps_zero_strict_2000,8029,0.89140625,0.885540355681323,0.84359375,0.06078125,4,4,0,4,128,128,0,16000
ps_zero,strict,2000,xvd_b1_ps_zero_strict_2000,8030,0.88375,0.8765014141870529,0.82890625,0.06140625,3,3,0,3,96,96,0,12000
ps_zero,atc,2000,xvd_b1_ps_zero_atc_2000,8001,0.883515625,0.8763409214701806,0.83,0.06296875,4,4,1,3,0,0,0,16000
ps_zero,atc,2000,xvd_b1_ps_zero_atc_2000,8002,0.88625,0.8787646266880281,0.82734375,0.05484375,3,3,0,3,0,0,0,12000
ps_zero,atc,2000,xvd_b1_ps_zero_atc_2000,8003,0.8828125,0.8751602038104087,0.82609375,0.06046875,4,4,3,1,0,0,0,16000
ps_zero,atc,2000,xvd_b1_ps_zero_atc_2000,8004,0.891640625,0.8840304741147423,0.82984375,0.0465625,3,3,0,3,0,0,0,12000
ps_zero,atc,2000,xvd_b1_ps_zero_atc_2000,8005,0.902421875,0.8991643833019151,0.871875,0.06703125,2,2,1,1,0,0,0,8000
ps_zero,atc,2000,xvd_b1_ps_zero_atc_2000,8006,0.88234375,0.8751916578604677,0.8290625,0.064375,2,2,1,1,0,0,0,8000
ps_zero,atc,2000,xvd_b1_ps_zero_atc_2000,8007,0.882734375,0.8762616177044307,0.83234375,0.066875,4,4,3,1,0,0,0,16000
ps_zero,atc,2000,xvd_b1_ps_zero_atc_2000,8008,0.890625,0.8832356468156742,0.83234375,0.05109375,4,4,1,3,0,0,0,16000
ps_zero,atc,2000,xvd_b1_ps_zero_atc_2000,8009,0.885625,0.8782917837536423,0.82984375,0.05859375,4,4,0,4,0,0,0,16000
ps_zero,atc,2000,xvd_b1_ps_zero_atc_2000,8010,0.886953125,0.8798158566879544,0.83125,0.05734375,2,2,2,0,0,0,0,8000
ps_zero,atc,2000,xvd_b1_ps_zero_atc_2000,8011,0.898359375,0.8944335866911469,0.86546875,0.06875,2,2,2,0,0,0,0,8000
ps_zero,atc,2000,xvd_b1_ps_zero_atc_2000,8012,0.88734375,0.8814998356431439,0.84125,0.0665625,4,4,2,2,0,0,0,16000
ps_zero,atc,2000,xvd_b1_ps_zero_atc_2000,8013,0.88328125,0.8759682027553504,0.82953125,0.06296875,1,1,0,1,0,0,0,4000
ps_zero,atc,2000,xvd_b1_ps_zero_atc_2000,8014,0.88234375,0.8753356865573254,0.83015625,0.06546875,4,4,1,3,0,0,0,16000
ps_zero,atc,2000,xvd_b1_ps_zero_atc_2000,8015,0.890703125,0.8851606680831482,0.84703125,0.065625,2,2,1,1,0,0,0,8000
ps_zero,atc,2000,xvd_b1_ps_zero_atc_2000,8016,0.8796875,0.8730906814639774,0.83125,0.071875,4,4,0,4,0,0,0,16000
ps_zero,atc,2000,xvd_b1_ps_zero_atc_2000,8017,0.89046875,0.884017087609891,0.83890625,0.05796875,5,5,1,4,0,0,0,20000
ps_zero,atc,2000,xvd_b1_ps_zero_atc_2000,8018,0.88421875,0.87786929556258,0.835,0.0665625,4,4,2,2,0,0,0,16000
ps_zero,atc,2000,xvd_b1_ps_zero_atc_2000,8019,0.891640625,0.8858115965555914,0.84546875,0.0621875,3,3,2,1,0,0,0,12000
ps_zero,atc,2000,xvd_b1_ps_zero_atc_2000,8020,0.900703125,0.8955603947305579,0.86140625,0.06,4,4,2,2,0,0,0,16000
ps_zero,atc,2000,xvd_b1_ps_zero_atc_2000,8021,0.882734375,0.8757065276859949,0.82828125,0.0628125,5,5,4,1,0,0,0,20000
ps_zero,atc,2000,xvd_b1_ps_zero_atc_2000,8022,0.881796875,0.8743540501427078,0.82484375,0.06125,2,2,1,1,0,0,0,8000
ps_zero,atc,2000,xvd_b1_ps_zero_atc_2000,8023,0.880859375,0.8741691736440312,0.8303125,0.06859375,4,4,1,3,0,0,0,16000
ps_zero,atc,2000,xvd_b1_ps_zero_atc_2000,8024,0.8871875,0.8802133956342171,0.833125,0.05875,3,3,2,1,0,0,0,12000
ps_zero,atc,2000,xvd_b1_ps_zero_atc_2000,8025,0.888828125,0.8832135455743589,0.845,0.06734375,7,7,5,2,0,0,0,28000
ps_zero,atc,2000,xvd_b1_ps_zero_atc_2000,8026,0.88640625,0.879469976905518,0.8321875,0.059375,3,3,1,2,0,0,0,12000
ps_zero,atc,2000,xvd_b1_ps_zero_atc_2000,8027,0.88828125,0.8823499868185337,0.8425,0.0659375,4,4,3,1,0,0,0,16000
ps_zero,atc,2000,xvd_b1_ps_zero_atc_2000,8028,0.880703125,0.8731975637223987,0.82640625,0.065,5,5,2,3,0,0,0,20000
ps_zero,atc,2000,xvd_b1_ps_zero_atc_2000,8029,0.888046875,0.8824384901138045,0.8434375,0.06734375,4,4,3,1,0,0,0,16000
ps_zero,atc,2000,xvd_b1_ps_zero_atc_2000,8030,0.884453125,0.8771187548007267,0.82875,0.05984375,3,3,2,1,0,0,0,12000
ps_zero,doc,2000,xvd_b1_ps_zero_doc_2000,8001,0.88078125,0.8737834249745265,0.82953125,0.06796875,4,4,0,4,0,0,0,16000
ps_zero,doc,2000,xvd_b1_ps_zero_doc_2000,8002,0.88625,0.8787646266880281,0.82734375,0.05484375,3,3,0,3,0,0,0,12000
ps_zero,doc,2000,xvd_b1_ps_zero_doc_2000,8003,0.8846875,0.8768834928245262,0.8259375,0.0565625,4,4,1,3,0,0,0,16000
ps_zero,doc,2000,xvd_b1_ps_zero_doc_2000,8004,0.891640625,0.8840304741147423,0.82984375,0.0465625,3,3,0,3,0,0,0,12000
ps_zero,doc,2000,xvd_b1_ps_zero_doc_2000,8005,0.88859375,0.882355257199741,0.8396875,0.0625,2,2,2,0,0,0,0,8000
ps_zero,doc,2000,xvd_b1_ps_zero_doc_2000,8006,0.880703125,0.8734345809100676,0.82703125,0.065625,2,2,0,2,0,0,0,8000
ps_zero,doc,2000,xvd_b1_ps_zero_doc_2000,8007,0.88640625,0.8796004251033951,0.8321875,0.059375,4,4,1,3,0,0,0,16000
ps_zero,doc,2000,xvd_b1_ps_zero_doc_2000,8008,0.890625,0.8832356468156742,0.83234375,0.05109375,4,4,1,3,0,0,0,16000
ps_zero,doc,2000,xvd_b1_ps_zero_doc_2000,8009,0.88609375,0.8787268969183039,0.8296875,0.0575,4,4,2,2,0,0,0,16000
ps_zero,doc,2000,xvd_b1_ps_zero_doc_2000,8010,0.888671875,0.8813752093482142,0.83125,0.05390625,2,2,1,1,0,0,0,8000
ps_zero,doc,2000,xvd_b1_ps_zero_doc_2000,8011,0.898125,0.8942030946035797,0.8653125,0.0690625,2,2,1,1,0,0,0,8000
ps_zero,doc,2000,xvd_b1_ps_zero_doc_2000,8012,0.88734375,0.8815070718997466,0.84125,0.0665625,4,4,2,2,0,0,0,16000
ps_zero,doc,2000,xvd_b1_ps_zero_doc_2000,8013,0.88265625,0.8753919560116635,0.82953125,0.06421875,1,1,1,0,0,0,0,4000
ps_zero,doc,2000,xvd_b1_ps_zero_doc_2000,8014,0.884140625,0.8770328700822322,0.8303125,0.06203125,4,4,2,2,0,0,0,16000
ps_zero,doc,2000,xvd_b1_ps_zero_doc_2000,8015,0.890703125,0.8851606680831482,0.84703125,0.065625,2,2,1,1,0,0,0,8000
ps_zero,doc,2000,xvd_b1_ps_zero_doc_2000,8016,0.880859375,0.8741666903302849,0.83125,0.06953125,4,4,2,2,0,0,0,16000
ps_zero,doc,2000,xvd_b1_ps_zero_doc_2000,8017,0.89,0.8836038018403571,0.83890625,0.05890625,5,5,2,3,0,0,0,20000
ps_zero,doc,2000,xvd_b1_ps_zero_doc_2000,8018,0.882890625,0.8766722233818213,0.83515625,0.069375,4,4,2,2,0,0,0,16000
ps_zero,doc,2000,xvd_b1_ps_zero_doc_2000,8019,0.891640625,0.8858115965555914,0.84546875,0.0621875,3,3,2,1,0,0,0,12000
ps_zero,doc,2000,xvd_b1_ps_zero_doc_2000,8020,0.901015625,0.8958677291014971,0.8615625,0.05953125,4,4,1,3,0,0,0,16000
ps_zero,doc,2000,xvd_b1_ps_zero_doc_2000,8021,0.88296875,0.8759457100103618,0.8284375,0.0625,5,5,3,2,0,0,0,20000
ps_zero,doc,2000,xvd_b1_ps_zero_doc_2000,8022,0.882890625,0.8754245302915811,0.82515625,0.059375,2,2,0,2,0,0,0,8000
ps_zero,doc,2000,xvd_b1_ps_zero_doc_2000,8023,0.88328125,0.876393925097286,0.8303125,0.06375,4,4,0,4,0,0,0,16000
ps_zero,doc,2000,xvd_b1_ps_zero_doc_2000,8024,0.8884375,0.8814206249883003,0.83359375,0.05671875,3,3,1,2,0,0,0,12000
ps_zero,doc,2000,xvd_b1_ps_zero_doc_2000,8025,0.8884375,0.8822250046131566,0.83953125,0.06265625,7,7,2,5,0,0,0,28000
ps_zero,doc,2000,xvd_b1_ps_zero_doc_2000,8026,0.885703125,0.8788217103590793,0.8321875,0.06078125,3,3,0,3,0,0,0,12000
ps_zero,doc,2000,xvd_b1_ps_zero_doc_2000,8027,0.89015625,0.8839973537199224,0.84234375,0.06203125,4,4,0,4,0,0,0,16000
ps_zero,doc,2000,xvd_b1_ps_zero_doc_2000,8028,0.87796875,0.8706964336804499,0.82640625,0.07046875,5,5,0,5,0,0,0,20000
ps_zero,doc,2000,xvd_b1_ps_zero_doc_2000,8029,0.88828125,0.8826921135474478,0.84359375,0.06703125,4,4,2,2,0,0,0,16000
ps_zero,doc,2000,xvd_b1_ps_zero_doc_2000,8030,0.88515625,0.8777763488867482,0.82875,0.0584375,3,3,1,2,0,0,0,12000
ps_zero,enscal,2000,xvd_b1_ps_zero_enscal_2000,8001,0.895625,0.8873782026682272,0.82765625,0.03640625,4,4,4,0,0,0,0,16000
ps_zero,enscal,2000,xvd_b1_ps_zero_enscal_2000,8002,0.89171875,0.8837510928858042,0.82640625,0.04296875,3,3,3,0,0,0,0,12000
ps_zero,enscal,2000,xvd_b1_ps_zero_enscal_2000,8003,0.89,0.8817848913377303,0.8253125,0.0453125,4,4,4,0,0,0,0,16000
ps_zero,enscal,2000,xvd_b1_ps_zero_enscal_2000,8004,0.894453125,0.886340818116252,0.82734375,0.0384375,3,3,3,0,0,0,0,12000
ps_zero,enscal,2000,xvd_b1_ps_zero_enscal_2000,8005,0.8953125,0.8875773686047533,0.83140625,0.04078125,2,2,2,0,0,0,0,8000
ps_zero,enscal,2000,xvd_b1_ps_zero_enscal_2000,8006,0.88625,0.8786264591856066,0.82703125,0.05453125,2,2,2,0,0,0,0,8000
ps_zero,enscal,2000,xvd_b1_ps_zero_enscal_2000,8007,0.892421875,0.8851566638524893,0.83203125,0.0471875,4,4,4,0,0,0,0,16000
ps_zero,enscal,2000,xvd_b1_ps_zero_enscal_2000,8008,0.896328125,0.8884832021907988,0.8315625,0.03890625,4,4,4,0,0,0,0,16000
ps_zero,enscal,2000,xvd_b1_ps_zero_enscal_2000,8009,0.895625,0.8874278608030666,0.82796875,0.03671875,4,4,4,0,0,0,0,16000
ps_zero,enscal,2000,xvd_b1_ps_zero_enscal_2000,8010,0.892890625,0.8853279576910619,0.83109375,0.0453125,2,2,2,0,0,0,0,8000
ps_zero,enscal,2000,xvd_b1_ps_zero_enscal_2000,8011,0.907265625,0.9027110057974411,0.86484375,0.0503125,2,2,2,0,0,0,0,8000
ps_zero,enscal,2000,xvd_b1_ps_zero_enscal_2000,8012,0.900859375,0.893367753178958,0.83484375,0.033125,4,4,4,0,0,0,0,16000
ps_zero,enscal,2000,xvd_b1_ps_zero_enscal_2000,8013,0.885078125,0.8776271267618161,0.829375,0.05921875,1,1,1,0,0,0,0,4000
ps_zero,enscal,2000,xvd_b1_ps_zero_enscal_2000,8014,0.892734375,0.8848046924914261,0.82890625,0.0434375,4,4,4,0,0,0,0,16000
ps_zero,enscal,2000,xvd_b1_ps_zero_enscal_2000,8015,0.89625,0.8902916580461466,0.84625,0.05375,2,2,2,0,0,0,0,8000
ps_zero,enscal,2000,xvd_b1_ps_zero_enscal_2000,8016,0.888984375,0.8815704809368001,0.83046875,0.0525,4,4,4,0,0,0,0,16000
ps_zero,enscal,2000,xvd_b1_ps_zero_enscal_2000,8017,0.8978125,0.890855580541023,0.8384375,0.0428125,5,5,5,0,0,0,0,20000
ps_zero,enscal,2000,xvd_b1_ps_zero_enscal_2000,8018,0.89484375,0.8876157004722373,0.83453125,0.04484375,4,4,4,0,0,0,0,16000
ps_zero,enscal,2000,xvd_b1_ps_zero_enscal_2000,8019,0.897578125,0.8903086830347202,0.83640625,0.04125,3,3,3,0,0,0,0,12000
ps_zero,enscal,2000,xvd_b1_ps_zero_enscal_2000,8020,0.910859375,0.9049442190159183,0.86046875,0.03875,4,4,4,0,0,0,0,16000
ps_zero,enscal,2000,xvd_b1_ps_zero_enscal_2000,8021,0.89203125,0.8841778828864788,0.82703125,0.04296875,5,5,5,0,0,0,0,20000
ps_zero,enscal,2000,xvd_b1_ps_zero_enscal_2000,8022,0.893671875,0.8854522015991713,0.8246875,0.03734375,2,2,2,0,0,0,0,8000
ps_zero,enscal,2000,xvd_b1_ps_zero_enscal_2000,8023,0.895,0.8870913676737137,0.8284375,0.0384375,4,4,4,0,0,0,0,16000
ps_zero,enscal,2000,xvd_b1_ps_zero_enscal_2000,8024,0.89921875,0.8913243621208218,0.8321875,0.03375,3,3,3,0,0,0,0,12000
ps_zero,enscal,2000,xvd_b1_ps_zero_enscal_2000,8025,0.900859375,0.8936870554911729,0.83890625,0.0371875,7,7,7,0,0,0,0,28000
ps_zero,enscal,2000,xvd_b1_ps_zero_enscal_2000,8026,0.892421875,0.8850279692728025,0.83203125,0.0471875,3,3,3,0,0,0,0,12000
ps_zero,enscal,2000,xvd_b1_ps_zero_enscal_2000,8027,0.896484375,0.8898558462024003,0.84203125,0.0490625,4,4,4,0,0,0,0,16000
ps_zero,enscal,2000,xvd_b1_ps_zero_enscal_2000,8028,0.888984375,0.88074456112892,0.825625,0.04765625,5,5,5,0,0,0,0,20000
ps_zero,enscal,2000,xvd_b1_ps_zero_enscal_2000,8029,0.89703125,0.8907102647603257,0.843125,0.0490625,4,4,4,0,0,0,0,16000
ps_zero,enscal,2000,xvd_b1_ps_zero_enscal_2000,8030,0.8878125,0.8801793011148855,0.828125,0.0525,3,3,3,0,0,0,0,12000
ps_zero,replay,2000,xvd_b1_ps_zero_replay_2000,8001,0.88328125,0.8760773246664264,0.82921875,0.06265625,4,4,4,0,0,0,0,16000
ps_zero,replay,2000,xvd_b1_ps_zero_replay_2000,8002,0.885078125,0.8777080668164575,0.8275,0.05734375,3,3,3,0,0,0,0,12000
ps_zero,replay,2000,xvd_b1_ps_zero_replay_2000,8003,0.882890625,0.8752742482109095,0.82609375,0.0603125,4,4,4,0,0,0,0,16000
ps_zero,replay,2000,xvd_b1_ps_zero_replay_2000,8004,0.87875,0.8726653030300663,0.8303125,0.0728125,3,3,3,0,0,0,0,12000
ps_zero,replay,2000,xvd_b1_ps_zero_replay_2000,8005,0.88828125,0.882050651142498,0.8396875,0.063125,2,2,2,0,0,0,0,8000
ps_zero,replay,2000,xvd_b1_ps_zero_replay_2000,8006,0.8828125,0.8753782944660304,0.82703125,0.06140625,2,2,2,0,0,0,0,8000
ps_zero,replay,2000,xvd_b1_ps_zero_replay_2000,8007,0.882265625,0.8758378919749927,0.8325,0.06796875,4,4,4,0,0,0,0,16000
ps_zero,replay,2000,xvd_b1_ps_zero_replay_2000,8008,0.881875,0.8788835482481336,0.85578125,0.09203125,4,4,4,0,0,0,0,16000
ps_zero,replay,2000,xvd_b1_ps_zero_replay_2000,8009,0.886015625,0.8784758685543734,0.8284375,0.05640625,4,4,4,0,0,0,0,16000
ps_zero,replay,2000,xvd_b1_ps_zero_replay_2000,8010,0.8909375,0.8931202954911066,0.9190625,0.1371875,2,2,2,0,0,0,0,8000
ps_zero,replay,2000,xvd_b1_ps_zero_replay_2000,8011,0.8990625,0.8951073343522162,0.86546875,0.06734375,2,2,2,0,0,0,0,8000
ps_zero,replay,2000,xvd_b1_ps_zero_replay_2000,8012,0.901953125,0.897949440035962,0.8759375,0.07203125,4,4,4,0,0,0,0,16000
ps_zero,replay,2000,xvd_b1_ps_zero_replay_2000,8013,0.882109375,0.8748929619237735,0.82953125,0.0653125,1,1,1,0,0,0,0,4000
ps_zero,replay,2000,xvd_b1_ps_zero_replay_2000,8014,0.87984375,0.8731673536288685,0.830625,0.0709375,4,4,4,0,0,0,0,16000
ps_zero,replay,2000,xvd_b1_ps_zero_replay_2000,8015,0.888671875,0.8833435567755484,0.84734375,0.07,2,2,2,0,0,0,0,8000
ps_zero,replay,2000,xvd_b1_ps_zero_replay_2000,8016,0.882890625,0.8772124571780008,0.83765625,0.071875,4,4,4,0,0,0,0,16000
ps_zero,replay,2000,xvd_b1_ps_zero_replay_2000,8017,0.886875,0.8835689427377047,0.858125,0.084375,5,5,5,0,0,0,0,20000
ps_zero,replay,2000,xvd_b1_ps_zero_replay_2000,8018,0.886015625,0.8794795009999409,0.835,0.06296875,4,4,4,0,0,0,0,16000
ps_zero,replay,2000,xvd_b1_ps_zero_replay_2000,8019,0.889453125,0.8827440904882701,0.83671875,0.0578125,3,3,3,0,0,0,0,12000
ps_zero,replay,2000,xvd_b1_ps_zero_replay_2000,8020,0.901640625,0.8964873009987272,0.8615625,0.05828125,4,4,4,0,0,0,0,16000
ps_zero,replay,2000,xvd_b1_ps_zero_replay_2000,8021,0.888046875,0.8817738424580892,0.83828125,0.0621875,5,5,5,0,0,0,0,20000
ps_zero,replay,2000,xvd_b1_ps_zero_replay_2000,8022,0.88140625,0.8740295712501901,0.82515625,0.06234375,2,2,2,0,0,0,0,8000
ps_zero,replay,2000,xvd_b1_ps_zero_replay_2000,8023,0.891640625,0.8864397978836089,0.850625,0.06734375,4,4,4,0,0,0,0,16000
ps_zero,replay,2000,xvd_b1_ps_zero_replay_2000,8024,0.883984375,0.8773493544252482,0.83375,0.06578125,3,3,3,0,0,0,0,12000
ps_zero,replay,2000,xvd_b1_ps_zero_replay_2000,8025,0.88765625,0.8814755058057778,0.839375,0.0640625,7,7,7,0,0,0,0,28000
ps_zero,replay,2000,xvd_b1_ps_zero_replay_2000,8026,0.88828125,0.8812914781887947,0.8328125,0.05625,3,3,3,0,0,0,0,12000
ps_zero,replay,2000,xvd_b1_ps_zero_replay_2000,8027,0.890390625,0.8842728241314274,0.8425,0.06171875,4,4,4,0,0,0,0,16000
ps_zero,replay,2000,xvd_b1_ps_zero_replay_2000,8028,0.88109375,0.8735206659436007,0.82625,0.0640625,5,5,5,0,0,0,0,20000
ps_zero,replay,2000,xvd_b1_ps_zero_replay_2000,8029,0.8875,0.8819055341675915,0.8434375,0.0684375,4,4,4,0,0,0,0,16000
ps_zero,replay,2000,xvd_b1_ps_zero_replay_2000,8030,0.884453125,0.8771385815226465,0.82890625,0.06,3,3,3,0,0,0,0,12000
ps_zero,ddm,2000,xvd_b1_ps_zero_ddm_2000,8001,0.90484375,0.9019104577304147,0.87703125,0.06734375,1,1,1,0,800,0,800,4000
ps_zero,ddm,2000,xvd_b1_ps_zero_ddm_2000,8002,0.898203125,0.8986250459424467,0.9115625,0.11515625,2,2,2,0,800,0,800,8000
ps_zero,ddm,2000,xvd_b1_ps_zero_ddm_2000,8003,0.88375,0.8760159254481443,0.8259375,0.0584375,0,0,0,0,800,0,800,0
ps_zero,ddm,2000,xvd_b1_ps_zero_ddm_2000,8004,0.885625,0.8784914187512838,0.83015625,0.05890625,1,1,1,0,800,0,800,4000
ps_zero,ddm,2000,xvd_b1_ps_zero_ddm_2000,8005,0.904453125,0.9010013971296451,0.8715625,0.06265625,0,0,0,0,800,0,800,0
ps_zero,ddm,2000,xvd_b1_ps_zero_ddm_2000,8006,0.8753125,0.8685846847563404,0.82734375,0.07671875,1,1,1,0,800,0,800,4000
ps_zero,ddm,2000,xvd_b1_ps_zero_ddm_2000,8007,0.885,0.8783809052475638,0.83265625,0.06265625,1,1,1,0,800,0,800,4000
ps_zero,ddm,2000,xvd_b1_ps_zero_ddm_2000,8008,0.8871875,0.8801395365795578,0.83296875,0.05859375,1,1,1,0,800,0,800,4000
ps_zero,ddm,2000,xvd_b1_ps_zero_ddm_2000,8009,0.886640625,0.8792512785380263,0.82984375,0.0565625,1,1,1,0,800,0,800,4000
ps_zero,ddm,2000,xvd_b1_ps_zero_ddm_2000,8010,0.88734375,0.8801850894312884,0.83140625,0.05671875,1,1,1,0,800,0,800,4000
ps_zero,ddm,2000,xvd_b1_ps_zero_ddm_2000,8011,0.909765625,0.9073319563355811,0.8859375,0.06640625,0,0,0,0,800,0,800,0
ps_zero,ddm,2000,xvd_b1_ps_zero_ddm_2000,8012,0.897734375,0.8927787709187806,0.85515625,0.0596875,3,3,3,0,800,0,800,12000
ps_zero,ddm,2000,xvd_b1_ps_zero_ddm_2000,8013,0.879921875,0.8728858018092674,0.82953125,0.0696875,2,2,2,0,800,0,800,8000
ps_zero,ddm,2000,xvd_b1_ps_zero_ddm_2000,8014,0.882265625,0.8752608478476479,0.83015625,0.065625,0,0,0,0,800,0,800,0
ps_zero,ddm,2000,xvd_b1_ps_zero_ddm_2000,8015,0.892109375,0.8866831399485107,0.849375,0.06515625,1,1,1,0,800,0,800,4000
ps_zero,ddm,2000,xvd_b1_ps_zero_ddm_2000,8016,0.884765625,0.8778103506355722,0.8315625,0.06203125,5,5,5,0,800,0,800,20000
ps_zero,ddm,2000,xvd_b1_ps_zero_ddm_2000,8017,0.891796875,0.8852469176497288,0.83890625,0.0553125,1,1,1,0,800,0,800,4000
ps_zero,ddm,2000,xvd_b1_ps_zero_ddm_2000,8018,0.88140625,0.8752879889839659,0.835,0.0721875,2,2,2,0,800,0,800,8000
ps_zero,ddm,2000,xvd_b1_ps_zero_ddm_2000,8019,0.898359375,0.8935804913941722,0.85828125,0.0615625,2,2,2,0,800,0,800,8000
ps_zero,ddm,2000,xvd_b1_ps_zero_ddm_2000,8020,0.893046875,0.8864313635328513,0.8396875,0.05359375,1,1,1,0,800,0,800,4000
ps_zero,ddm,2000,xvd_b1_ps_zero_ddm_2000,8021,0.882890625,0.8758945691779104,0.8284375,0.06265625,0,0,0,0,800,0,800,0
ps_zero,ddm,2000,xvd_b1_ps_zero_ddm_2000,8022,0.882421875,0.8749866505755017,0.82515625,0.0603125,2,2,2,0,800,0,800,8000
ps_zero,ddm,2000,xvd_b1_ps_zero_ddm_2000,8023,0.88859375,0.8820561077728972,0.83671875,0.05953125,3,3,3,0,800,0,800,12000
ps_zero,ddm,2000,xvd_b1_ps_zero_ddm_2000,8024,0.889609375,0.8828328981944042,0.83703125,0.0578125,2,2,2,0,800,0,800,8000
ps_zero,ddm,2000,xvd_b1_ps_zero_ddm_2000,8025,0.88828125,0.8820252756968614,0.83953125,0.06296875,0,0,0,0,800,0,800,0
ps_zero,ddm,2000,xvd_b1_ps_zero_ddm_2000,8026,0.887734375,0.8808464497697084,0.83328125,0.0578125,1,1,1,0,800,0,800,4000
ps_zero,ddm,2000,xvd_b1_ps_zero_ddm_2000,8027,0.88609375,0.8803597802458821,0.8428125,0.070625,1,1,1,0,800,0,800,4000
ps_zero,ddm,2000,xvd_b1_ps_zero_ddm_2000,8028,0.87796875,0.8706964336804499,0.82640625,0.07046875,0,0,0,0,800,0,800,0
ps_zero,ddm,2000,xvd_b1_ps_zero_ddm_2000,8029,0.89046875,0.8847382526333049,0.84375,0.0628125,1,1,1,0,800,0,800,4000
ps_zero,ddm,2000,xvd_b1_ps_zero_ddm_2000,8030,0.8809375,0.8739607450535769,0.82921875,0.06734375,1,1,1,0,800,0,800,4000
ps_zero,adwin,2000,xvd_b1_ps_zero_adwin_2000,8001,0.88078125,0.8737834249745265,0.82953125,0.06796875,0,0,0,0,800,0,800,0
ps_zero,adwin,2000,xvd_b1_ps_zero_adwin_2000,8002,0.88625,0.8787646266880281,0.82734375,0.05484375,0,0,0,0,800,0,800,0
ps_zero,adwin,2000,xvd_b1_ps_zero_adwin_2000,8003,0.88375,0.8760159254481443,0.8259375,0.0584375,0,0,0,0,800,0,800,0
ps_zero,adwin,2000,xvd_b1_ps_zero_adwin_2000,8004,0.891640625,0.8840304741147423,0.82984375,0.0465625,0,0,0,0,800,0,800,0
ps_zero,adwin,2000,xvd_b1_ps_zero_adwin_2000,8005,0.904453125,0.9010013971296451,0.8715625,0.06265625,0,0,0,0,800,0,800,0
ps_zero,adwin,2000,xvd_b1_ps_zero_adwin_2000,8006,0.880703125,0.8734345809100676,0.82703125,0.065625,0,0,0,0,800,0,800,0
ps_zero,adwin,2000,xvd_b1_ps_zero_adwin_2000,8007,0.8884375,0.881492252701656,0.83234375,0.05546875,0,0,0,0,800,0,800,0
ps_zero,adwin,2000,xvd_b1_ps_zero_adwin_2000,8008,0.891015625,0.8835977353046864,0.83234375,0.0503125,0,0,0,0,800,0,800,0
ps_zero,adwin,2000,xvd_b1_ps_zero_adwin_2000,8009,0.885625,0.8782917837536423,0.82984375,0.05859375,0,0,0,0,800,0,800,0
ps_zero,adwin,2000,xvd_b1_ps_zero_adwin_2000,8010,0.88390625,0.8770193780936972,0.83125,0.0634375,0,0,0,0,800,0,800,0
ps_zero,adwin,2000,xvd_b1_ps_zero_adwin_2000,8011,0.909765625,0.9073319563355811,0.8859375,0.06640625,0,0,0,0,800,0,800,0
ps_zero,adwin,2000,xvd_b1_ps_zero_adwin_2000,8012,0.88453125,0.8782565370979625,0.83578125,0.06671875,0,0,0,0,800,0,800,0
ps_zero,adwin,2000,xvd_b1_ps_zero_adwin_2000,8013,0.88328125,0.8759682027553504,0.82953125,0.06296875,0,0,0,0,800,0,800,0
ps_zero,adwin,2000,xvd_b1_ps_zero_adwin_2000,8014,0.882265625,0.8752608478476479,0.83015625,0.065625,0,0,0,0,800,0,800,0
ps_zero,adwin,2000,xvd_b1_ps_zero_adwin_2000,8015,0.908046875,0.9146390718539386,0.98078125,0.1646875,0,0,0,0,800,0,800,0
ps_zero,adwin,2000,xvd_b1_ps_zero_adwin_2000,8016,0.8796875,0.8730906814639774,0.83125,0.071875,0,0,0,0,800,0,800,0
ps_zero,adwin,2000,xvd_b1_ps_zero_adwin_2000,8017,0.887265625,0.8810948075262773,0.8390625,0.06453125,0,0,0,0,800,0,800,0
ps_zero,adwin,2000,xvd_b1_ps_zero_adwin_2000,8018,0.883984375,0.8776551080183664,0.835,0.06703125,0,0,0,0,800,0,800,0
ps_zero,adwin,2000,xvd_b1_ps_zero_adwin_2000,8019,0.90921875,0.9062289541497627,0.8796875,0.06125,0,0,0,0,800,0,800,0
ps_zero,adwin,2000,xvd_b1_ps_zero_adwin_2000,8020,0.960390625,0.9611725483178216,0.976875,0.05609375,0,0,0,0,800,0,800,0
ps_zero,adwin,2000,xvd_b1_ps_zero_adwin_2000,8021,0.882890625,0.8758945691779104,0.8284375,0.06265625,0,0,0,0,800,0,800,0
ps_zero,adwin,2000,xvd_b1_ps_zero_adwin_2000,8022,0.882890625,0.8754245302915811,0.82515625,0.059375,0,0,0,0,800,0,800,0
ps_zero,adwin,2000,xvd_b1_ps_zero_adwin_2000,8023,0.88328125,0.876393925097286,0.8303125,0.06375,0,0,0,0,800,0,800,0
ps_zero,adwin,2000,xvd_b1_ps_zero_adwin_2000,8024,0.8884375,0.8814196925184754,0.83359375,0.05671875,0,0,0,0,800,0,800,0
ps_zero,adwin,2000,xvd_b1_ps_zero_adwin_2000,8025,0.88828125,0.8820252756968614,0.83953125,0.06296875,0,0,0,0,800,0,800,0
ps_zero,adwin,2000,xvd_b1_ps_zero_adwin_2000,8026,0.885703125,0.8788217103590793,0.8321875,0.06078125,0,0,0,0,800,0,800,0
ps_zero,adwin,2000,xvd_b1_ps_zero_adwin_2000,8027,0.89015625,0.8839973537199224,0.84234375,0.06203125,0,0,0,0,800,0,800,0
ps_zero,adwin,2000,xvd_b1_ps_zero_adwin_2000,8028,0.87796875,0.8706964336804499,0.82640625,0.07046875,0,0,0,0,800,0,800,0
ps_zero,adwin,2000,xvd_b1_ps_zero_adwin_2000,8029,0.89140625,0.885540355681323,0.84359375,0.06078125,0,0,0,0,800,0,800,0
ps_zero,adwin,2000,xvd_b1_ps_zero_adwin_2000,8030,0.88375,0.8765014141870529,0.82890625,0.06140625,0,0,0,0,800,0,800,0
ps_zero,naive,512,xvd_b1_ps_zero_naive_512,8001,0.868125,0.8625762057811731,0.82953125,0.09328125,4,4,4,0,0,0,0,4096
ps_zero,naive,512,xvd_b1_ps_zero_naive_512,8002,0.875234375,0.8687755158649901,0.82796875,0.0775,3,3,3,0,0,0,0,3072
ps_zero,naive,512,xvd_b1_ps_zero_naive_512,8003,0.909375,0.9064520130231667,0.89265625,0.07390625,4,4,4,0,0,0,0,4096
ps_zero,naive,512,xvd_b1_ps_zero_naive_512,8004,0.877734375,0.8715125904199962,0.83,0.07453125,3,3,3,0,0,0,0,3072
ps_zero,naive,512,xvd_b1_ps_zero_naive_512,8005,0.86125,0.8568763724428028,0.8321875,0.1096875,2,2,2,0,0,0,0,2048
ps_zero,naive,512,xvd_b1_ps_zero_naive_512,8006,0.870546875,0.8645961692392282,0.82921875,0.088125,2,2,2,0,0,0,0,2048
ps_zero,naive,512,xvd_b1_ps_zero_naive_512,8007,0.883828125,0.8785012243565318,0.84234375,0.0746875,4,4,4,0,0,0,0,4096
ps_zero,naive,512,xvd_b1_ps_zero_naive_512,8008,0.87765625,0.8730364834468108,0.8440625,0.08875,4,4,4,0,0,0,0,4096
ps_zero,naive,512,xvd_b1_ps_zero_naive_512,8009,0.87421875,0.8678254086775057,0.8296875,0.08125,4,4,4,0,0,0,0,4096
ps_zero,naive,512,xvd_b1_ps_zero_naive_512,8010,0.868203125,0.85369435505289,0.79515625,0.05875,2,2,2,0,0,0,0,2048
ps_zero,naive,512,xvd_b1_ps_zero_naive_512,8011,0.894296875,0.8907664833678947,0.86546875,0.076875,2,2,2,0,0,0,0,2048
ps_zero,naive,512,xvd_b1_ps_zero_naive_512,8012,0.876171875,0.8715178875522119,0.84109375,0.08875,4,4,4,0,0,0,0,4096
ps_zero,naive,512,xvd_b1_ps_zero_naive_512,8013,0.882109375,0.8748367182427625,0.82890625,0.0646875,1,1,1,0,0,0,0,1024
ps_zero,naive,512,xvd_b1_ps_zero_naive_512,8014,0.88265625,0.8763921306049417,0.835625,0.0703125,4,4,4,0,0,0,0,4096
ps_zero,naive,512,xvd_b1_ps_zero_naive_512,8015,0.950703125,0.9514195741309678,0.96578125,0.064375,2,2,2,0,0,0,0,2048
ps_zero,naive,512,xvd_b1_ps_zero_naive_512,8016,0.8771875,0.8708193884733025,0.83078125,0.07640625,4,4,4,0,0,0,0,4096
ps_zero,naive,512,xvd_b1_ps_zero_naive_512,8017,0.8834375,0.8775538966027954,0.83859375,0.07171875,5,5,5,0,0,0,0,5120
ps_zero,naive,512,xvd_b1_ps_zero_naive_512,8018,0.882890625,0.8794619293391966,0.8565625,0.09078125,4,4,4,0,0,0,0,4096
ps_zero,naive,512,xvd_b1_ps_zero_naive_512,8019,0.8815625,0.875526442505224,0.83625,0.073125,3,3,3,0,0,0,0,3072
ps_zero,naive,512,xvd_b1_ps_zero_naive_512,8020,0.8934375,0.889528388192182,0.86609375,0.07921875,4,4,4,0,0,0,0,4096
ps_zero,naive,512,xvd_b1_ps_zero_naive_512,8021,0.8790625,0.8721975880337861,0.8275,0.069375,5,5,5,0,0,0,0,5120
ps_zero,naive,512,xvd_b1_ps_zero_naive_512,8022,0.86171875,0.8564157827736978,0.82609375,0.10265625,2,2,2,0,0,0,0,2048
ps_zero,naive,512,xvd_b1_ps_zero_naive_512,8023,0.8715625,0.8657579752518317,0.83046875,0.08734375,4,4,4,0,0,0,0,4096
ps_zero,naive,512,xvd_b1_ps_zero_naive_512,8024,0.88828125,0.8836466190691474,0.85359375,0.07703125,3,3,3,0,0,0,0,3072
ps_zero,naive,512,xvd_b1_ps_zero_naive_512,8025,0.887265625,0.8831606199114108,0.85484375,0.0803125,7,7,7,0,0,0,0,7168
ps_zero,naive,512,xvd_b1_ps_zero_naive_512,8026,0.88,0.8736422447384865,0.83265625,0.07265625,3,3,3,0,0,0,0,3072
ps_zero,naive,512,xvd_b1_ps_zero_naive_512,8027,0.875234375,0.8705127027241056,0.84265625,0.0921875,4,4,4,0,0,0,0,4096
ps_zero,naive,512,xvd_b1_ps_zero_naive_512,8028,0.876953125,0.875434109235553,0.86703125,0.113125,5,5,5,0,0,0,0,5120
ps_zero,naive,512,xvd_b1_ps_zero_naive_512,8029,0.89671875,0.8931963534173998,0.87125,0.0778125,4,4,4,0,0,0,0,4096
ps_zero,naive,512,xvd_b1_ps_zero_naive_512,8030,0.870859375,0.8659728323320875,0.83453125,0.0928125,3,3,3,0,0,0,0,3072
ps_zero,point,512,xvd_b1_ps_zero_point_512,8001,0.86984375,0.8640633576692592,0.82953125,0.08984375,4,4,3,1,128,128,0,4096
ps_zero,point,512,xvd_b1_ps_zero_point_512,8002,0.87796875,0.8712614088545608,0.82765625,0.07171875,3,3,2,1,96,96,0,3072
ps_zero,point,512,xvd_b1_ps_zero_point_512,8003,0.902734375,0.8987544331958996,0.87921875,0.07375,4,4,2,2,128,128,0,4096
ps_zero,point,512,xvd_b1_ps_zero_point_512,8004,0.88734375,0.8800712697344301,0.83,0.0553125,3,3,2,1,96,96,0,3072
ps_zero,point,512,xvd_b1_ps_zero_point_512,8005,0.871171875,0.866750783705166,0.8396875,0.09734375,2,2,1,1,64,64,0,2048
ps_zero,point,512,xvd_b1_ps_zero_point_512,8006,0.880703125,0.8734345809100676,0.82703125,0.065625,2,2,0,2,64,64,0,2048
ps_zero,point,512,xvd_b1_ps_zero_point_512,8007,0.88515625,0.8784158694866213,0.831875,0.0615625,4,4,2,2,128,128,0,4096
ps_zero,point,512,xvd_b1_ps_zero_point_512,8008,0.889921875,0.882722476892447,0.8334375,0.05359375,4,4,2,2,128,128,0,4096
ps_zero,point,512,xvd_b1_ps_zero_point_512,8009,0.87421875,0.8678254086775057,0.8296875,0.08125,4,4,4,0,128,128,0,4096
ps_zero,point,512,xvd_b1_ps_zero_point_512,8010,0.868203125,0.85369435505289,0.79515625,0.05875,2,2,2,0,64,64,0,2048
ps_zero,point,512,xvd_b1_ps_zero_point_512,8011,0.894296875,0.8907664833678947,0.86546875,0.076875,2,2,2,0,64,64,0,2048
ps_zero,point,512,xvd_b1_ps_zero_point_512,8012,0.876171875,0.8715178875522119,0.84109375,0.08875,4,4,4,0,128,128,0,4096
ps_zero,point,512,xvd_b1_ps_zero_point_512,8013,0.882109375,0.8748367182427625,0.82890625,0.0646875,1,1,1,0,32,32,0,1024
ps_zero,point,512,xvd_b1_ps_zero_point_512,8014,0.879140625,0.8725086593963082,0.83046875,0.0721875,4,4,3,1,128,128,0,4096
ps_zero,point,512,xvd_b1_ps_zero_point_512,8015,0.958671875,0.9595889823066277,0.97609375,0.05875,2,2,1,1,64,64,0,2048
ps_zero,point,512,xvd_b1_ps_zero_point_512,8016,0.8771875,0.8708193884733025,0.83078125,0.07640625,4,4,4,0,128,128,0,4096
ps_zero,point,512,xvd_b1_ps_zero_point_512,8017,0.885625,0.8795479311099517,0.83859375,0.06734375,5,5,3,2,160,160,0,5120
ps_zero,point,512,xvd_b1_ps_zero_point_512,8018,0.89421875,0.8915633227301611,0.8709375,0.0825,4,4,3,1,128,128,0,4096
ps_zero,point,512,xvd_b1_ps_zero_point_512,8019,0.8815625,0.875526442505224,0.83625,0.073125,3,3,3,0,96,96,0,3072
ps_zero,point,512,xvd_b1_ps_zero_point_512,8020,0.890859375,0.8866131106601632,0.86109375,0.079375,4,4,3,1,128,128,0,4096
ps_zero,point,512,xvd_b1_ps_zero_point_512,8021,0.879453125,0.8725476867039954,0.8275,0.06859375,5,5,4,1,160,160,0,5120
ps_zero,point,512,xvd_b1_ps_zero_point_512,8022,0.86171875,0.8564157827736978,0.82609375,0.10265625,2,2,2,0,64,64,0,2048
ps_zero,point,512,xvd_b1_ps_zero_point_512,8023,0.8715625,0.8657579752518317,0.83046875,0.08734375,4,4,4,0,128,128,0,4096
ps_zero,point,512,xvd_b1_ps_zero_point_512,8024,0.888828125,0.8812760401761314,0.83,0.05234375,3,3,2,1,96,96,0,3072
ps_zero,point,512,xvd_b1_ps_zero_point_512,8025,0.895546875,0.8912140170843844,0.8603125,0.06921875,7,7,5,2,224,224,0,7168
ps_zero,point,512,xvd_b1_ps_zero_point_512,8026,0.881875,0.8753285334643072,0.83234375,0.06859375,3,3,1,2,96,96,0,3072
ps_zero,point,512,xvd_b1_ps_zero_point_512,8027,0.883359375,0.8778832478469661,0.84265625,0.0759375,4,4,3,1,128,128,0,4096
ps_zero,point,512,xvd_b1_ps_zero_point_512,8028,0.93625,0.9348312279833919,0.93203125,0.05953125,5,5,1,4,160,160,0,5120
ps_zero,point,512,xvd_b1_ps_zero_point_512,8029,0.93140625,0.9304855770793179,0.93203125,0.06921875,4,4,2,2,128,128,0,4096
ps_zero,point,512,xvd_b1_ps_zero_point_512,8030,0.884765625,0.8781958655280377,0.83453125,0.065,3,3,2,1,96,96,0,3072
ps_zero,strict,512,xvd_b1_ps_zero_strict_512,8001,0.882109375,0.8749369662697255,0.82921875,0.065,4,4,1,3,128,128,0,4096
ps_zero,strict,512,xvd_b1_ps_zero_strict_512,8002,0.886015625,0.8785294257641207,0.8271875,0.05515625,3,3,1,2,96,96,0,3072
ps_zero,strict,512,xvd_b1_ps_zero_strict_512,8003,0.88375,0.8760159254481443,0.8259375,0.0584375,4,4,0,4,128,128,0,4096
ps_zero,strict,512,xvd_b1_ps_zero_strict_512,8004,0.891640625,0.8840304741147423,0.82984375,0.0465625,3,3,0,3,96,96,0,3072
ps_zero,strict,512,xvd_b1_ps_zero_strict_512,8005,0.904453125,0.9010013971296451,0.8715625,0.06265625,2,2,0,2,64,64,0,2048
ps_zero,strict,512,xvd_b1_ps_zero_strict_512,8006,0.880703125,0.8734345809100676,0.82703125,0.065625,2,2,0,2,64,64,0,2048
ps_zero,strict,512,xvd_b1_ps_zero_strict_512,8007,0.8884375,0.881492252701656,0.83234375,0.05546875,4,4,0,4,128,128,0,4096
ps_zero,strict,512,xvd_b1_ps_zero_strict_512,8008,0.891015625,0.8835977353046864,0.83234375,0.0503125,4,4,0,4,128,128,0,4096
ps_zero,strict,512,xvd_b1_ps_zero_strict_512,8009,0.885625,0.8782917837536423,0.82984375,0.05859375,4,4,0,4,128,128,0,4096
ps_zero,strict,512,xvd_b1_ps_zero_strict_512,8010,0.86859375,0.8540737183537805,0.79515625,0.05796875,2,2,1,1,64,64,0,2048
ps_zero,strict,512,xvd_b1_ps_zero_strict_512,8011,0.909765625,0.9073319563355811,0.8859375,0.06640625,2,2,0,2,64,64,0,2048
ps_zero,strict,512,xvd_b1_ps_zero_strict_512,8012,0.88453125,0.8782565370979625,0.83578125,0.06671875,4,4,0,4,128,128,0,4096
ps_zero,strict,512,xvd_b1_ps_zero_strict_512,8013,0.88328125,0.8759682027553504,0.82953125,0.06296875,1,1,0,1,32,32,0,1024
ps_zero,strict,512,xvd_b1_ps_zero_strict_512,8014,0.882265625,0.8752608478476479,0.83015625,0.065625,4,4,0,4,128,128,0,4096
ps_zero,strict,512,xvd_b1_ps_zero_strict_512,8015,0.908046875,0.9146390718539386,0.98078125,0.1646875,2,2,0,2,64,64,0,2048
ps_zero,strict,512,xvd_b1_ps_zero_strict_512,8016,0.880859375,0.8740872394030932,0.83078125,0.0690625,4,4,1,3,128,128,0,4096
ps_zero,strict,512,xvd_b1_ps_zero_strict_512,8017,0.887265625,0.8810948075262773,0.8390625,0.06453125,5,5,0,5,160,160,0,5120
ps_zero,strict,512,xvd_b1_ps_zero_strict_512,8018,0.883984375,0.8776551080183664,0.835,0.06703125,4,4,0,4,128,128,0,4096
ps_zero,strict,512,xvd_b1_ps_zero_strict_512,8019,0.90203125,0.8985796827816306,0.87125,0.0671875,3,3,1,2,96,96,0,3072
ps_zero,strict,512,xvd_b1_ps_zero_strict_512,8020,0.958984375,0.9596621085364031,0.974375,0.05640625,4,4,1,3,128,128,0,4096
ps_zero,strict,512,xvd_b1_ps_zero_strict_512,8021,0.882890625,0.8758945691779104,0.8284375,0.06265625,5,5,0,5,160,160,0,5120
ps_zero,strict,512,xvd_b1_ps_zero_strict_512,8022,0.882890625,0.8754245302915811,0.82515625,0.059375,2,2,0,2,64,64,0,2048
ps_zero,strict,512,xvd_b1_ps_zero_strict_512,8023,0.88140625,0.8746978222144196,0.8303125,0.0675,4,4,1,3,128,128,0,4096
ps_zero,strict,512,xvd_b1_ps_zero_strict_512,8024,0.8884375,0.8814196925184754,0.83359375,0.05671875,3,3,0,3,96,96,0,3072
ps_zero,strict,512,xvd_b1_ps_zero_strict_512,8025,0.88828125,0.8820252756968614,0.83953125,0.06296875,7,7,0,7,224,224,0,7168
ps_zero,strict,512,xvd_b1_ps_zero_strict_512,8026,0.885703125,0.8788217103590793,0.8321875,0.06078125,3,3,0,3,96,96,0,3072
ps_zero,strict,512,xvd_b1_ps_zero_strict_512,8027,0.89015625,0.8839973537199224,0.84234375,0.06203125,4,4,0,4,128,128,0,4096
ps_zero,strict,512,xvd_b1_ps_zero_strict_512,8028,0.87796875,0.8706964336804499,0.82640625,0.07046875,5,5,0,5,160,160,0,5120
ps_zero,strict,512,xvd_b1_ps_zero_strict_512,8029,0.89140625,0.885540355681323,0.84359375,0.06078125,4,4,0,4,128,128,0,4096
ps_zero,strict,512,xvd_b1_ps_zero_strict_512,8030,0.88375,0.8765014141870529,0.82890625,0.06140625,3,3,0,3,96,96,0,3072
ps_zero,atc,512,xvd_b1_ps_zero_atc_512,8001,0.88078125,0.8737834249745265,0.82953125,0.06796875,4,4,0,4,0,0,0,4096
ps_zero,atc,512,xvd_b1_ps_zero_atc_512,8002,0.88625,0.8787646266880281,0.82734375,0.05484375,3,3,0,3,0,0,0,3072
ps_zero,atc,512,xvd_b1_ps_zero_atc_512,8003,0.88375,0.8760159254481443,0.8259375,0.0584375,4,4,0,4,0,0,0,4096
ps_zero,atc,512,xvd_b1_ps_zero_atc_512,8004,0.891640625,0.8840304741147423,0.82984375,0.0465625,3,3,0,3,0,0,0,3072
ps_zero,atc,512,xvd_b1_ps_zero_atc_512,8005,0.86125,0.8568763724428028,0.8321875,0.1096875,2,2,2,0,0,0,0,2048
ps_zero,atc,512,xvd_b1_ps_zero_atc_512,8006,0.880703125,0.8734345809100676,0.82703125,0.065625,2,2,0,2,0,0,0,2048
ps_zero,atc,512,xvd_b1_ps_zero_atc_512,8007,0.88484375,0.878154059636504,0.8321875,0.0625,4,4,2,2,0,0,0,4096
ps_zero,atc,512,xvd_b1_ps_zero_atc_512,8008,0.891015625,0.8835977353046864,0.83234375,0.0503125,4,4,0,4,0,0,0,4096
ps_zero,atc,512,xvd_b1_ps_zero_atc_512,8009,0.885625,0.8782917837536423,0.82984375,0.05859375,4,4,0,4,0,0,0,4096
ps_zero,atc,512,xvd_b1_ps_zero_atc_512,8010,0.883828125,0.8769069737007672,0.83125,0.06359375,2,2,1,1,0,0,0,2048
ps_zero,atc,512,xvd_b1_ps_zero_atc_512,8011,0.8925,0.8891357488865986,0.86546875,0.08046875,2,2,1,1,0,0,0,2048
ps_zero,atc,512,xvd_b1_ps_zero_atc_512,8012,0.883203125,0.8769860891892739,0.835625,0.06921875,4,4,1,3,0,0,0,4096
ps_zero,atc,512,xvd_b1_ps_zero_atc_512,8013,0.88328125,0.8759682027553504,0.82953125,0.06296875,1,1,0,1,0,0,0,1024
ps_zero,atc,512,xvd_b1_ps_zero_atc_512,8014,0.902265625,0.8982915235278316,0.86671875,0.0621875,4,4,1,3,0,0,0,4096
ps_zero,atc,512,xvd_b1_ps_zero_atc_512,8015,0.958671875,0.9595889823066277,0.97609375,0.05875,2,2,1,1,0,0,0,2048
ps_zero,atc,512,xvd_b1_ps_zero_atc_512,8016,0.881484375,0.8746893431208095,0.83078125,0.0678125,4,4,3,1,0,0,0,4096
ps_zero,atc,512,xvd_b1_ps_zero_atc_512,8017,0.888125,0.8818663288423362,0.83890625,0.06265625,5,5,2,3,0,0,0,5120
ps_zero,atc,512,xvd_b1_ps_zero_atc_512,8018,0.883984375,0.8776551080183664,0.835,0.06703125,4,4,0,4,0,0,0,4096
ps_zero,atc,512,xvd_b1_ps_zero_atc_512,8019,0.878828125,0.8728413531073512,0.83515625,0.0775,3,3,1,2,0,0,0,3072
ps_zero,atc,512,xvd_b1_ps_zero_atc_512,8020,0.894609375,0.8899741471028859,0.86109375,0.071875,4,4,2,2,0,0,0,4096
ps_zero,atc,512,xvd_b1_ps_zero_atc_512,8021,0.88359375,0.8762692770180337,0.826875,0.0596875,5,5,2,3,0,0,0,5120
ps_zero,atc,512,xvd_b1_ps_zero_atc_512,8022,0.882890625,0.8754245302915811,0.82515625,0.059375,2,2,0,2,0,0,0,2048
ps_zero,atc,512,xvd_b1_ps_zero_atc_512,8023,0.88328125,0.876393925097286,0.8303125,0.06375,4,4,0,4,0,0,0,4096
ps_zero,atc,512,xvd_b1_ps_zero_atc_512,8024,0.889609375,0.8823383328277707,0.83234375,0.053125,3,3,1,2,0,0,0,3072
ps_zero,atc,512,xvd_b1_ps_zero_atc_512,8025,0.888359375,0.882063018641596,0.83921875,0.0625,7,7,1,6,0,0,0,7168
ps_zero,atc,512,xvd_b1_ps_zero_atc_512,8026,0.882890625,0.8762905510151708,0.8325,0.06671875,3,3,1,2,0,0,0,3072
ps_zero,atc,512,xvd_b1_ps_zero_atc_512,8027,0.8925,0.8861846731979331,0.84234375,0.05734375,4,4,1,3,0,0,0,4096
ps_zero,atc,512,xvd_b1_ps_zero_atc_512,8028,0.87,0.8635831302538324,0.8265625,0.0865625,5,5,1,4,0,0,0,5120
ps_zero,atc,512,xvd_b1_ps_zero_atc_512,8029,0.89296875,0.888988617417381,0.86484375,0.07890625,4,4,2,2,0,0,0,4096
ps_zero,atc,512,xvd_b1_ps_zero_atc_512,8030,0.88515625,0.8777405882012996,0.82859375,0.05828125,3,3,1,2,0,0,0,3072
ps_zero,doc,512,xvd_b1_ps_zero_doc_512,8001,0.88078125,0.8737834249745265,0.82953125,0.06796875,4,4,0,4,0,0,0,4096
ps_zero,doc,512,xvd_b1_ps_zero_doc_512,8002,0.88625,0.8787646266880281,0.82734375,0.05484375,3,3,0,3,0,0,0,3072
ps_zero,doc,512,xvd_b1_ps_zero_doc_512,8003,0.88375,0.8760159254481443,0.8259375,0.0584375,4,4,0,4,0,0,0,4096
ps_zero,doc,512,xvd_b1_ps_zero_doc_512,8004,0.891640625,0.8840304741147423,0.82984375,0.0465625,3,3,0,3,0,0,0,3072
ps_zero,doc,512,xvd_b1_ps_zero_doc_512,8005,0.904453125,0.9010013971296451,0.8715625,0.06265625,2,2,0,2,0,0,0,2048
ps_zero,doc,512,xvd_b1_ps_zero_doc_512,8006,0.880703125,0.8734345809100676,0.82703125,0.065625,2,2,0,2,0,0,0,2048
ps_zero,doc,512,xvd_b1_ps_zero_doc_512,8007,0.8884375,0.881492252701656,0.83234375,0.05546875,4,4,0,4,0,0,0,4096
ps_zero,doc,512,xvd_b1_ps_zero_doc_512,8008,0.891015625,0.8835977353046864,0.83234375,0.0503125,4,4,0,4,0,0,0,4096
ps_zero,doc,512,xvd_b1_ps_zero_doc_512,8009,0.878125,0.8714747999259294,0.83,0.07375,4,4,1,3,0,0,0,4096
ps_zero,doc,512,xvd_b1_ps_zero_doc_512,8010,0.883828125,0.8769069737007672,0.83125,0.06359375,2,2,1,1,0,0,0,2048
ps_zero,doc,512,xvd_b1_ps_zero_doc_512,8011,0.8925,0.8891357488865986,0.86546875,0.08046875,2,2,1,1,0,0,0,2048
ps_zero,doc,512,xvd_b1_ps_zero_doc_512,8012,0.88453125,0.8782565370979625,0.83578125,0.06671875,4,4,0,4,0,0,0,4096
ps_zero,doc,512,xvd_b1_ps_zero_doc_512,8013,0.88328125,0.8759682027553504,0.82953125,0.06296875,1,1,0,1,0,0,0,1024
ps_zero,doc,512,xvd_b1_ps_zero_doc_512,8014,0.882265625,0.8752608478476479,0.83015625,0.065625,4,4,0,4,0,0,0,4096
ps_zero,doc,512,xvd_b1_ps_zero_doc_512,8015,0.958671875,0.9595889823066277,0.97609375,0.05875,2,2,1,1,0,0,0,2048
ps_zero,doc,512,xvd_b1_ps_zero_doc_512,8016,0.8796875,0.8730906814639774,0.83125,0.071875,4,4,0,4,0,0,0,4096
ps_zero,doc,512,xvd_b1_ps_zero_doc_512,8017,0.88703125,0.8808797311902039,0.83890625,0.06484375,5,5,1,4,0,0,0,5120
ps_zero,doc,512,xvd_b1_ps_zero_doc_512,8018,0.883984375,0.8776551080183664,0.835,0.06703125,4,4,0,4,0,0,0,4096
ps_zero,doc,512,xvd_b1_ps_zero_doc_512,8019,0.90921875,0.9062289541497627,0.8796875,0.06125,3,3,0,3,0,0,0,3072
ps_zero,doc,512,xvd_b1_ps_zero_doc_512,8020,0.958984375,0.9596621085364031,0.974375,0.05640625,4,4,1,3,0,0,0,4096
ps_zero,doc,512,xvd_b1_ps_zero_doc_512,8021,0.882890625,0.8758945691779104,0.8284375,0.06265625,5,5,0,5,0,0,0,5120
ps_zero,doc,512,xvd_b1_ps_zero_doc_512,8022,0.882890625,0.8754245302915811,0.82515625,0.059375,2,2,0,2,0,0,0,2048
ps_zero,doc,512,xvd_b1_ps_zero_doc_512,8023,0.88328125,0.876393925097286,0.8303125,0.06375,4,4,0,4,0,0,0,4096
ps_zero,doc,512,xvd_b1_ps_zero_doc_512,8024,0.8884375,0.8814196925184754,0.83359375,0.05671875,3,3,0,3,0,0,0,3072
ps_zero,doc,512,xvd_b1_ps_zero_doc_512,8025,0.886015625,0.8799456215806203,0.83921875,0.0671875,7,7,1,6,0,0,0,7168
ps_zero,doc,512,xvd_b1_ps_zero_doc_512,8026,0.885703125,0.8788217103590793,0.8321875,0.06078125,3,3,0,3,0,0,0,3072
ps_zero,doc,512,xvd_b1_ps_zero_doc_512,8027,0.89015625,0.8839973537199224,0.84234375,0.06203125,4,4,0,4,0,0,0,4096
ps_zero,doc,512,xvd_b1_ps_zero_doc_512,8028,0.87796875,0.8706964336804499,0.82640625,0.07046875,5,5,0,5,0,0,0,5120
ps_zero,doc,512,xvd_b1_ps_zero_doc_512,8029,0.89140625,0.885540355681323,0.84359375,0.06078125,4,4,0,4,0,0,0,4096
ps_zero,doc,512,xvd_b1_ps_zero_doc_512,8030,0.88515625,0.8777405882012996,0.82859375,0.05828125,3,3,1,2,0,0,0,3072
ps_zero,enscal,512,xvd_b1_ps_zero_enscal_512,8001,0.89234375,0.8840651768837527,0.82625,0.0415625,4,4,4,0,0,0,0,4096
ps_zero,enscal,512,xvd_b1_ps_zero_enscal_512,8002,0.889453125,0.8815854986363337,0.8259375,0.04703125,3,3,3,0,0,0,0,3072
ps_zero,enscal,512,xvd_b1_ps_zero_enscal_512,8003,0.889453125,0.8819135330434109,0.8309375,0.05203125,4,4,4,0,0,0,0,4096
ps_zero,enscal,512,xvd_b1_ps_zero_enscal_512,8004,0.89109375,0.8834283708055198,0.8290625,0.046875,3,3,3,0,0,0,0,3072
ps_zero,enscal,512,xvd_b1_ps_zero_enscal_512,8005,0.89390625,0.8863116778478005,0.831875,0.0440625,2,2,2,0,0,0,0,2048
ps_zero,enscal,512,xvd_b1_ps_zero_enscal_512,8006,0.88578125,0.8781748188395152,0.82703125,0.05546875,2,2,2,0,0,0,0,2048
ps_zero,enscal,512,xvd_b1_ps_zero_enscal_512,8007,0.89328125,0.8858922047764104,0.83140625,0.04484375,4,4,4,0,0,0,0,4096
ps_zero,enscal,512,xvd_b1_ps_zero_enscal_512,8008,0.894921875,0.8872057061019534,0.831875,0.04203125,4,4,4,0,0,0,0,4096
ps_zero,enscal,512,xvd_b1_ps_zero_enscal_512,8009,0.8925,0.8843468456591019,0.82703125,0.04203125,4,4,4,0,0,0,0,4096
ps_zero,enscal,512,xvd_b1_ps_zero_enscal_512,8010,0.891953125,0.8843679028885998,0.83046875,0.0465625,2,2,2,0,0,0,0,2048
ps_zero,enscal,512,xvd_b1_ps_zero_enscal_512,8011,0.905546875,0.901149462752231,0.8653125,0.05421875,2,2,2,0,0,0,0,2048
ps_zero,enscal,512,xvd_b1_ps_zero_enscal_512,8012,0.8915625,0.8845057448675542,0.8340625,0.0509375,4,4,4,0,0,0,0,4096
ps_zero,enscal,512,xvd_b1_ps_zero_enscal_512,8013,0.884375,0.8769579747767707,0.82921875,0.06046875,1,1,1,0,0,0,0,1024
ps_zero,enscal,512,xvd_b1_ps_zero_enscal_512,8014,0.892578125,0.8847115323755623,0.829375,0.04421875,4,4,4,0,0,0,0,4096
ps_zero,enscal,512,xvd_b1_ps_zero_enscal_512,8015,0.912109375,0.9094706744559667,0.885,0.06078125,2,2,2,0,0,0,0,2048
ps_zero,enscal,512,xvd_b1_ps_zero_enscal_512,8016,0.88671875,0.8794222133665659,0.8303125,0.056875,4,4,4,0,0,0,0,4096
ps_zero,enscal,512,xvd_b1_ps_zero_enscal_512,8017,0.89453125,0.8876511213911671,0.83765625,0.04859375,5,5,5,0,0,0,0,5120
ps_zero,enscal,512,xvd_b1_ps_zero_enscal_512,8018,0.8903125,0.88342542960204,0.83484375,0.05421875,4,4,4,0,0,0,0,4096
ps_zero,enscal,512,xvd_b1_ps_zero_enscal_512,8019,0.8940625,0.8870039218724617,0.83640625,0.04828125,3,3,3,0,0,0,0,3072
ps_zero,enscal,512,xvd_b1_ps_zero_enscal_512,8020,0.91046875,0.9051126734012734,0.865625,0.0446875,4,4,4,0,0,0,0,4096
ps_zero,enscal,512,xvd_b1_ps_zero_enscal_512,8021,0.88921875,0.8815939837947375,0.8275,0.0490625,5,5,5,0,0,0,0,5120
ps_zero,enscal,512,xvd_b1_ps_zero_enscal_512,8022,0.892265625,0.8841500563899097,0.82484375,0.0403125,2,2,2,0,0,0,0,2048
ps_zero,enscal,512,xvd_b1_ps_zero_enscal_512,8023,0.890625,0.8830426660496241,0.82921875,0.04796875,4,4,4,0,0,0,0,4096
ps_zero,enscal,512,xvd_b1_ps_zero_enscal_512,8024,0.89703125,0.8893104405018888,0.8325,0.0384375,3,3,3,0,0,0,0,3072
ps_zero,enscal,512,xvd_b1_ps_zero_enscal_512,8025,0.89875,0.8928770201874784,0.84921875,0.05171875,7,7,7,0,0,0,0,7168
ps_zero,enscal,512,xvd_b1_ps_zero_enscal_512,8026,0.892421875,0.8849417071527133,0.83125,0.04640625,3,3,3,0,0,0,0,3072
ps_zero,enscal,512,xvd_b1_ps_zero_enscal_512,8027,0.89625,0.8895641780175191,0.84125,0.04875,4,4,4,0,0,0,0,4096
ps_zero,enscal,512,xvd_b1_ps_zero_enscal_512,8028,0.880390625,0.87285128020964,0.82578125,0.065,5,5,5,0,0,0,0,5120
ps_zero,enscal,512,xvd_b1_ps_zero_enscal_512,8029,0.8975,0.8920093979923035,0.85078125,0.05578125,4,4,4,0,0,0,0,4096
ps_zero,enscal,512,xvd_b1_ps_zero_enscal_512,8030,0.888515625,0.8808577931397559,0.828125,0.05109375,3,3,3,0,0,0,0,3072
unsw_zero,never,n/a,xvd_b1_unsw_zero_never,8001,0.87578125,0.8889238498394532,,,0,0,0,0,0,0,0,0
unsw_zero,never,n/a,xvd_b1_unsw_zero_never,8002,0.874375,0.8871754303004314,,,0,0,0,0,0,0,0,0
unsw_zero,never,n/a,xvd_b1_unsw_zero_never,8003,0.88328125,0.8927273565964662,,,0,0,0,0,0,0,0,0
unsw_zero,never,n/a,xvd_b1_unsw_zero_never,8004,0.883671875,0.8940718600943961,,,0,0,0,0,0,0,0,0
unsw_zero,never,n/a,xvd_b1_unsw_zero_never,8005,0.883984375,0.8942609530529247,,,0,0,0,0,0,0,0,0
unsw_zero,never,n/a,xvd_b1_unsw_zero_never,8006,0.89234375,0.8999155869909299,,,0,0,0,0,0,0,0,0
unsw_zero,never,n/a,xvd_b1_unsw_zero_never,8007,0.885390625,0.8951974003615633,,,0,0,0,0,0,0,0,0
unsw_zero,never,n/a,xvd_b1_unsw_zero_never,8008,0.8771875,0.8892815522329574,,,0,0,0,0,0,0,0,0
unsw_zero,never,n/a,xvd_b1_unsw_zero_never,8009,0.870078125,0.8841154129679499,,,0,0,0,0,0,0,0,0
unsw_zero,never,n/a,xvd_b1_unsw_zero_never,8010,0.8734375,0.8866507391732825,,,0,0,0,0,0,0,0,0
unsw_zero,never,n/a,xvd_b1_unsw_zero_never,8011,0.875546875,0.8879672895465301,,,0,0,0,0,0,0,0,0
unsw_zero,never,n/a,xvd_b1_unsw_zero_never,8012,0.8853125,0.8942817583524678,,,0,0,0,0,0,0,0,0
unsw_zero,never,n/a,xvd_b1_unsw_zero_never,8013,0.879921875,0.8910425252640362,,,0,0,0,0,0,0,0,0
unsw_zero,never,n/a,xvd_b1_unsw_zero_never,8014,0.88234375,0.8934259738640223,,,0,0,0,0,0,0,0,0
unsw_zero,never,n/a,xvd_b1_unsw_zero_never,8015,0.880234375,0.8915255804358118,,,0,0,0,0,0,0,0,0
unsw_zero,never,n/a,xvd_b1_unsw_zero_never,8016,0.88890625,0.8988866943933753,,,0,0,0,0,0,0,0,0
unsw_zero,never,n/a,xvd_b1_unsw_zero_never,8017,0.885390625,0.8950285444801348,,,0,0,0,0,0,0,0,0
unsw_zero,never,n/a,xvd_b1_unsw_zero_never,8018,0.88328125,0.8926240268812105,,,0,0,0,0,0,0,0,0
unsw_zero,never,n/a,xvd_b1_unsw_zero_never,8019,0.875234375,0.8878927848230339,,,0,0,0,0,0,0,0,0
unsw_zero,never,n/a,xvd_b1_unsw_zero_never,8020,0.874921875,0.8871676565447264,,,0,0,0,0,0,0,0,0
unsw_zero,never,n/a,xvd_b1_unsw_zero_never,8021,0.877734375,0.8895281076399538,,,0,0,0,0,0,0,0,0
unsw_zero,never,n/a,xvd_b1_unsw_zero_never,8022,0.88046875,0.8920573709752065,,,0,0,0,0,0,0,0,0
unsw_zero,never,n/a,xvd_b1_unsw_zero_never,8023,0.880703125,0.8914228856157049,,,0,0,0,0,0,0,0,0
unsw_zero,never,n/a,xvd_b1_unsw_zero_never,8024,0.880078125,0.8900307781126618,,,0,0,0,0,0,0,0,0
unsw_zero,never,n/a,xvd_b1_unsw_zero_never,8025,0.87859375,0.8877797578056399,,,0,0,0,0,0,0,0,0
unsw_zero,never,n/a,xvd_b1_unsw_zero_never,8026,0.879609375,0.8910711929653052,,,0,0,0,0,0,0,0,0
unsw_zero,never,n/a,xvd_b1_unsw_zero_never,8027,0.881640625,0.8924975998437195,,,0,0,0,0,0,0,0,0
unsw_zero,never,n/a,xvd_b1_unsw_zero_never,8028,0.887421875,0.8967429203821647,,,0,0,0,0,0,0,0,0
unsw_zero,never,n/a,xvd_b1_unsw_zero_never,8029,0.8696875,0.8844904715679424,,,0,0,0,0,0,0,0,0
unsw_zero,never,n/a,xvd_b1_unsw_zero_never,8030,0.874921875,0.8877265755496705,,,0,0,0,0,0,0,0,0
unsw_zero,naive,2000,xvd_b1_unsw_zero_naive_2000,8001,0.879921875,0.8906849151897428,0.97421875,0.214375,4,4,4,0,0,0,0,16000
unsw_zero,naive,2000,xvd_b1_unsw_zero_naive_2000,8002,0.881171875,0.8921689450227022,0.9790625,0.21671875,3,3,3,0,0,0,0,12000
unsw_zero,naive,2000,xvd_b1_unsw_zero_naive_2000,8003,0.87984375,0.8904633322409319,0.97375,0.2140625,4,4,4,0,0,0,0,16000
unsw_zero,naive,2000,xvd_b1_unsw_zero_naive_2000,8004,0.8825,0.8937365592648419,0.98390625,0.21890625,3,3,3,0,0,0,0,12000
unsw_zero,naive,2000,xvd_b1_unsw_zero_naive_2000,8005,0.876328125,0.8885169712702395,0.9809375,0.22828125,2,2,2,0,0,0,0,8000
unsw_zero,naive,2000,xvd_b1_unsw_zero_naive_2000,8006,0.8871875,0.8965145825989138,0.97359375,0.19921875,2,2,2,0,0,0,0,8000
unsw_zero,naive,2000,xvd_b1_unsw_zero_naive_2000,8007,0.878671875,0.8902959340197626,0.98,0.22265625,4,4,4,0,0,0,0,16000
unsw_zero,naive,2000,xvd_b1_unsw_zero_naive_2000,8008,0.880703125,0.8916358942187229,0.976875,0.21546875,4,4,4,0,0,0,0,16000
unsw_zero,naive,2000,xvd_b1_unsw_zero_naive_2000,8009,0.871640625,0.8847836475860213,0.98078125,0.2375,4,4,4,0,0,0,0,16000
unsw_zero,naive,2000,xvd_b1_unsw_zero_naive_2000,8010,0.8759375,0.8881377620016209,0.98046875,0.22859375,2,2,2,0,0,0,0,8000
unsw_zero,naive,2000,xvd_b1_unsw_zero_naive_2000,8011,0.87671875,0.8885882054626031,0.979375,0.2259375,2,2,2,0,0,0,0,8000
unsw_zero,naive,2000,xvd_b1_unsw_zero_naive_2000,8012,0.8803125,0.8912389311417586,0.9778125,0.2171875,4,4,4,0,0,0,0,16000
unsw_zero,naive,2000,xvd_b1_unsw_zero_naive_2000,8013,0.87921875,0.8905974226365339,0.98,0.2215625,1,1,1,0,0,0,0,4000
unsw_zero,naive,2000,xvd_b1_unsw_zero_naive_2000,8014,0.8771875,0.8890401910422205,0.9784375,0.2240625,4,4,4,0,0,0,0,16000
unsw_zero,naive,2000,xvd_b1_unsw_zero_naive_2000,8015,0.878671875,0.8900435479602058,0.97828125,0.2209375,2,2,2,0,0,0,0,8000
unsw_zero,naive,2000,xvd_b1_unsw_zero_naive_2000,8016,0.885859375,0.8963025120838536,0.98109375,0.209375,4,4,4,0,0,0,0,16000
unsw_zero,naive,2000,xvd_b1_unsw_zero_naive_2000,8017,0.883046875,0.893600954017461,0.978125,0.21203125,5,5,5,0,0,0,0,20000
unsw_zero,naive,2000,xvd_b1_unsw_zero_naive_2000,8018,0.882421875,0.8925505859274614,0.97328125,0.2084375,4,4,4,0,0,0,0,16000
unsw_zero,naive,2000,xvd_b1_unsw_zero_naive_2000,8019,0.875390625,0.8877964863408104,0.98234375,0.2315625,3,3,3,0,0,0,0,12000
unsw_zero,naive,2000,xvd_b1_unsw_zero_naive_2000,8020,0.86421875,0.8783026809346594,0.97375,0.2453125,4,4,4,0,0,0,0,16000
unsw_zero,naive,2000,xvd_b1_unsw_zero_naive_2000,8021,0.88078125,0.8921331202663346,0.981875,0.2203125,5,5,5,0,0,0,0,20000
unsw_zero,naive,2000,xvd_b1_unsw_zero_naive_2000,8022,0.883203125,0.8938023543232778,0.9784375,0.21203125,2,2,2,0,0,0,0,8000
unsw_zero,naive,2000,xvd_b1_unsw_zero_naive_2000,8023,0.883203125,0.8927619488618087,0.9690625,0.20265625,4,4,4,0,0,0,0,16000
unsw_zero,naive,2000,xvd_b1_unsw_zero_naive_2000,8024,0.87796875,0.8897834612743974,0.9803125,0.224375,3,3,3,0,0,0,0,12000
unsw_zero,naive,2000,xvd_b1_unsw_zero_naive_2000,8025,0.877109375,0.8885134712843507,0.975625,0.22140625,7,7,7,0,0,0,0,28000
unsw_zero,naive,2000,xvd_b1_unsw_zero_naive_2000,8026,0.878046875,0.8898592927021817,0.980625,0.22453125,3,3,3,0,0,0,0,12000
unsw_zero,naive,2000,xvd_b1_unsw_zero_naive_2000,8027,0.8828125,0.8934689693778409,0.97875,0.213125,4,4,4,0,0,0,0,16000
unsw_zero,naive,2000,xvd_b1_unsw_zero_naive_2000,8028,0.884296875,0.8941970336410456,0.97328125,0.2046875,5,5,5,0,0,0,0,20000
unsw_zero,naive,2000,xvd_b1_unsw_zero_naive_2000,8029,0.877890625,0.8899477081971241,0.98140625,0.225625,4,4,4,0,0,0,0,16000
unsw_zero,naive,2000,xvd_b1_unsw_zero_naive_2000,8030,0.8803125,0.8912016555109302,0.97625,0.215625,3,3,3,0,0,0,0,12000
unsw_zero,point,2000,xvd_b1_unsw_zero_point_2000,8001,0.879765625,0.8907547207981398,0.97609375,0.2165625,4,4,3,1,128,128,0,16000
unsw_zero,point,2000,xvd_b1_unsw_zero_point_2000,8002,0.881171875,0.8921689450227022,0.9790625,0.21671875,3,3,3,0,96,96,0,12000
unsw_zero,point,2000,xvd_b1_unsw_zero_point_2000,8003,0.879375,0.8900899524785301,0.97375,0.215,4,4,2,2,128,128,0,16000
unsw_zero,point,2000,xvd_b1_unsw_zero_point_2000,8004,0.8790625,0.8914182158220438,0.98828125,0.23015625,3,3,2,1,96,96,0,12000
unsw_zero,point,2000,xvd_b1_unsw_zero_point_2000,8005,0.876015625,0.8882878923169402,0.98140625,0.229375,2,2,1,1,64,64,0,8000
unsw_zero,point,2000,xvd_b1_unsw_zero_point_2000,8006,0.8871875,0.8965145825989138,0.97359375,0.19921875,2,2,2,0,64,64,0,8000
unsw_zero,point,2000,xvd_b1_unsw_zero_point_2000,8007,0.878671875,0.8902959340197626,0.98,0.22265625,4,4,4,0,128,128,0,16000
unsw_zero,point,2000,xvd_b1_unsw_zero_point_2000,8008,0.879140625,0.890545422525387,0.9784375,0.22015625,4,4,2,2,128,128,0,16000
unsw_zero,point,2000,xvd_b1_unsw_zero_point_2000,8009,0.86859375,0.8831884953640396,0.98921875,0.25203125,4,4,2,2,128,128,0,16000
unsw_zero,point,2000,xvd_b1_unsw_zero_point_2000,8010,0.874140625,0.8871659905997172,0.984375,0.23609375,2,2,1,1,64,64,0,8000
unsw_zero,point,2000,xvd_b1_unsw_zero_point_2000,8011,0.87671875,0.8885882054626031,0.979375,0.2259375,2,2,2,0,64,64,0,8000
unsw_zero,point,2000,xvd_b1_unsw_zero_point_2000,8012,0.8828125,0.8929077381539934,0.97421875,0.20859375,4,4,3,1,128,128,0,16000
unsw_zero,point,2000,xvd_b1_unsw_zero_point_2000,8013,0.87921875,0.8905974226365339,0.98,0.2215625,1,1,1,0,32,32,0,4000
unsw_zero,point,2000,xvd_b1_unsw_zero_point_2000,8014,0.87890625,0.890172730754544,0.975625,0.2178125,4,4,2,2,128,128,0,16000
unsw_zero,point,2000,xvd_b1_unsw_zero_point_2000,8015,0.878671875,0.8900435479602058,0.97828125,0.2209375,2,2,2,0,64,64,0,8000
unsw_zero,point,2000,xvd_b1_unsw_zero_point_2000,8016,0.890546875,0.8997770092899596,0.97828125,0.1971875,4,4,3,1,128,128,0,16000
unsw_zero,point,2000,xvd_b1_unsw_zero_point_2000,8017,0.883046875,0.893600954017461,0.978125,0.21203125,5,5,5,0,160,160,0,20000
unsw_zero,point,2000,xvd_b1_unsw_zero_point_2000,8018,0.882421875,0.8925505859274614,0.97328125,0.2084375,4,4,4,0,128,128,0,16000
unsw_zero,point,2000,xvd_b1_unsw_zero_point_2000,8019,0.874609375,0.8874295638681663,0.98453125,0.2353125,3,3,2,1,96,96,0,12000
unsw_zero,point,2000,xvd_b1_unsw_zero_point_2000,8020,0.863671875,0.8781036529559785,0.97625,0.24890625,4,4,3,1,128,128,0,16000
unsw_zero,point,2000,xvd_b1_unsw_zero_point_2000,8021,0.88078125,0.8921331202663346,0.981875,0.2203125,5,5,5,0,160,160,0,20000
unsw_zero,point,2000,xvd_b1_unsw_zero_point_2000,8022,0.883203125,0.8938023543232778,0.9784375,0.21203125,2,2,2,0,64,64,0,8000
unsw_zero,point,2000,xvd_b1_unsw_zero_point_2000,8023,0.883203125,0.8927619488618087,0.9690625,0.20265625,4,4,4,0,128,128,0,16000
unsw_zero,point,2000,xvd_b1_unsw_zero_point_2000,8024,0.87796875,0.8897834612743974,0.9803125,0.224375,3,3,3,0,96,96,0,12000
unsw_zero,point,2000,xvd_b1_unsw_zero_point_2000,8025,0.877421875,0.8887520829027212,0.97546875,0.220625,7,7,6,1,224,224,0,28000
unsw_zero,point,2000,xvd_b1_unsw_zero_point_2000,8026,0.878046875,0.8898592927021817,0.980625,0.22453125,3,3,3,0,96,96,0,12000
unsw_zero,point,2000,xvd_b1_unsw_zero_point_2000,8027,0.882578125,0.8932097262513298,0.978125,0.21296875,4,4,3,1,128,128,0,16000
unsw_zero,point,2000,xvd_b1_unsw_zero_point_2000,8028,0.884296875,0.8941970336410456,0.97328125,0.2046875,5,5,5,0,160,160,0,20000
unsw_zero,point,2000,xvd_b1_unsw_zero_point_2000,8029,0.877890625,0.8899477081971241,0.98140625,0.225625,4,4,4,0,128,128,0,16000
unsw_zero,point,2000,xvd_b1_unsw_zero_point_2000,8030,0.8803125,0.8912016555109302,0.97625,0.215625,3,3,3,0,96,96,0,12000
unsw_zero,strict,2000,xvd_b1_unsw_zero_strict_2000,8001,0.87578125,0.8889238498394532,0.98953125,0.23796875,4,4,0,4,128,128,0,16000
unsw_zero,strict,2000,xvd_b1_unsw_zero_strict_2000,8002,0.87875,0.8904382139089035,0.9809375,0.2234375,3,3,1,2,96,96,0,12000
unsw_zero,strict,2000,xvd_b1_unsw_zero_strict_2000,8003,0.88328125,0.8927273565964662,0.9684375,0.201875,4,4,0,4,128,128,0,16000
unsw_zero,strict,2000,xvd_b1_unsw_zero_strict_2000,8004,0.87875,0.8911648595892356,0.98828125,0.23078125,3,3,1,2,96,96,0,12000
unsw_zero,strict,2000,xvd_b1_unsw_zero_strict_2000,8005,0.876015625,0.8882878923169402,0.98140625,0.229375,2,2,1,1,64,64,0,8000
unsw_zero,strict,2000,xvd_b1_unsw_zero_strict_2000,8006,0.892421875,0.8999679118471314,0.965,0.18015625,2,2,1,1,64,64,0,8000
unsw_zero,strict,2000,xvd_b1_unsw_zero_strict_2000,8007,0.885390625,0.8951974003615633,0.97515625,0.204375,4,4,0,4,128,128,0,16000
unsw_zero,strict,2000,xvd_b1_unsw_zero_strict_2000,8008,0.877265625,0.88931406906144,0.98109375,0.2265625,4,4,1,3,128,128,0,16000
unsw_zero,strict,2000,xvd_b1_unsw_zero_strict_2000,8009,0.86796875,0.8827077441903307,0.98921875,0.25328125,4,4,1,3,128,128,0,16000
unsw_zero,strict,2000,xvd_b1_unsw_zero_strict_2000,8010,0.8734375,0.8866507391732825,0.98484375,0.23796875,2,2,0,2,64,64,0,8000
unsw_zero,strict,2000,xvd_b1_unsw_zero_strict_2000,8011,0.875546875,0.8879672895465301,0.9825,0.23140625,2,2,0,2,64,64,0,8000
unsw_zero,strict,2000,xvd_b1_unsw_zero_strict_2000,8012,0.883203125,0.8932802173781321,0.9746875,0.20828125,4,4,2,2,128,128,0,16000
unsw_zero,strict,2000,xvd_b1_unsw_zero_strict_2000,8013,0.87921875,0.8905974226365339,0.98,0.2215625,1,1,1,0,32,32,0,4000
unsw_zero,strict,2000,xvd_b1_unsw_zero_strict_2000,8014,0.882109375,0.8932910376599973,0.98125,0.21703125,4,4,1,3,128,128,0,16000
unsw_zero,strict,2000,xvd_b1_unsw_zero_strict_2000,8015,0.880234375,0.8915255804358118,0.98015625,0.2196875,2,2,0,2,64,64,0,8000
unsw_zero,strict,2000,xvd_b1_unsw_zero_strict_2000,8016,0.88890625,0.8988866943933753,0.9828125,0.205,4,4,0,4,128,128,0,16000
unsw_zero,strict,2000,xvd_b1_unsw_zero_strict_2000,8017,0.88265625,0.8933284778703795,0.9784375,0.213125,5,5,1,4,160,160,0,20000
unsw_zero,strict,2000,xvd_b1_unsw_zero_strict_2000,8018,0.884140625,0.8935061734853471,0.96859375,0.2003125,4,4,1,3,128,128,0,16000
unsw_zero,strict,2000,xvd_b1_unsw_zero_strict_2000,8019,0.8828125,0.8923060869812577,0.9675,0.201875,3,3,1,2,96,96,0,12000
unsw_zero,strict,2000,xvd_b1_unsw_zero_strict_2000,8020,0.875,0.8872456707291235,0.97890625,0.22890625,4,4,1,3,128,128,0,16000
unsw_zero,strict,2000,xvd_b1_unsw_zero_strict_2000,8021,0.878515625,0.8901706883296022,0.980625,0.22359375,5,5,2,3,160,160,0,20000
unsw_zero,strict,2000,xvd_b1_unsw_zero_strict_2000,8022,0.881640625,0.8928630515920223,0.9821875,0.21890625,2,2,1,1,64,64,0,8000
unsw_zero,strict,2000,xvd_b1_unsw_zero_strict_2000,8023,0.880703125,0.8914228856157049,0.975,0.21359375,4,4,0,4,128,128,0,16000
unsw_zero,strict,2000,xvd_b1_unsw_zero_strict_2000,8024,0.880390625,0.8902703336824453,0.96640625,0.205625,3,3,1,2,96,96,0,12000
unsw_zero,strict,2000,xvd_b1_unsw_zero_strict_2000,8025,0.879453125,0.8892377564211611,0.96515625,0.20625,7,7,2,5,224,224,0,28000
unsw_zero,strict,2000,xvd_b1_unsw_zero_strict_2000,8026,0.8790625,0.8906586073508436,0.9803125,0.2221875,3,3,1,2,96,96,0,12000
unsw_zero,strict,2000,xvd_b1_unsw_zero_strict_2000,8027,0.881640625,0.8924975998437195,0.97828125,0.215,4,4,0,4,128,128,0,16000
unsw_zero,strict,2000,xvd_b1_unsw_zero_strict_2000,8028,0.885546875,0.8952340572769899,0.97375,0.20265625,5,5,1,4,160,160,0,20000
unsw_zero,strict,2000,xvd_b1_unsw_zero_strict_2000,8029,0.8696875,0.8844904715679424,0.99140625,0.25203125,4,4,0,4,128,128,0,16000
unsw_zero,strict,2000,xvd_b1_unsw_zero_strict_2000,8030,0.878515625,0.8899958240564426,0.97859375,0.2215625,3,3,1,2,96,96,0,12000
unsw_zero,atc,2000,xvd_b1_unsw_zero_atc_2000,8001,0.879765625,0.8900207524322454,0.9690625,0.20953125,4,4,2,2,0,0,0,16000
unsw_zero,atc,2000,xvd_b1_unsw_zero_atc_2000,8002,0.881171875,0.8921689450227022,0.9790625,0.21671875,3,3,3,0,0,0,0,12000
unsw_zero,atc,2000,xvd_b1_unsw_zero_atc_2000,8003,0.8790625,0.8898464842638047,0.97390625,0.21578125,4,4,3,1,0,0,0,16000
unsw_zero,atc,2000,xvd_b1_unsw_zero_atc_2000,8004,0.8825,0.8937365592648419,0.98390625,0.21890625,3,3,3,0,0,0,0,12000
unsw_zero,atc,2000,xvd_b1_unsw_zero_atc_2000,8005,0.876015625,0.8882878923169402,0.98140625,0.229375,2,2,1,1,0,0,0,8000
unsw_zero,atc,2000,xvd_b1_unsw_zero_atc_2000,8006,0.89234375,0.8999155869909299,0.96515625,0.18046875,2,2,0,2,0,0,0,8000
unsw_zero,atc,2000,xvd_b1_unsw_zero_atc_2000,8007,0.8821875,0.8924680324307853,0.9740625,0.2096875,4,4,2,2,0,0,0,16000
unsw_zero,atc,2000,xvd_b1_unsw_zero_atc_2000,8008,0.8771875,0.8892815522329574,0.9815625,0.2271875,4,4,0,4,0,0,0,16000
unsw_zero,atc,2000,xvd_b1_unsw_zero_atc_2000,8009,0.871640625,0.884564193042553,0.97890625,0.235625,4,4,2,2,0,0,0,16000
unsw_zero,atc,2000,xvd_b1_unsw_zero_atc_2000,8010,0.874140625,0.8871659905997172,0.984375,0.23609375,2,2,1,1,0,0,0,8000
unsw_zero,atc,2000,xvd_b1_unsw_zero_atc_2000,8011,0.8771875,0.8889645903865496,0.97921875,0.22484375,2,2,1,1,0,0,0,8000
unsw_zero,atc,2000,xvd_b1_unsw_zero_atc_2000,8012,0.87875,0.8901271482519326,0.97921875,0.22171875,4,4,3,1,0,0,0,16000
unsw_zero,atc,2000,xvd_b1_unsw_zero_atc_2000,8013,0.87921875,0.8905974226365339,0.98,0.2215625,1,1,1,0,0,0,0,4000
unsw_zero,atc,2000,xvd_b1_unsw_zero_atc_2000,8014,0.878671875,0.8898551376808777,0.97453125,0.2171875,4,4,1,3,0,0,0,16000
unsw_zero,atc,2000,xvd_b1_unsw_zero_atc_2000,8015,0.879453125,0.8909078959449406,0.9803125,0.22140625,2,2,1,1,0,0,0,8000
unsw_zero,atc,2000,xvd_b1_unsw_zero_atc_2000,8016,0.885546875,0.8960177556976637,0.98078125,0.2096875,4,4,3,1,0,0,0,16000
unsw_zero,atc,2000,xvd_b1_unsw_zero_atc_2000,8017,0.88265625,0.8933284778703795,0.9784375,0.213125,5,5,1,4,0,0,0,20000
unsw_zero,atc,2000,xvd_b1_unsw_zero_atc_2000,8018,0.883984375,0.8932993902336557,0.96796875,0.2,4,4,2,2,0,0,0,16000
unsw_zero,atc,2000,xvd_b1_unsw_zero_atc_2000,8019,0.8734375,0.8868284470730416,0.98796875,0.24109375,3,3,1,2,0,0,0,12000
unsw_zero,atc,2000,xvd_b1_unsw_zero_atc_2000,8020,0.875,0.8872456707291235,0.97890625,0.22890625,4,4,1,3,0,0,0,16000
unsw_zero,atc,2000,xvd_b1_unsw_zero_atc_2000,8021,0.878671875,0.8905133912481439,0.9821875,0.22484375,5,5,3,2,0,0,0,20000
unsw_zero,atc,2000,xvd_b1_unsw_zero_atc_2000,8022,0.883203125,0.8938023543232778,0.9784375,0.21203125,2,2,2,0,0,0,0,8000
unsw_zero,atc,2000,xvd_b1_unsw_zero_atc_2000,8023,0.882734375,0.892036644424287,0.96546875,0.2,4,4,2,2,0,0,0,16000
unsw_zero,atc,2000,xvd_b1_unsw_zero_atc_2000,8024,0.880078125,0.8900307781126618,0.9665625,0.20640625,3,3,0,3,0,0,0,12000
unsw_zero,atc,2000,xvd_b1_unsw_zero_atc_2000,8025,0.874375,0.8862648633156115,0.97546875,0.22671875,7,7,3,4,0,0,0,28000
unsw_zero,atc,2000,xvd_b1_unsw_zero_atc_2000,8026,0.8790625,0.8906586073508436,0.9803125,0.2221875,3,3,1,2,0,0,0,12000
unsw_zero,atc,2000,xvd_b1_unsw_zero_atc_2000,8027,0.884609375,0.8946441692923252,0.975625,0.20640625,4,4,2,2,0,0,0,16000
unsw_zero,atc,2000,xvd_b1_unsw_zero_atc_2000,8028,0.884453125,0.8940533313168146,0.970625,0.20171875,5,5,2,3,0,0,0,20000
unsw_zero,atc,2000,xvd_b1_unsw_zero_atc_2000,8029,0.8696875,0.8844904715679424,0.99140625,0.25203125,4,4,0,4,0,0,0,16000
unsw_zero,atc,2000,xvd_b1_unsw_zero_atc_2000,8030,0.88015625,0.8904223489340855,0.97,0.2096875,3,3,1,2,0,0,0,12000
unsw_zero,doc,2000,xvd_b1_unsw_zero_doc_2000,8001,0.87953125,0.8900678766110501,0.97140625,0.21234375,4,4,1,3,0,0,0,16000
unsw_zero,doc,2000,xvd_b1_unsw_zero_doc_2000,8002,0.882265625,0.8927685529437674,0.97609375,0.2115625,3,3,2,1,0,0,0,12000
unsw_zero,doc,2000,xvd_b1_unsw_zero_doc_2000,8003,0.882890625,0.8924100829510755,0.96859375,0.2028125,4,4,1,3,0,0,0,16000
unsw_zero,doc,2000,xvd_b1_unsw_zero_doc_2000,8004,0.882265625,0.8934832851952453,0.98328125,0.21875,3,3,2,1,0,0,0,12000
unsw_zero,doc,2000,xvd_b1_unsw_zero_doc_2000,8005,0.876015625,0.8882878923169402,0.98140625,0.229375,2,2,1,1,0,0,0,8000
unsw_zero,doc,2000,xvd_b1_unsw_zero_doc_2000,8006,0.89234375,0.8999155869909299,0.96515625,0.18046875,2,2,0,2,0,0,0,8000
unsw_zero,doc,2000,xvd_b1_unsw_zero_doc_2000,8007,0.885390625,0.8951974003615633,0.97515625,0.204375,4,4,0,4,0,0,0,16000
unsw_zero,doc,2000,xvd_b1_unsw_zero_doc_2000,8008,0.8771875,0.8892815522329574,0.9815625,0.2271875,4,4,0,4,0,0,0,16000
unsw_zero,doc,2000,xvd_b1_unsw_zero_doc_2000,8009,0.871640625,0.884564193042553,0.97890625,0.235625,4,4,2,2,0,0,0,16000
unsw_zero,doc,2000,xvd_b1_unsw_zero_doc_2000,8010,0.8759375,0.8881377620016209,0.98046875,0.22859375,2,2,2,0,0,0,0,8000
unsw_zero,doc,2000,xvd_b1_unsw_zero_doc_2000,8011,0.875546875,0.8879672895465301,0.9825,0.23140625,2,2,0,2,0,0,0,8000
unsw_zero,doc,2000,xvd_b1_unsw_zero_doc_2000,8012,0.880625,0.8914378952206206,0.976875,0.215625,4,4,2,2,0,0,0,16000
unsw_zero,doc,2000,xvd_b1_unsw_zero_doc_2000,8013,0.87921875,0.8905974226365339,0.98,0.2215625,1,1,1,0,0,0,0,4000
unsw_zero,doc,2000,xvd_b1_unsw_zero_doc_2000,8014,0.87890625,0.890172730754544,0.975625,0.2178125,4,4,2,2,0,0,0,16000
unsw_zero,doc,2000,xvd_b1_unsw_zero_doc_2000,8015,0.879453125,0.890665346790443,0.978125,0.21921875,2,2,1,1,0,0,0,8000
unsw_zero,doc,2000,xvd_b1_unsw_zero_doc_2000,8016,0.88625,0.8964989391497558,0.97984375,0.20734375,4,4,2,2,0,0,0,16000
unsw_zero,doc,2000,xvd_b1_unsw_zero_doc_2000,8017,0.88265625,0.8933284778703795,0.9784375,0.213125,5,5,1,4,0,0,0,20000
unsw_zero,doc,2000,xvd_b1_unsw_zero_doc_2000,8018,0.883984375,0.8932993902336557,0.96796875,0.2,4,4,2,2,0,0,0,16000
unsw_zero,doc,2000,xvd_b1_unsw_zero_doc_2000,8019,0.875234375,0.8878927848230339,0.985,0.23453125,3,3,0,3,0,0,0,12000
unsw_zero,doc,2000,xvd_b1_unsw_zero_doc_2000,8020,0.877265625,0.8888482863279734,0.97703125,0.2225,4,4,1,3,0,0,0,16000
unsw_zero,doc,2000,xvd_b1_unsw_zero_doc_2000,8021,0.876875,0.8890244966583749,0.98203125,0.22828125,5,5,2,3,0,0,0,20000
unsw_zero,doc,2000,xvd_b1_unsw_zero_doc_2000,8022,0.88046875,0.8920573709752065,0.98359375,0.22265625,2,2,0,2,0,0,0,8000
unsw_zero,doc,2000,xvd_b1_unsw_zero_doc_2000,8023,0.882890625,0.8923156388866519,0.966875,0.20109375,4,4,2,2,0,0,0,16000
unsw_zero,doc,2000,xvd_b1_unsw_zero_doc_2000,8024,0.87984375,0.891290474667154,0.98046875,0.22078125,3,3,1,2,0,0,0,12000
unsw_zero,doc,2000,xvd_b1_unsw_zero_doc_2000,8025,0.87859375,0.8877797578056399,0.9578125,0.200625,7,7,0,7,0,0,0,28000
unsw_zero,doc,2000,xvd_b1_unsw_zero_doc_2000,8026,0.878046875,0.8898592927021817,0.980625,0.22453125,3,3,3,0,0,0,0,12000
unsw_zero,doc,2000,xvd_b1_unsw_zero_doc_2000,8027,0.884609375,0.8946441692923252,0.975625,0.20640625,4,4,2,2,0,0,0,16000
unsw_zero,doc,2000,xvd_b1_unsw_zero_doc_2000,8028,0.88515625,0.8947156681584013,0.97171875,0.20140625,5,5,2,3,0,0,0,20000
unsw_zero,doc,2000,xvd_b1_unsw_zero_doc_2000,8029,0.8696875,0.8844904715679424,0.99140625,0.25203125,4,4,0,4,0,0,0,16000
unsw_zero,doc,2000,xvd_b1_unsw_zero_doc_2000,8030,0.880078125,0.8905409209242515,0.971875,0.21171875,3,3,2,1,0,0,0,12000
unsw_zero,enscal,2000,xvd_b1_unsw_zero_enscal_2000,8001,0.88359375,0.8924602265670007,0.96171875,0.19453125,4,4,4,0,0,0,0,16000
unsw_zero,enscal,2000,xvd_b1_unsw_zero_enscal_2000,8002,0.886875,0.8957828302814179,0.96734375,0.19359375,3,3,3,0,0,0,0,12000
unsw_zero,enscal,2000,xvd_b1_unsw_zero_enscal_2000,8003,0.885625,0.8942956717857997,0.9653125,0.1940625,4,4,4,0,0,0,0,16000
unsw_zero,enscal,2000,xvd_b1_unsw_zero_enscal_2000,8004,0.88765625,0.8967185321906161,0.97265625,0.19734375,3,3,3,0,0,0,0,12000
unsw_zero,enscal,2000,xvd_b1_unsw_zero_enscal_2000,8005,0.886484375,0.8954852365795618,0.96859375,0.195625,2,2,2,0,0,0,0,8000
unsw_zero,enscal,2000,xvd_b1_unsw_zero_enscal_2000,8006,0.892890625,0.900318501795067,0.96453125,0.17875,2,2,2,0,0,0,0,8000
unsw_zero,enscal,2000,xvd_b1_unsw_zero_enscal_2000,8007,0.888046875,0.8964206624187956,0.96578125,0.1896875,4,4,4,0,0,0,0,16000
unsw_zero,enscal,2000,xvd_b1_unsw_zero_enscal_2000,8008,0.886484375,0.8951718100426916,0.9653125,0.19234375,4,4,4,0,0,0,0,16000
unsw_zero,enscal,2000,xvd_b1_unsw_zero_enscal_2000,8009,0.877421875,0.8884184109657567,0.97125,0.21640625,4,4,4,0,0,0,0,16000
unsw_zero,enscal,2000,xvd_b1_unsw_zero_enscal_2000,8010,0.878125,0.8888390036187133,0.96984375,0.21359375,2,2,2,0,0,0,0,8000
unsw_zero,enscal,2000,xvd_b1_unsw_zero_enscal_2000,8011,0.87875,0.8895616740786443,0.9728125,0.2153125,2,2,2,0,0,0,0,8000
unsw_zero,enscal,2000,xvd_b1_unsw_zero_enscal_2000,8012,0.8871875,0.8953996967271405,0.96265625,0.18828125,4,4,4,0,0,0,0,16000
unsw_zero,enscal,2000,xvd_b1_unsw_zero_enscal_2000,8013,0.880703125,0.8913446549483706,0.97546875,0.2140625,1,1,1,0,0,0,0,4000
unsw_zero,enscal,2000,xvd_b1_unsw_zero_enscal_2000,8014,0.884296875,0.8935645447015914,0.96671875,0.198125,4,4,4,0,0,0,0,16000
unsw_zero,enscal,2000,xvd_b1_unsw_zero_enscal_2000,8015,0.88609375,0.8942212049531729,0.96015625,0.18796875,2,2,2,0,0,0,0,8000
unsw_zero,enscal,2000,xvd_b1_unsw_zero_enscal_2000,8016,0.89015625,0.8985767647171734,0.9696875,0.189375,4,4,4,0,0,0,0,16000
unsw_zero,enscal,2000,xvd_b1_unsw_zero_enscal_2000,8017,0.8859375,0.8948604154281443,0.9675,0.195625,5,5,5,0,0,0,0,20000
unsw_zero,enscal,2000,xvd_b1_unsw_zero_enscal_2000,8018,0.884921875,0.8933853511818214,0.96109375,0.19125,4,4,4,0,0,0,0,16000
unsw_zero,enscal,2000,xvd_b1_unsw_zero_enscal_2000,8019,0.88515625,0.8940856977150972,0.96625,0.1959375,3,3,3,0,0,0,0,12000
unsw_zero,enscal,2000,xvd_b1_unsw_zero_enscal_2000,8020,0.88234375,0.8915276037155618,0.9628125,0.198125,4,4,4,0,0,0,0,16000
unsw_zero,enscal,2000,xvd_b1_unsw_zero_enscal_2000,8021,0.883828125,0.8930306308412185,0.96640625,0.19875,5,5,5,0,0,0,0,20000
unsw_zero,enscal,2000,xvd_b1_unsw_zero_enscal_2000,8022,0.88578125,0.8946657764842416,0.96734375,0.19578125,2,2,2,0,0,0,0,8000
unsw_zero,enscal,2000,xvd_b1_unsw_zero_enscal_2000,8023,0.88609375,0.89415970145661,0.9590625,0.186875,4,4,4,0,0,0,0,16000
unsw_zero,enscal,2000,xvd_b1_unsw_zero_enscal_2000,8024,0.8859375,0.8945963744637876,0.964375,0.1925,3,3,3,0,0,0,0,12000
unsw_zero,enscal,2000,xvd_b1_unsw_zero_enscal_2000,8025,0.8803125,0.888987891076562,0.9559375,0.1953125,7,7,7,0,0,0,0,28000
unsw_zero,enscal,2000,xvd_b1_unsw_zero_enscal_2000,8026,0.88546875,0.8944680582516144,0.966875,0.1959375,3,3,3,0,0,0,0,12000
unsw_zero,enscal,2000,xvd_b1_unsw_zero_enscal_2000,8027,0.887265625,0.8959352412198888,0.966875,0.19234375,4,4,4,0,0,0,0,16000
unsw_zero,enscal,2000,xvd_b1_unsw_zero_enscal_2000,8028,0.889765625,0.8980267575430574,0.96640625,0.186875,5,5,5,0,0,0,0,20000
unsw_zero,enscal,2000,xvd_b1_unsw_zero_enscal_2000,8029,0.88421875,0.8941248906021378,0.97171875,0.20328125,4,4,4,0,0,0,0,16000
unsw_zero,enscal,2000,xvd_b1_unsw_zero_enscal_2000,8030,0.8825,0.8925540600362907,0.97171875,0.20671875,3,3,3,0,0,0,0,12000
unsw_zero,replay,2000,xvd_b1_unsw_zero_replay_2000,8001,0.8803125,0.8913144905357372,0.97609375,0.21546875,4,4,4,0,0,0,0,16000
unsw_zero,replay,2000,xvd_b1_unsw_zero_replay_2000,8002,0.879921875,0.8914725049301481,0.98171875,0.221875,3,3,3,0,0,0,0,12000
unsw_zero,replay,2000,xvd_b1_unsw_zero_replay_2000,8003,0.881484375,0.8917153693601275,0.973125,0.21015625,4,4,4,0,0,0,0,16000
unsw_zero,replay,2000,xvd_b1_unsw_zero_replay_2000,8004,0.885625,0.8955125216264329,0.97671875,0.20546875,3,3,3,0,0,0,0,12000
unsw_zero,replay,2000,xvd_b1_unsw_zero_replay_2000,8005,0.88515625,0.8952174335428872,0.9765625,0.20625,2,2,2,0,0,0,0,8000
unsw_zero,replay,2000,xvd_b1_unsw_zero_replay_2000,8006,0.89015625,0.8986142799427073,0.97046875,0.19015625,2,2,2,0,0,0,0,8000
unsw_zero,replay,2000,xvd_b1_unsw_zero_replay_2000,8007,0.882734375,0.8927907433568361,0.97296875,0.2075,4,4,4,0,0,0,0,16000
unsw_zero,replay,2000,xvd_b1_unsw_zero_replay_2000,8008,0.882421875,0.8929884822664031,0.97640625,0.2115625,4,4,4,0,0,0,0,16000
unsw_zero,replay,2000,xvd_b1_unsw_zero_replay_2000,8009,0.873515625,0.8857846710768521,0.97625,0.22921875,4,4,4,0,0,0,0,16000
unsw_zero,replay,2000,xvd_b1_unsw_zero_replay_2000,8010,0.874140625,0.8859324119488693,0.97375,0.22546875,2,2,2,0,0,0,0,8000
unsw_zero,replay,2000,xvd_b1_unsw_zero_replay_2000,8011,0.878359375,0.890100769195505,0.98109375,0.224375,2,2,2,0,0,0,0,8000
unsw_zero,replay,2000,xvd_b1_unsw_zero_replay_2000,8012,0.8821875,0.8927268736229719,0.97671875,0.21234375,4,4,4,0,0,0,0,16000
unsw_zero,replay,2000,xvd_b1_unsw_zero_replay_2000,8013,0.880078125,0.8912310482586099,0.97953125,0.219375,1,1,1,0,0,0,0,4000
unsw_zero,replay,2000,xvd_b1_unsw_zero_replay_2000,8014,0.8728125,0.8859389629632206,0.9821875,0.2365625,4,4,4,0,0,0,0,16000
unsw_zero,replay,2000,xvd_b1_unsw_zero_replay_2000,8015,0.88484375,0.8939299668806371,0.966875,0.1971875,2,2,2,0,0,0,0,8000
unsw_zero,replay,2000,xvd_b1_unsw_zero_replay_2000,8016,0.8784375,0.890073377614107,0.97765625,0.22078125,4,4,4,0,0,0,0,16000
unsw_zero,replay,2000,xvd_b1_unsw_zero_replay_2000,8017,0.88265625,0.8932754133113824,0.97765625,0.21234375,5,5,5,0,0,0,0,20000
unsw_zero,replay,2000,xvd_b1_unsw_zero_replay_2000,8018,0.880703125,0.8911153243550415,0.9728125,0.21140625,4,4,4,0,0,0,0,16000
unsw_zero,replay,2000,xvd_b1_unsw_zero_replay_2000,8019,0.877734375,0.8898306617894078,0.98390625,0.2284375,3,3,3,0,0,0,0,12000
unsw_zero,replay,2000,xvd_b1_unsw_zero_replay_2000,8020,0.878515625,0.8896397997600741,0.9746875,0.21765625,4,4,4,0,0,0,0,16000
unsw_zero,replay,2000,xvd_b1_unsw_zero_replay_2000,8021,0.8825,0.8929829014444611,0.9765625,0.2115625,5,5,5,0,0,0,0,20000
unsw_zero,replay,2000,xvd_b1_unsw_zero_replay_2000,8022,0.884921875,0.8944451110544657,0.97171875,0.201875,2,2,2,0,0,0,0,8000
unsw_zero,replay,2000,xvd_b1_unsw_zero_replay_2000,8023,0.880625,0.8910859540741246,0.9725,0.21125,4,4,4,0,0,0,0,16000
unsw_zero,replay,2000,xvd_b1_unsw_zero_replay_2000,8024,0.8809375,0.8916823190352972,0.975625,0.21375,3,3,3,0,0,0,0,12000
unsw_zero,replay,2000,xvd_b1_unsw_zero_replay_2000,8025,0.877265625,0.8885264860845936,0.97484375,0.2203125,7,7,7,0,0,0,0,28000
unsw_zero,replay,2000,xvd_b1_unsw_zero_replay_2000,8026,0.880234375,0.8913701284678165,0.978125,0.21765625,3,3,3,0,0,0,0,12000
unsw_zero,replay,2000,xvd_b1_unsw_zero_replay_2000,8027,0.879375,0.8908231195126857,0.97984375,0.22109375,4,4,4,0,0,0,0,16000
unsw_zero,replay,2000,xvd_b1_unsw_zero_replay_2000,8028,0.885234375,0.8950708333814801,0.97390625,0.2034375,5,5,5,0,0,0,0,20000
unsw_zero,replay,2000,xvd_b1_unsw_zero_replay_2000,8029,0.88171875,0.8923840718508147,0.97453125,0.21109375,4,4,4,0,0,0,0,16000
unsw_zero,replay,2000,xvd_b1_unsw_zero_replay_2000,8030,0.87734375,0.8893132519170388,0.98125,0.2265625,3,3,3,0,0,0,0,12000
unsw_zero,ddm,2000,xvd_b1_unsw_zero_ddm_2000,8001,0.877109375,0.8885816861619068,0.9759375,0.22171875,3,3,3,0,800,0,800,12000
unsw_zero,ddm,2000,xvd_b1_unsw_zero_ddm_2000,8002,0.874375,0.8871754303004314,0.98390625,0.23515625,0,0,0,0,800,0,800,0
unsw_zero,ddm,2000,xvd_b1_unsw_zero_ddm_2000,8003,0.88328125,0.8927273565964662,0.9684375,0.201875,0,0,0,0,800,0,800,0
unsw_zero,ddm,2000,xvd_b1_unsw_zero_ddm_2000,8004,0.88609375,0.8957015029120573,0.97515625,0.20296875,1,1,1,0,800,0,800,4000
unsw_zero,ddm,2000,xvd_b1_unsw_zero_ddm_2000,8005,0.88,0.8918101546493773,0.98421875,0.22421875,2,2,2,0,800,0,800,8000
unsw_zero,ddm,2000,xvd_b1_unsw_zero_ddm_2000,8006,0.892734375,0.9002704583785679,0.96546875,0.18,1,1,1,0,800,0,800,4000
unsw_zero,ddm,2000,xvd_b1_unsw_zero_ddm_2000,8007,0.87890625,0.8907517367871524,0.98296875,0.22515625,1,1,1,0,800,0,800,4000
unsw_zero,ddm,2000,xvd_b1_unsw_zero_ddm_2000,8008,0.8771875,0.8892815522329574,0.9815625,0.2271875,0,0,0,0,800,0,800,0
unsw_zero,ddm,2000,xvd_b1_unsw_zero_ddm_2000,8009,0.870078125,0.8841154129679499,0.9865625,0.24640625,0,0,0,0,800,0,800,0
unsw_zero,ddm,2000,xvd_b1_unsw_zero_ddm_2000,8010,0.8734375,0.8866507391732825,0.98484375,0.23796875,0,0,0,0,800,0,800,0
unsw_zero,ddm,2000,xvd_b1_unsw_zero_ddm_2000,8011,0.875546875,0.8879672895465301,0.9825,0.23140625,0,0,0,0,800,0,800,0
unsw_zero,ddm,2000,xvd_b1_unsw_zero_ddm_2000,8012,0.8853125,0.8942817583524678,0.966875,0.19625,0,0,0,0,800,0,800,0
unsw_zero,ddm,2000,xvd_b1_unsw_zero_ddm_2000,8013,0.879921875,0.8910425252640362,0.97859375,0.21875,0,0,0,0,800,0,800,0
unsw_zero,ddm,2000,xvd_b1_unsw_zero_ddm_2000,8014,0.87546875,0.8878382213508018,0.98046875,0.22953125,1,1,1,0,800,0,800,4000
unsw_zero,ddm,2000,xvd_b1_unsw_zero_ddm_2000,8015,0.880234375,0.8915255804358118,0.98015625,0.2196875,0,0,0,0,800,0,800,0
unsw_zero,ddm,2000,xvd_b1_unsw_zero_ddm_2000,8016,0.892109375,0.9000786184865494,0.96828125,0.1840625,1,1,1,0,800,0,800,4000
unsw_zero,ddm,2000,xvd_b1_unsw_zero_ddm_2000,8017,0.885390625,0.8950285444801348,0.97359375,0.2028125,0,0,0,0,800,0,800,0
unsw_zero,ddm,2000,xvd_b1_unsw_zero_ddm_2000,8018,0.88328125,0.8926240268812105,0.96609375,0.19953125,0,0,0,0,800,0,800,0
unsw_zero,ddm,2000,xvd_b1_unsw_zero_ddm_2000,8019,0.875234375,0.8878927848230339,0.985,0.23453125,0,0,0,0,800,0,800,0
unsw_zero,ddm,2000,xvd_b1_unsw_zero_ddm_2000,8020,0.874921875,0.8871676565447264,0.97875,0.22890625,0,0,0,0,800,0,800,0
unsw_zero,ddm,2000,xvd_b1_unsw_zero_ddm_2000,8021,0.877734375,0.8895281076399538,0.98046875,0.225,0,0,0,0,800,0,800,0
unsw_zero,ddm,2000,xvd_b1_unsw_zero_ddm_2000,8022,0.87875,0.8912320071861868,0.98859375,0.23109375,1,1,1,0,800,0,800,4000
unsw_zero,ddm,2000,xvd_b1_unsw_zero_ddm_2000,8023,0.880703125,0.8914228856157049,0.975,0.21359375,0,0,0,0,800,0,800,0
unsw_zero,ddm,2000,xvd_b1_unsw_zero_ddm_2000,8024,0.8775,0.8893076621135478,0.97984375,0.22484375,1,1,1,0,800,0,800,4000
unsw_zero,ddm,2000,xvd_b1_unsw_zero_ddm_2000,8025,0.87859375,0.8877797578056399,0.9578125,0.200625,0,0,0,0,800,0,800,0
unsw_zero,ddm,2000,xvd_b1_unsw_zero_ddm_2000,8026,0.879609375,0.8910711929653052,0.98,0.22078125,0,0,0,0,800,0,800,0
unsw_zero,ddm,2000,xvd_b1_unsw_zero_ddm_2000,8027,0.881640625,0.8924975998437195,0.97828125,0.215,0,0,0,0,800,0,800,0
unsw_zero,ddm,2000,xvd_b1_unsw_zero_ddm_2000,8028,0.887421875,0.896733315760612,0.97359375,0.19875,1,1,1,0,800,0,800,4000
unsw_zero,ddm,2000,xvd_b1_unsw_zero_ddm_2000,8029,0.874609375,0.8878755501666612,0.9865625,0.23734375,1,1,1,0,800,0,800,4000
unsw_zero,ddm,2000,xvd_b1_unsw_zero_ddm_2000,8030,0.874921875,0.8877265755496705,0.98515625,0.2353125,0,0,0,0,800,0,800,0
unsw_zero,adwin,2000,xvd_b1_unsw_zero_adwin_2000,8001,0.87578125,0.8889238498394532,0.98953125,0.23796875,0,0,0,0,800,0,800,0
unsw_zero,adwin,2000,xvd_b1_unsw_zero_adwin_2000,8002,0.874375,0.8871754303004314,0.98390625,0.23515625,0,0,0,0,800,0,800,0
unsw_zero,adwin,2000,xvd_b1_unsw_zero_adwin_2000,8003,0.88328125,0.8927273565964662,0.9684375,0.201875,0,0,0,0,800,0,800,0
unsw_zero,adwin,2000,xvd_b1_unsw_zero_adwin_2000,8004,0.883671875,0.8940718600943961,0.9784375,0.21109375,0,0,0,0,800,0,800,0
unsw_zero,adwin,2000,xvd_b1_unsw_zero_adwin_2000,8005,0.883984375,0.8942609530529247,0.9765625,0.20859375,0,0,0,0,800,0,800,0
unsw_zero,adwin,2000,xvd_b1_unsw_zero_adwin_2000,8006,0.89234375,0.8999155869909299,0.96515625,0.18046875,0,0,0,0,800,0,800,0
unsw_zero,adwin,2000,xvd_b1_unsw_zero_adwin_2000,8007,0.885390625,0.8951974003615633,0.97515625,0.204375,0,0,0,0,800,0,800,0
unsw_zero,adwin,2000,xvd_b1_unsw_zero_adwin_2000,8008,0.8771875,0.8892815522329574,0.9815625,0.2271875,0,0,0,0,800,0,800,0
unsw_zero,adwin,2000,xvd_b1_unsw_zero_adwin_2000,8009,0.870078125,0.8841154129679499,0.9865625,0.24640625,0,0,0,0,800,0,800,0
unsw_zero,adwin,2000,xvd_b1_unsw_zero_adwin_2000,8010,0.8734375,0.8866507391732825,0.98484375,0.23796875,0,0,0,0,800,0,800,0
unsw_zero,adwin,2000,xvd_b1_unsw_zero_adwin_2000,8011,0.875546875,0.8879672895465301,0.9825,0.23140625,0,0,0,0,800,0,800,0
unsw_zero,adwin,2000,xvd_b1_unsw_zero_adwin_2000,8012,0.8853125,0.8942817583524678,0.966875,0.19625,0,0,0,0,800,0,800,0
unsw_zero,adwin,2000,xvd_b1_unsw_zero_adwin_2000,8013,0.879921875,0.8910425252640362,0.97859375,0.21875,0,0,0,0,800,0,800,0
unsw_zero,adwin,2000,xvd_b1_unsw_zero_adwin_2000,8014,0.88234375,0.8934259738640223,0.98078125,0.21609375,0,0,0,0,800,0,800,0
unsw_zero,adwin,2000,xvd_b1_unsw_zero_adwin_2000,8015,0.880234375,0.8915255804358118,0.98015625,0.2196875,0,0,0,0,800,0,800,0
unsw_zero,adwin,2000,xvd_b1_unsw_zero_adwin_2000,8016,0.88890625,0.8988866943933753,0.9828125,0.205,0,0,0,0,800,0,800,0
unsw_zero,adwin,2000,xvd_b1_unsw_zero_adwin_2000,8017,0.885390625,0.8950285444801348,0.97359375,0.2028125,0,0,0,0,800,0,800,0
unsw_zero,adwin,2000,xvd_b1_unsw_zero_adwin_2000,8018,0.88328125,0.8926240268812105,0.96609375,0.19953125,0,0,0,0,800,0,800,0
unsw_zero,adwin,2000,xvd_b1_unsw_zero_adwin_2000,8019,0.875234375,0.8878927848230339,0.985,0.23453125,0,0,0,0,800,0,800,0
unsw_zero,adwin,2000,xvd_b1_unsw_zero_adwin_2000,8020,0.874921875,0.8871676565447264,0.97875,0.22890625,0,0,0,0,800,0,800,0
unsw_zero,adwin,2000,xvd_b1_unsw_zero_adwin_2000,8021,0.877734375,0.8895281076399538,0.98046875,0.225,0,0,0,0,800,0,800,0
unsw_zero,adwin,2000,xvd_b1_unsw_zero_adwin_2000,8022,0.88046875,0.8920573709752065,0.98359375,0.22265625,0,0,0,0,800,0,800,0
unsw_zero,adwin,2000,xvd_b1_unsw_zero_adwin_2000,8023,0.880703125,0.8914228856157049,0.975,0.21359375,0,0,0,0,800,0,800,0
unsw_zero,adwin,2000,xvd_b1_unsw_zero_adwin_2000,8024,0.880078125,0.8900307781126618,0.9665625,0.20640625,0,0,0,0,800,0,800,0
unsw_zero,adwin,2000,xvd_b1_unsw_zero_adwin_2000,8025,0.87859375,0.8877797578056399,0.9578125,0.200625,0,0,0,0,800,0,800,0
unsw_zero,adwin,2000,xvd_b1_unsw_zero_adwin_2000,8026,0.879609375,0.8910711929653052,0.98,0.22078125,0,0,0,0,800,0,800,0
unsw_zero,adwin,2000,xvd_b1_unsw_zero_adwin_2000,8027,0.881640625,0.8924975998437195,0.97828125,0.215,0,0,0,0,800,0,800,0
unsw_zero,adwin,2000,xvd_b1_unsw_zero_adwin_2000,8028,0.887421875,0.8967429203821647,0.97359375,0.19875,0,0,0,0,800,0,800,0
unsw_zero,adwin,2000,xvd_b1_unsw_zero_adwin_2000,8029,0.8696875,0.8844904715679424,0.99140625,0.25203125,0,0,0,0,800,0,800,0
unsw_zero,adwin,2000,xvd_b1_unsw_zero_adwin_2000,8030,0.874921875,0.8877265755496705,0.98515625,0.2353125,0,0,0,0,800,0,800,0
unsw_zero,naive,512,xvd_b1_unsw_zero_naive_512,8001,0.854453125,0.8722089748876392,0.98734375,0.2784375,4,4,4,0,0,0,0,4096
unsw_zero,naive,512,xvd_b1_unsw_zero_naive_512,8002,0.8715625,0.8856843657579933,0.9903125,0.2471875,3,3,3,0,0,0,0,3072
unsw_zero,naive,512,xvd_b1_unsw_zero_naive_512,8003,0.87578125,0.887477988901799,0.97625,0.2246875,4,4,4,0,0,0,0,4096
unsw_zero,naive,512,xvd_b1_unsw_zero_naive_512,8004,0.87828125,0.8906905657792185,0.98703125,0.23046875,3,3,3,0,0,0,0,3072
unsw_zero,naive,512,xvd_b1_unsw_zero_naive_512,8005,0.87359375,0.8872803702346975,0.98984375,0.24265625,2,2,2,0,0,0,0,2048
unsw_zero,naive,512,xvd_b1_unsw_zero_naive_512,8006,0.885859375,0.8952206683667437,0.97125,0.19953125,2,2,2,0,0,0,0,2048
unsw_zero,naive,512,xvd_b1_unsw_zero_naive_512,8007,0.85703125,0.8736500541722475,0.97890625,0.26484375,4,4,4,0,0,0,0,4096
unsw_zero,naive,512,xvd_b1_unsw_zero_naive_512,8008,0.838671875,0.8605254806477737,0.98515625,0.3078125,4,4,4,0,0,0,0,4096
unsw_zero,naive,512,xvd_b1_unsw_zero_naive_512,8009,0.85984375,0.8764067829298845,0.98953125,0.26984375,4,4,4,0,0,0,0,4096
unsw_zero,naive,512,xvd_b1_unsw_zero_naive_512,8010,0.868828125,0.883155703692136,0.98671875,0.2490625,2,2,2,0,0,0,0,2048
unsw_zero,naive,512,xvd_b1_unsw_zero_naive_512,8011,0.870078125,0.8837168582325705,0.98359375,0.2434375,2,2,2,0,0,0,0,2048
unsw_zero,naive,512,xvd_b1_unsw_zero_naive_512,8012,0.86921875,0.8829489292197675,0.979375,0.2409375,4,4,4,0,0,0,0,4096
unsw_zero,naive,512,xvd_b1_unsw_zero_naive_512,8013,0.86625,0.8804600652644655,0.97875,0.24625,1,1,1,0,0,0,0,1024
unsw_zero,naive,512,xvd_b1_unsw_zero_naive_512,8014,0.84015625,0.8619183989763922,0.99125,0.3109375,4,4,4,0,0,0,0,4096
unsw_zero,naive,512,xvd_b1_unsw_zero_naive_512,8015,0.842265625,0.8613793572110846,0.97546875,0.2909375,2,2,2,0,0,0,0,2048
unsw_zero,naive,512,xvd_b1_unsw_zero_naive_512,8016,0.847109375,0.8673439595052257,0.98765625,0.2934375,4,4,4,0,0,0,0,4096
unsw_zero,naive,512,xvd_b1_unsw_zero_naive_512,8017,0.8728125,0.8857648491182158,0.980625,0.235,5,5,5,0,0,0,0,5120
unsw_zero,naive,512,xvd_b1_unsw_zero_naive_512,8018,0.865546875,0.8805335405563581,0.98484375,0.25375,4,4,4,0,0,0,0,4096
unsw_zero,naive,512,xvd_b1_unsw_zero_naive_512,8019,0.868671875,0.8827224632924779,0.985,0.24765625,3,3,3,0,0,0,0,3072
unsw_zero,naive,512,xvd_b1_unsw_zero_naive_512,8020,0.85421875,0.8717982777313092,0.98453125,0.27609375,4,4,4,0,0,0,0,4096
unsw_zero,naive,512,xvd_b1_unsw_zero_naive_512,8021,0.858359375,0.8753337823721682,0.9865625,0.26984375,5,5,5,0,0,0,0,5120
unsw_zero,naive,512,xvd_b1_unsw_zero_naive_512,8022,0.8725,0.8856899648772278,0.98359375,0.23859375,2,2,2,0,0,0,0,2048
unsw_zero,naive,512,xvd_b1_unsw_zero_naive_512,8023,0.86109375,0.8771587803562333,0.9859375,0.26375,4,4,4,0,0,0,0,4096
unsw_zero,naive,512,xvd_b1_unsw_zero_naive_512,8024,0.869765625,0.8835949974412581,0.98296875,0.2434375,3,3,3,0,0,0,0,3072
unsw_zero,naive,512,xvd_b1_unsw_zero_naive_512,8025,0.85953125,0.8740941434504239,0.9678125,0.24875,7,7,7,0,0,0,0,7168
unsw_zero,naive,512,xvd_b1_unsw_zero_naive_512,8026,0.857890625,0.8743769985899522,0.9840625,0.26828125,3,3,3,0,0,0,0,3072
unsw_zero,naive,512,xvd_b1_unsw_zero_naive_512,8027,0.876328125,0.8884028468203734,0.979375,0.22671875,4,4,4,0,0,0,0,4096
unsw_zero,naive,512,xvd_b1_unsw_zero_naive_512,8028,0.8775,0.8898017110887351,0.9846875,0.2296875,5,5,5,0,0,0,0,5120
unsw_zero,naive,512,xvd_b1_unsw_zero_naive_512,8029,0.84984375,0.8679674525761637,0.98234375,0.28265625,4,4,4,0,0,0,0,4096
unsw_zero,naive,512,xvd_b1_unsw_zero_naive_512,8030,0.874375,0.8869779930021086,0.9815625,0.2328125,3,3,3,0,0,0,0,3072
unsw_zero,point,512,xvd_b1_unsw_zero_point_512,8001,0.843671875,0.8645962369373384,0.99140625,0.3040625,4,4,2,2,128,128,0,4096
unsw_zero,point,512,xvd_b1_unsw_zero_point_512,8002,0.8715625,0.8856843657579933,0.9903125,0.2471875,3,3,3,0,96,96,0,3072
unsw_zero,point,512,xvd_b1_unsw_zero_point_512,8003,0.87453125,0.8864849645361578,0.9765625,0.2275,4,4,3,1,128,128,0,4096
unsw_zero,point,512,xvd_b1_unsw_zero_point_512,8004,0.882421875,0.8936171219151194,0.98359375,0.21875,3,3,2,1,96,96,0,3072
unsw_zero,point,512,xvd_b1_unsw_zero_point_512,8005,0.871875,0.8856791837078053,0.9878125,0.2440625,2,2,1,1,64,64,0,2048
unsw_zero,point,512,xvd_b1_unsw_zero_point_512,8006,0.885859375,0.8952206683667437,0.97125,0.19953125,2,2,2,0,64,64,0,2048
unsw_zero,point,512,xvd_b1_unsw_zero_point_512,8007,0.859140625,0.8749859696445728,0.975625,0.25734375,4,4,3,1,128,128,0,4096
unsw_zero,point,512,xvd_b1_unsw_zero_point_512,8008,0.869140625,0.8829710083446491,0.9803125,0.24203125,4,4,2,2,128,128,0,4096
unsw_zero,point,512,xvd_b1_unsw_zero_point_512,8009,0.85984375,0.8764067829298845,0.98953125,0.26984375,4,4,4,0,128,128,0,4096
unsw_zero,point,512,xvd_b1_unsw_zero_point_512,8010,0.8734375,0.8866507391732825,0.98484375,0.23796875,2,2,0,2,64,64,0,2048
unsw_zero,point,512,xvd_b1_unsw_zero_point_512,8011,0.870078125,0.8837168582325705,0.98359375,0.2434375,2,2,2,0,64,64,0,2048
unsw_zero,point,512,xvd_b1_unsw_zero_point_512,8012,0.873984375,0.886268989169378,0.97390625,0.2259375,4,4,2,2,128,128,0,4096
unsw_zero,point,512,xvd_b1_unsw_zero_point_512,8013,0.86625,0.8804600652644655,0.97875,0.24625,1,1,1,0,32,32,0,1024
unsw_zero,point,512,xvd_b1_unsw_zero_point_512,8014,0.84015625,0.8619183989763922,0.99125,0.3109375,4,4,4,0,128,128,0,4096
unsw_zero,point,512,xvd_b1_unsw_zero_point_512,8015,0.842265625,0.8613793572110846,0.97546875,0.2909375,2,2,2,0,64,64,0,2048
unsw_zero,point,512,xvd_b1_unsw_zero_point_512,8016,0.871171875,0.8852214475796206,0.9834375,0.24109375,4,4,3,1,128,128,0,4096
unsw_zero,point,512,xvd_b1_unsw_zero_point_512,8017,0.87578125,0.8882971081157148,0.98234375,0.23078125,5,5,4,1,160,160,0,5120
unsw_zero,point,512,xvd_b1_unsw_zero_point_512,8018,0.86796875,0.8821386422629399,0.98140625,0.24546875,4,4,2,2,128,128,0,4096
unsw_zero,point,512,xvd_b1_unsw_zero_point_512,8019,0.869453125,0.8834038355124665,0.98546875,0.2465625,3,3,2,1,96,96,0,3072
unsw_zero,point,512,xvd_b1_unsw_zero_point_512,8020,0.853671875,0.8713904201931948,0.9846875,0.27734375,4,4,3,1,128,128,0,4096
unsw_zero,point,512,xvd_b1_unsw_zero_point_512,8021,0.85296875,0.8712355605185542,0.9846875,0.27875,5,5,3,2,160,160,0,5120
unsw_zero,point,512,xvd_b1_unsw_zero_point_512,8022,0.87203125,0.8855901083535994,0.98625,0.2421875,2,2,1,1,64,64,0,2048
unsw_zero,point,512,xvd_b1_unsw_zero_point_512,8023,0.8596875,0.8759356243486836,0.9846875,0.2653125,4,4,2,2,128,128,0,4096
unsw_zero,point,512,xvd_b1_unsw_zero_point_512,8024,0.869765625,0.8835949974412581,0.98296875,0.2434375,3,3,3,0,96,96,0,3072
unsw_zero,point,512,xvd_b1_unsw_zero_point_512,8025,0.85921875,0.8736459540561,0.96625,0.2478125,7,7,5,2,224,224,0,7168
unsw_zero,point,512,xvd_b1_unsw_zero_point_512,8026,0.84671875,0.8658589530044748,0.98328125,0.28984375,3,3,2,1,96,96,0,3072
unsw_zero,point,512,xvd_b1_unsw_zero_point_512,8027,0.878515625,0.8902306721853845,0.9803125,0.22328125,4,4,2,2,128,128,0,4096
unsw_zero,point,512,xvd_b1_unsw_zero_point_512,8028,0.876875,0.8892141232909853,0.9840625,0.2303125,5,5,4,1,160,160,0,5120
unsw_zero,point,512,xvd_b1_unsw_zero_point_512,8029,0.84984375,0.8679674525761637,0.98234375,0.28265625,4,4,4,0,128,128,0,4096
unsw_zero,point,512,xvd_b1_unsw_zero_point_512,8030,0.874375,0.8869779930021086,0.9815625,0.2328125,3,3,3,0,96,96,0,3072
unsw_zero,strict,512,xvd_b1_unsw_zero_strict_512,8001,0.843671875,0.8645962369373384,0.99140625,0.3040625,4,4,2,2,128,128,0,4096
unsw_zero,strict,512,xvd_b1_unsw_zero_strict_512,8002,0.874375,0.8871754303004314,0.98390625,0.23515625,3,3,0,3,96,96,0,3072
unsw_zero,strict,512,xvd_b1_unsw_zero_strict_512,8003,0.8778125,0.8889872799928633,0.9746875,0.2190625,4,4,2,2,128,128,0,4096
unsw_zero,strict,512,xvd_b1_unsw_zero_strict_512,8004,0.883125,0.8941640651394684,0.98359375,0.21734375,3,3,1,2,96,96,0,3072
unsw_zero,strict,512,xvd_b1_unsw_zero_strict_512,8005,0.871875,0.8856791837078053,0.9878125,0.2440625,2,2,1,1,64,64,0,2048
unsw_zero,strict,512,xvd_b1_unsw_zero_strict_512,8006,0.89234375,0.8999155869909299,0.96515625,0.18046875,2,2,0,2,64,64,0,2048
unsw_zero,strict,512,xvd_b1_unsw_zero_strict_512,8007,0.885390625,0.8951974003615633,0.97515625,0.204375,4,4,0,4,128,128,0,4096
unsw_zero,strict,512,xvd_b1_unsw_zero_strict_512,8008,0.877734375,0.8891964524927713,0.97625,0.22078125,4,4,1,3,128,128,0,4096
unsw_zero,strict,512,xvd_b1_unsw_zero_strict_512,8009,0.865,0.8803043281588531,0.98796875,0.25796875,4,4,1,3,128,128,0,4096
unsw_zero,strict,512,xvd_b1_unsw_zero_strict_512,8010,0.8734375,0.8866507391732825,0.98484375,0.23796875,2,2,0,2,64,64,0,2048
unsw_zero,strict,512,xvd_b1_unsw_zero_strict_512,8011,0.874296875,0.8869862583972625,0.9828125,0.23421875,2,2,1,1,64,64,0,2048
unsw_zero,strict,512,xvd_b1_unsw_zero_strict_512,8012,0.8696875,0.8828265834247204,0.971875,0.2325,4,4,1,3,128,128,0,4096
unsw_zero,strict,512,xvd_b1_unsw_zero_strict_512,8013,0.86625,0.8804600652644655,0.97875,0.24625,1,1,1,0,32,32,0,1024
unsw_zero,strict,512,xvd_b1_unsw_zero_strict_512,8014,0.87,0.8844270702848174,0.98890625,0.24890625,4,4,2,2,128,128,0,4096
unsw_zero,strict,512,xvd_b1_unsw_zero_strict_512,8015,0.880234375,0.8915255804358118,0.98015625,0.2196875,2,2,0,2,64,64,0,2048
unsw_zero,strict,512,xvd_b1_unsw_zero_strict_512,8016,0.88890625,0.8988866943933753,0.9828125,0.205,4,4,0,4,128,128,0,4096
unsw_zero,strict,512,xvd_b1_unsw_zero_strict_512,8017,0.8725,0.8863064508814898,0.988125,0.243125,5,5,1,4,160,160,0,5120
unsw_zero,strict,512,xvd_b1_unsw_zero_strict_512,8018,0.875546875,0.8878352969745019,0.98078125,0.2296875,4,4,1,3,128,128,0,4096
unsw_zero,strict,512,xvd_b1_unsw_zero_strict_512,8019,0.875234375,0.8878927848230339,0.985,0.23453125,3,3,0,3,96,96,0,3072
unsw_zero,strict,512,xvd_b1_unsw_zero_strict_512,8020,0.87484375,0.8871204383697763,0.97890625,0.22921875,4,4,1,3,128,128,0,4096
unsw_zero,strict,512,xvd_b1_unsw_zero_strict_512,8021,0.877734375,0.8895281076399538,0.98046875,0.225,5,5,0,5,160,160,0,5120
unsw_zero,strict,512,xvd_b1_unsw_zero_strict_512,8022,0.88046875,0.8920573709752065,0.98359375,0.22265625,2,2,0,2,64,64,0,2048
unsw_zero,strict,512,xvd_b1_unsw_zero_strict_512,8023,0.880703125,0.8914228856157049,0.975,0.21359375,4,4,0,4,128,128,0,4096
unsw_zero,strict,512,xvd_b1_unsw_zero_strict_512,8024,0.8775,0.8880435830038842,0.96703125,0.21203125,3,3,1,2,96,96,0,3072
unsw_zero,strict,512,xvd_b1_unsw_zero_strict_512,8025,0.864921875,0.8777873318687831,0.964375,0.23453125,7,7,2,5,224,224,0,7168
unsw_zero,strict,512,xvd_b1_unsw_zero_strict_512,8026,0.84671875,0.8658589530044748,0.98328125,0.28984375,3,3,2,1,96,96,0,3072
unsw_zero,strict,512,xvd_b1_unsw_zero_strict_512,8027,0.881640625,0.8924975998437195,0.97828125,0.215,4,4,0,4,128,128,0,4096
unsw_zero,strict,512,xvd_b1_unsw_zero_strict_512,8028,0.887421875,0.8967429203821647,0.97359375,0.19875,5,5,0,5,160,160,0,5120
unsw_zero,strict,512,xvd_b1_unsw_zero_strict_512,8029,0.8696875,0.8844904715679424,0.99140625,0.25203125,4,4,0,4,128,128,0,4096
unsw_zero,strict,512,xvd_b1_unsw_zero_strict_512,8030,0.8728125,0.8863146986479231,0.9875,0.241875,3,3,1,2,96,96,0,3072
unsw_zero,atc,512,xvd_b1_unsw_zero_atc_512,8001,0.870390625,0.8840403956798881,0.9840625,0.24328125,4,4,2,2,0,0,0,4096
unsw_zero,atc,512,xvd_b1_unsw_zero_atc_512,8002,0.869296875,0.8839548132565596,0.9915625,0.25296875,3,3,1,2,0,0,0,3072
unsw_zero,atc,512,xvd_b1_unsw_zero_atc_512,8003,0.879453125,0.8897416354197395,0.96921875,0.2103125,4,4,3,1,0,0,0,4096
unsw_zero,atc,512,xvd_b1_unsw_zero_atc_512,8004,0.883125,0.8941640651394684,0.98359375,0.21734375,3,3,1,2,0,0,0,3072
unsw_zero,atc,512,xvd_b1_unsw_zero_atc_512,8005,0.871875,0.8856791837078053,0.9878125,0.2440625,2,2,1,1,0,0,0,2048
unsw_zero,atc,512,xvd_b1_unsw_zero_atc_512,8006,0.89234375,0.8999155869909299,0.96515625,0.18046875,2,2,0,2,0,0,0,2048
unsw_zero,atc,512,xvd_b1_unsw_zero_atc_512,8007,0.887890625,0.8964208092938416,0.9675,0.19171875,4,4,1,3,0,0,0,4096
unsw_zero,atc,512,xvd_b1_unsw_zero_atc_512,8008,0.8771875,0.8892815522329574,0.9815625,0.2271875,4,4,0,4,0,0,0,4096
unsw_zero,atc,512,xvd_b1_unsw_zero_atc_512,8009,0.860390625,0.8768456762010132,0.98953125,0.26875,4,4,2,2,0,0,0,4096
unsw_zero,atc,512,xvd_b1_unsw_zero_atc_512,8010,0.8734375,0.8866507391732825,0.98484375,0.23796875,2,2,0,2,0,0,0,2048
unsw_zero,atc,512,xvd_b1_unsw_zero_atc_512,8011,0.870234375,0.8838227481578841,0.9834375,0.24296875,2,2,1,1,0,0,0,2048
unsw_zero,atc,512,xvd_b1_unsw_zero_atc_512,8012,0.8796875,0.8899976794390964,0.96953125,0.21015625,4,4,2,2,0,0,0,4096
unsw_zero,atc,512,xvd_b1_unsw_zero_atc_512,8013,0.879921875,0.8910425252640362,0.97859375,0.21875,1,1,0,1,0,0,0,1024
unsw_zero,atc,512,xvd_b1_unsw_zero_atc_512,8014,0.87,0.8843490396472687,0.98796875,0.24796875,4,4,1,3,0,0,0,4096
unsw_zero,atc,512,xvd_b1_unsw_zero_atc_512,8015,0.87921875,0.8909132525457955,0.9821875,0.22375,2,2,1,1,0,0,0,2048
unsw_zero,atc,512,xvd_b1_unsw_zero_atc_512,8016,0.872109375,0.8859535958282787,0.98375,0.23953125,4,4,2,2,0,0,0,4096
unsw_zero,atc,512,xvd_b1_unsw_zero_atc_512,8017,0.879921875,0.8909134775460419,0.9753125,0.21546875,5,5,2,3,0,0,0,5120
unsw_zero,atc,512,xvd_b1_unsw_zero_atc_512,8018,0.87328125,0.8860446896598022,0.98078125,0.23421875,4,4,2,2,0,0,0,4096
unsw_zero,atc,512,xvd_b1_unsw_zero_atc_512,8019,0.873515625,0.8866089480721427,0.98578125,0.23875,3,3,1,2,0,0,0,3072
unsw_zero,atc,512,xvd_b1_unsw_zero_atc_512,8020,0.874921875,0.8871676565447264,0.97875,0.22890625,4,4,0,4,0,0,0,4096
unsw_zero,atc,512,xvd_b1_unsw_zero_atc_512,8021,0.872578125,0.8857606183378138,0.9840625,0.23890625,5,5,2,3,0,0,0,5120
unsw_zero,atc,512,xvd_b1_unsw_zero_atc_512,8022,0.8725,0.8856899648772278,0.98359375,0.23859375,2,2,2,0,0,0,0,2048
unsw_zero,atc,512,xvd_b1_unsw_zero_atc_512,8023,0.8684375,0.8827898127810441,0.98625,0.249375,4,4,3,1,0,0,0,4096
unsw_zero,atc,512,xvd_b1_unsw_zero_atc_512,8024,0.86828125,0.8829824652373436,0.98859375,0.25203125,3,3,1,2,0,0,0,3072
unsw_zero,atc,512,xvd_b1_unsw_zero_atc_512,8025,0.86765625,0.881999108341958,0.98453125,0.24921875,7,7,1,6,0,0,0,7168
unsw_zero,atc,512,xvd_b1_unsw_zero_atc_512,8026,0.879609375,0.8910711929653052,0.98,0.22078125,3,3,0,3,0,0,0,3072
unsw_zero,atc,512,xvd_b1_unsw_zero_atc_512,8027,0.876328125,0.8884028468203734,0.979375,0.22671875,4,4,4,0,0,0,0,4096
unsw_zero,atc,512,xvd_b1_unsw_zero_atc_512,8028,0.88296875,0.8936425564064321,0.9778125,0.211875,5,5,1,4,0,0,0,5120
unsw_zero,atc,512,xvd_b1_unsw_zero_atc_512,8029,0.8490625,0.867198327528646,0.98078125,0.28265625,4,4,1,3,0,0,0,4096
unsw_zero,atc,512,xvd_b1_unsw_zero_atc_512,8030,0.87921875,0.8897865909078171,0.9715625,0.213125,3,3,2,1,0,0,0,3072
unsw_zero,doc,512,xvd_b1_unsw_zero_doc_512,8001,0.87578125,0.8889238498394532,0.98953125,0.23796875,4,4,0,4,0,0,0,4096
unsw_zero,doc,512,xvd_b1_unsw_zero_doc_512,8002,0.874140625,0.8871765027246558,0.98546875,0.2371875,3,3,1,2,0,0,0,3072
unsw_zero,doc,512,xvd_b1_unsw_zero_doc_512,8003,0.88578125,0.8937541711436405,0.9584375,0.186875,4,4,1,3,0,0,0,4096
unsw_zero,doc,512,xvd_b1_unsw_zero_doc_512,8004,0.878359375,0.8907469818263448,0.98703125,0.2303125,3,3,2,1,0,0,0,3072
unsw_zero,doc,512,xvd_b1_unsw_zero_doc_512,8005,0.871875,0.8856791837078053,0.9878125,0.2440625,2,2,1,1,0,0,0,2048
unsw_zero,doc,512,xvd_b1_unsw_zero_doc_512,8006,0.89234375,0.8999155869909299,0.96515625,0.18046875,2,2,0,2,0,0,0,2048
unsw_zero,doc,512,xvd_b1_unsw_zero_doc_512,8007,0.885390625,0.8951974003615633,0.97515625,0.204375,4,4,0,4,0,0,0,4096
unsw_zero,doc,512,xvd_b1_unsw_zero_doc_512,8008,0.8771875,0.8892815522329574,0.9815625,0.2271875,4,4,0,4,0,0,0,4096
unsw_zero,doc,512,xvd_b1_unsw_zero_doc_512,8009,0.860390625,0.8768456762010132,0.98953125,0.26875,4,4,2,2,0,0,0,4096
unsw_zero,doc,512,xvd_b1_unsw_zero_doc_512,8010,0.8734375,0.8866507391732825,0.98484375,0.23796875,2,2,0,2,0,0,0,2048
unsw_zero,doc,512,xvd_b1_unsw_zero_doc_512,8011,0.870234375,0.8838227481578841,0.9834375,0.24296875,2,2,1,1,0,0,0,2048
unsw_zero,doc,512,xvd_b1_unsw_zero_doc_512,8012,0.8853125,0.8942817583524678,0.966875,0.19625,4,4,0,4,0,0,0,4096
unsw_zero,doc,512,xvd_b1_unsw_zero_doc_512,8013,0.879921875,0.8910425252640362,0.97859375,0.21875,1,1,0,1,0,0,0,1024
unsw_zero,doc,512,xvd_b1_unsw_zero_doc_512,8014,0.86953125,0.8839606806352853,0.9878125,0.24875,4,4,2,2,0,0,0,4096
unsw_zero,doc,512,xvd_b1_unsw_zero_doc_512,8015,0.880234375,0.8915255804358118,0.98015625,0.2196875,2,2,0,2,0,0,0,2048
unsw_zero,doc,512,xvd_b1_unsw_zero_doc_512,8016,0.872109375,0.8859535958282787,0.98375,0.23953125,4,4,2,2,0,0,0,4096
unsw_zero,doc,512,xvd_b1_unsw_zero_doc_512,8017,0.882890625,0.8934457365435408,0.97703125,0.21125,5,5,1,4,0,0,0,5120
unsw_zero,doc,512,xvd_b1_unsw_zero_doc_512,8018,0.875546875,0.8878352969745019,0.98078125,0.2296875,4,4,1,3,0,0,0,4096
unsw_zero,doc,512,xvd_b1_unsw_zero_doc_512,8019,0.875234375,0.8878927848230339,0.985,0.23453125,3,3,0,3,0,0,0,3072
unsw_zero,doc,512,xvd_b1_unsw_zero_doc_512,8020,0.874921875,0.8871676565447264,0.97875,0.22890625,4,4,0,4,0,0,0,4096
unsw_zero,doc,512,xvd_b1_unsw_zero_doc_512,8021,0.877734375,0.8895281076399538,0.98046875,0.225,5,5,0,5,0,0,0,5120
unsw_zero,doc,512,xvd_b1_unsw_zero_doc_512,8022,0.88046875,0.8920573709752065,0.98359375,0.22265625,2,2,0,2,0,0,0,2048
unsw_zero,doc,512,xvd_b1_unsw_zero_doc_512,8023,0.87265625,0.8858273064609119,0.9828125,0.2375,4,4,1,3,0,0,0,4096
unsw_zero,doc,512,xvd_b1_unsw_zero_doc_512,8024,0.86828125,0.8829824652373436,0.98859375,0.25203125,3,3,1,2,0,0,0,3072
unsw_zero,doc,512,xvd_b1_unsw_zero_doc_512,8025,0.86765625,0.881999108341958,0.98453125,0.24921875,7,7,1,6,0,0,0,7168
unsw_zero,doc,512,xvd_b1_unsw_zero_doc_512,8026,0.87390625,0.8868428435351206,0.98234375,0.23453125,3,3,1,2,0,0,0,3072
unsw_zero,doc,512,xvd_b1_unsw_zero_doc_512,8027,0.881640625,0.8924975998437195,0.97828125,0.215,4,4,0,4,0,0,0,4096
unsw_zero,doc,512,xvd_b1_unsw_zero_doc_512,8028,0.887421875,0.8967429203821647,0.97359375,0.19875,5,5,0,5,0,0,0,5120
unsw_zero,doc,512,xvd_b1_unsw_zero_doc_512,8029,0.8696875,0.8844904715679424,0.99140625,0.25203125,4,4,0,4,0,0,0,4096
unsw_zero,doc,512,xvd_b1_unsw_zero_doc_512,8030,0.87921875,0.8897865909078171,0.9715625,0.213125,3,3,2,1,0,0,0,3072
unsw_zero,enscal,512,xvd_b1_unsw_zero_enscal_512,8001,0.875390625,0.8868938352673769,0.9734375,0.22265625,4,4,4,0,0,0,0,4096
unsw_zero,enscal,512,xvd_b1_unsw_zero_enscal_512,8002,0.880546875,0.891227418739321,0.97484375,0.21375,3,3,3,0,0,0,0,3072
unsw_zero,enscal,512,xvd_b1_unsw_zero_enscal_512,8003,0.8796875,0.8895328681233164,0.96625,0.206875,4,4,4,0,0,0,0,4096
unsw_zero,enscal,512,xvd_b1_unsw_zero_enscal_512,8004,0.884609375,0.8945675032505664,0.97578125,0.2065625,3,3,3,0,0,0,0,3072
unsw_zero,enscal,512,xvd_b1_unsw_zero_enscal_512,8005,0.880625,0.8912299387187064,0.9740625,0.2128125,2,2,2,0,0,0,0,2048
unsw_zero,enscal,512,xvd_b1_unsw_zero_enscal_512,8006,0.891328125,0.8988865468366518,0.96328125,0.180625,2,2,2,0,0,0,0,2048
unsw_zero,enscal,512,xvd_b1_unsw_zero_enscal_512,8007,0.88296875,0.8923855982905831,0.966875,0.2009375,4,4,4,0,0,0,0,4096
unsw_zero,enscal,512,xvd_b1_unsw_zero_enscal_512,8008,0.876875,0.8880663601202233,0.9725,0.21875,4,4,4,0,0,0,0,4096
unsw_zero,enscal,512,xvd_b1_unsw_zero_enscal_512,8009,0.868828125,0.8822095502625555,0.978125,0.24046875,4,4,4,0,0,0,0,4096
unsw_zero,enscal,512,xvd_b1_unsw_zero_enscal_512,8010,0.873671875,0.8856703956499505,0.97421875,0.226875,2,2,2,0,0,0,0,2048
unsw_zero,enscal,512,xvd_b1_unsw_zero_enscal_512,8011,0.875625,0.8870793561031687,0.97359375,0.22234375,2,2,2,0,0,0,0,2048
unsw_zero,enscal,512,xvd_b1_unsw_zero_enscal_512,8012,0.879296875,0.8888327479410169,0.96203125,0.2034375,4,4,4,0,0,0,0,4096
unsw_zero,enscal,512,xvd_b1_unsw_zero_enscal_512,8013,0.879921875,0.8906914430901548,0.9753125,0.21546875,1,1,1,0,0,0,0,1024
unsw_zero,enscal,512,xvd_b1_unsw_zero_enscal_512,8014,0.8759375,0.88811971282784,0.9796875,0.2278125,4,4,4,0,0,0,0,4096
unsw_zero,enscal,512,xvd_b1_unsw_zero_enscal_512,8015,0.88515625,0.893350346932741,0.95875,0.1884375,2,2,2,0,0,0,0,2048
unsw_zero,enscal,512,xvd_b1_unsw_zero_enscal_512,8016,0.88078125,0.8920668239087182,0.97890625,0.21734375,4,4,4,0,0,0,0,4096
unsw_zero,enscal,512,xvd_b1_unsw_zero_enscal_512,8017,0.8825,0.8921734989621035,0.96875,0.20375,5,5,5,0,0,0,0,5120
unsw_zero,enscal,512,xvd_b1_unsw_zero_enscal_512,8018,0.877421875,0.8880607421838234,0.96890625,0.2140625,4,4,4,0,0,0,0,4096
unsw_zero,enscal,512,xvd_b1_unsw_zero_enscal_512,8019,0.88046875,0.8903747794451554,0.968125,0.2071875,3,3,3,0,0,0,0,3072
unsw_zero,enscal,512,xvd_b1_unsw_zero_enscal_512,8020,0.87671875,0.8878136030931743,0.9715625,0.218125,4,4,4,0,0,0,0,4096
unsw_zero,enscal,512,xvd_b1_unsw_zero_enscal_512,8021,0.87671875,0.8878019066849073,0.971875,0.2184375,5,5,5,0,0,0,0,5120
unsw_zero,enscal,512,xvd_b1_unsw_zero_enscal_512,8022,0.8778125,0.8889977651459426,0.97484375,0.21921875,2,2,2,0,0,0,0,2048
unsw_zero,enscal,512,xvd_b1_unsw_zero_enscal_512,8023,0.87546875,0.8868955507205145,0.97203125,0.22109375,4,4,4,0,0,0,0,4096
unsw_zero,enscal,512,xvd_b1_unsw_zero_enscal_512,8024,0.8803125,0.8897787535337077,0.9625,0.201875,3,3,3,0,0,0,0,3072
unsw_zero,enscal,512,xvd_b1_unsw_zero_enscal_512,8025,0.87765625,0.8868199431533409,0.95609375,0.20078125,7,7,7,0,0,0,0,7168
unsw_zero,enscal,512,xvd_b1_unsw_zero_enscal_512,8026,0.876640625,0.8878675900953432,0.97234375,0.2190625,3,3,3,0,0,0,0,3072
unsw_zero,enscal,512,xvd_b1_unsw_zero_enscal_512,8027,0.8828125,0.8925511114329379,0.96921875,0.20359375,4,4,4,0,0,0,0,4096
unsw_zero,enscal,512,xvd_b1_unsw_zero_enscal_512,8028,0.883359375,0.8932889666927873,0.97234375,0.205625,5,5,5,0,0,0,0,5120
unsw_zero,enscal,512,xvd_b1_unsw_zero_enscal_512,8029,0.879453125,0.8904326010791503,0.9740625,0.21515625,4,4,4,0,0,0,0,4096
unsw_zero,enscal,512,xvd_b1_unsw_zero_enscal_512,8030,0.878359375,0.8895055724645522,0.9753125,0.21859375,3,3,3,0,0,0,0,3072
ton_zero,never,n/a,xvd_b1_ton_zero_never,8001,0.83734375,0.8558884898066182,,,0,0,0,0,0,0,0,0
ton_zero,never,n/a,xvd_b1_ton_zero_never,8002,0.837578125,0.8557364947771451,,,0,0,0,0,0,0,0,0
ton_zero,never,n/a,xvd_b1_ton_zero_never,8003,0.838359375,0.8572008224055494,,,0,0,0,0,0,0,0,0
ton_zero,never,n/a,xvd_b1_ton_zero_never,8004,0.836015625,0.8546931443203952,,,0,0,0,0,0,0,0,0
ton_zero,never,n/a,xvd_b1_ton_zero_never,8005,0.8365625,0.8553557252944494,,,0,0,0,0,0,0,0,0
ton_zero,never,n/a,xvd_b1_ton_zero_never,8006,0.840859375,0.8582858212763392,,,0,0,0,0,0,0,0,0
ton_zero,never,n/a,xvd_b1_ton_zero_never,8007,0.836796875,0.8561389934355687,,,0,0,0,0,0,0,0,0
ton_zero,never,n/a,xvd_b1_ton_zero_never,8008,0.831796875,0.8481592920835886,,,0,0,0,0,0,0,0,0
ton_zero,never,n/a,xvd_b1_ton_zero_never,8009,0.83984375,0.8581469171075464,,,0,0,0,0,0,0,0,0
ton_zero,never,n/a,xvd_b1_ton_zero_never,8010,0.827109375,0.8443514231188022,,,0,0,0,0,0,0,0,0
ton_zero,never,n/a,xvd_b1_ton_zero_never,8011,0.825234375,0.8427495043731098,,,0,0,0,0,0,0,0,0
ton_zero,never,n/a,xvd_b1_ton_zero_never,8012,0.842109375,0.8595274391446474,,,0,0,0,0,0,0,0,0
ton_zero,never,n/a,xvd_b1_ton_zero_never,8013,0.838203125,0.8565151095551061,,,0,0,0,0,0,0,0,0
ton_zero,never,n/a,xvd_b1_ton_zero_never,8014,0.826484375,0.84406714243658,,,0,0,0,0,0,0,0,0
ton_zero,never,n/a,xvd_b1_ton_zero_never,8015,0.83453125,0.8537202491796806,,,0,0,0,0,0,0,0,0
ton_zero,never,n/a,xvd_b1_ton_zero_never,8016,0.835234375,0.852715542301717,,,0,0,0,0,0,0,0,0
ton_zero,never,n/a,xvd_b1_ton_zero_never,8017,0.839140625,0.8578003809822212,,,0,0,0,0,0,0,0,0
ton_zero,never,n/a,xvd_b1_ton_zero_never,8018,0.8390625,0.8571883526114482,,,0,0,0,0,0,0,0,0
ton_zero,never,n/a,xvd_b1_ton_zero_never,8019,0.833671875,0.8529281291850711,,,0,0,0,0,0,0,0,0
ton_zero,never,n/a,xvd_b1_ton_zero_never,8020,0.8790625,0.882122828144906,,,0,0,0,0,0,0,0,0
ton_zero,never,n/a,xvd_b1_ton_zero_never,8021,0.83796875,0.856193450223914,,,0,0,0,0,0,0,0,0
ton_zero,never,n/a,xvd_b1_ton_zero_never,8022,0.843984375,0.8613903215693045,,,0,0,0,0,0,0,0,0
ton_zero,never,n/a,xvd_b1_ton_zero_never,8023,0.837421875,0.8560891426337272,,,0,0,0,0,0,0,0,0
ton_zero,never,n/a,xvd_b1_ton_zero_never,8024,0.83390625,0.8530930244146954,,,0,0,0,0,0,0,0,0
ton_zero,never,n/a,xvd_b1_ton_zero_never,8025,0.842265625,0.8598374298731634,,,0,0,0,0,0,0,0,0
ton_zero,never,n/a,xvd_b1_ton_zero_never,8026,0.83796875,0.8558196957921854,,,0,0,0,0,0,0,0,0
ton_zero,never,n/a,xvd_b1_ton_zero_never,8027,0.838046875,0.8565803062111798,,,0,0,0,0,0,0,0,0
ton_zero,never,n/a,xvd_b1_ton_zero_never,8028,0.844140625,0.861203863516186,,,0,0,0,0,0,0,0,0
ton_zero,never,n/a,xvd_b1_ton_zero_never,8029,0.842578125,0.8611149074379227,,,0,0,0,0,0,0,0,0
ton_zero,never,n/a,xvd_b1_ton_zero_never,8030,0.84390625,0.8608673348241739,,,0,0,0,0,0,0,0,0
ton_zero,naive,2000,xvd_b1_ton_zero_naive_2000,8001,0.8290625,0.8472388906597645,0.94546875,0.28734375,4,4,4,0,0,0,0,16000
ton_zero,naive,2000,xvd_b1_ton_zero_naive_2000,8002,0.838046875,0.855901556408978,0.9584375,0.28234375,3,3,3,0,0,0,0,12000
ton_zero,naive,2000,xvd_b1_ton_zero_naive_2000,8003,0.838203125,0.8569716624272284,0.965625,0.28921875,4,4,4,0,0,0,0,16000
ton_zero,naive,2000,xvd_b1_ton_zero_naive_2000,8004,0.85203125,0.865028217118385,0.94171875,0.23765625,3,3,3,0,0,0,0,12000
ton_zero,naive,2000,xvd_b1_ton_zero_naive_2000,8005,0.83296875,0.8514454797728349,0.95375,0.2878125,2,2,2,0,0,0,0,8000
ton_zero,naive,2000,xvd_b1_ton_zero_naive_2000,8006,0.84015625,0.8577533682788406,0.96078125,0.28046875,2,2,2,0,0,0,0,8000
ton_zero,naive,2000,xvd_b1_ton_zero_naive_2000,8007,0.837421875,0.856291660173899,0.96640625,0.2915625,4,4,4,0,0,0,0,16000
ton_zero,naive,2000,xvd_b1_ton_zero_naive_2000,8008,0.840078125,0.8572326723236313,0.95765625,0.2775,4,4,4,0,0,0,0,16000
ton_zero,naive,2000,xvd_b1_ton_zero_naive_2000,8009,0.829375,0.8470949357386999,0.943125,0.284375,4,4,4,0,0,0,0,16000
ton_zero,naive,2000,xvd_b1_ton_zero_naive_2000,8010,0.835625,0.8535790784069082,0.9546875,0.2834375,2,2,2,0,0,0,0,8000
ton_zero,naive,2000,xvd_b1_ton_zero_naive_2000,8011,0.84734375,0.8588145848107809,0.92359375,0.22890625,2,2,2,0,0,0,0,8000
ton_zero,naive,2000,xvd_b1_ton_zero_naive_2000,8012,0.83328125,0.8505675186271016,0.94703125,0.28046875,4,4,4,0,0,0,0,16000
ton_zero,naive,2000,xvd_b1_ton_zero_naive_2000,8013,0.83625,0.8544504745893969,0.95859375,0.28609375,1,1,1,0,0,0,0,4000
ton_zero,naive,2000,xvd_b1_ton_zero_naive_2000,8014,0.835859375,0.8545849666496604,0.96109375,0.289375,4,4,4,0,0,0,0,16000
ton_zero,naive,2000,xvd_b1_ton_zero_naive_2000,8015,0.83765625,0.8560517512457464,0.9625,0.2871875,2,2,2,0,0,0,0,8000
ton_zero,naive,2000,xvd_b1_ton_zero_naive_2000,8016,0.83796875,0.8555945532225816,0.95671875,0.28078125,4,4,4,0,0,0,0,16000
ton_zero,naive,2000,xvd_b1_ton_zero_naive_2000,8017,0.836484375,0.8555314921392484,0.96515625,0.2921875,5,5,5,0,0,0,0,20000
ton_zero,naive,2000,xvd_b1_ton_zero_naive_2000,8018,0.852421875,0.8666304184952857,0.9525,0.24765625,4,4,4,0,0,0,0,16000
ton_zero,naive,2000,xvd_b1_ton_zero_naive_2000,8019,0.824765625,0.8437787415960537,0.9453125,0.29578125,3,3,3,0,0,0,0,12000
ton_zero,naive,2000,xvd_b1_ton_zero_naive_2000,8020,0.847890625,0.8627383077290858,0.9509375,0.25515625,4,4,4,0,0,0,0,16000
ton_zero,naive,2000,xvd_b1_ton_zero_naive_2000,8021,0.83734375,0.8556366423223999,0.96140625,0.28671875,5,5,5,0,0,0,0,20000
ton_zero,naive,2000,xvd_b1_ton_zero_naive_2000,8022,0.8315625,0.848481461341906,0.9409375,0.2778125,2,2,2,0,0,0,0,8000
ton_zero,naive,2000,xvd_b1_ton_zero_naive_2000,8023,0.841796875,0.8589342284311775,0.9578125,0.27421875,4,4,4,0,0,0,0,16000
ton_zero,naive,2000,xvd_b1_ton_zero_naive_2000,8024,0.834296875,0.8535090709847698,0.9625,0.29390625,3,3,3,0,0,0,0,12000
ton_zero,naive,2000,xvd_b1_ton_zero_naive_2000,8025,0.840546875,0.858063525398023,0.96125,0.28015625,7,7,7,0,0,0,0,28000
ton_zero,naive,2000,xvd_b1_ton_zero_naive_2000,8026,0.83421875,0.851926910509945,0.95171875,0.28328125,3,3,3,0,0,0,0,12000
ton_zero,naive,2000,xvd_b1_ton_zero_naive_2000,8027,0.8346875,0.8532659368739931,0.958125,0.28875,4,4,4,0,0,0,0,16000
ton_zero,naive,2000,xvd_b1_ton_zero_naive_2000,8028,0.856328125,0.8697152945026096,0.95265625,0.24,5,5,5,0,0,0,0,20000
ton_zero,naive,2000,xvd_b1_ton_zero_naive_2000,8029,0.8403125,0.8588515555123104,0.9665625,0.2859375,4,4,4,0,0,0,0,16000
ton_zero,naive,2000,xvd_b1_ton_zero_naive_2000,8030,0.84390625,0.8609030557838083,0.96265625,0.27484375,3,3,3,0,0,0,0,12000
ton_zero,point,2000,xvd_b1_ton_zero_point_2000,8001,0.831796875,0.8501723195045169,0.9515625,0.28796875,4,4,3,1,128,128,0,16000
ton_zero,point,2000,xvd_b1_ton_zero_point_2000,8002,0.838046875,0.855901556408978,0.9584375,0.28234375,3,3,3,0,96,96,0,12000
ton_zero,point,2000,xvd_b1_ton_zero_point_2000,8003,0.838203125,0.8569716624272284,0.965625,0.28921875,4,4,4,0,128,128,0,16000
ton_zero,point,2000,xvd_b1_ton_zero_point_2000,8004,0.85203125,0.865028217118385,0.94171875,0.23765625,3,3,3,0,96,96,0,12000
ton_zero,point,2000,xvd_b1_ton_zero_point_2000,8005,0.83296875,0.8514454797728349,0.95375,0.2878125,2,2,2,0,64,64,0,8000
ton_zero,point,2000,xvd_b1_ton_zero_point_2000,8006,0.84015625,0.8577533682788406,0.96078125,0.28046875,2,2,2,0,64,64,0,8000
ton_zero,point,2000,xvd_b1_ton_zero_point_2000,8007,0.837421875,0.856291660173899,0.96640625,0.2915625,4,4,4,0,128,128,0,16000
ton_zero,point,2000,xvd_b1_ton_zero_point_2000,8008,0.840078125,0.8572326723236313,0.95765625,0.2775,4,4,4,0,128,128,0,16000
ton_zero,point,2000,xvd_b1_ton_zero_point_2000,8009,0.8396875,0.8579739866354568,0.9653125,0.2859375,4,4,2,2,128,128,0,16000
ton_zero,point,2000,xvd_b1_ton_zero_point_2000,8010,0.835625,0.8535790784069082,0.9546875,0.2834375,2,2,2,0,64,64,0,8000
ton_zero,point,2000,xvd_b1_ton_zero_point_2000,8011,0.84734375,0.8588145848107809,0.92359375,0.22890625,2,2,2,0,64,64,0,8000
ton_zero,point,2000,xvd_b1_ton_zero_point_2000,8012,0.834609375,0.8518639442256685,0.9490625,0.27984375,4,4,2,2,128,128,0,16000
ton_zero,point,2000,xvd_b1_ton_zero_point_2000,8013,0.83625,0.8544504745893969,0.95859375,0.28609375,1,1,1,0,32,32,0,4000
ton_zero,point,2000,xvd_b1_ton_zero_point_2000,8014,0.835859375,0.8545849666496604,0.96109375,0.289375,4,4,4,0,128,128,0,16000
ton_zero,point,2000,xvd_b1_ton_zero_point_2000,8015,0.8346875,0.853843873073625,0.963125,0.29375,2,2,1,1,64,64,0,8000
ton_zero,point,2000,xvd_b1_ton_zero_point_2000,8016,0.83796875,0.8555945532225816,0.95671875,0.28078125,4,4,4,0,128,128,0,16000
ton_zero,point,2000,xvd_b1_ton_zero_point_2000,8017,0.836484375,0.8555314921392484,0.96515625,0.2921875,5,5,5,0,160,160,0,20000
ton_zero,point,2000,xvd_b1_ton_zero_point_2000,8018,0.852734375,0.8668323600981342,0.9521875,0.24671875,4,4,3,1,128,128,0,16000
ton_zero,point,2000,xvd_b1_ton_zero_point_2000,8019,0.82671875,0.8457906112349779,0.94921875,0.29578125,3,3,2,1,96,96,0,12000
ton_zero,point,2000,xvd_b1_ton_zero_point_2000,8020,0.847890625,0.8627383077290858,0.9509375,0.25515625,4,4,4,0,128,128,0,16000
ton_zero,point,2000,xvd_b1_ton_zero_point_2000,8021,0.83734375,0.8556366423223999,0.96140625,0.28671875,5,5,5,0,160,160,0,20000
ton_zero,point,2000,xvd_b1_ton_zero_point_2000,8022,0.8315625,0.848481461341906,0.9409375,0.2778125,2,2,2,0,64,64,0,8000
ton_zero,point,2000,xvd_b1_ton_zero_point_2000,8023,0.841796875,0.8589342284311775,0.9578125,0.27421875,4,4,4,0,128,128,0,16000
ton_zero,point,2000,xvd_b1_ton_zero_point_2000,8024,0.834296875,0.8535090709847698,0.9625,0.29390625,3,3,3,0,96,96,0,12000
ton_zero,point,2000,xvd_b1_ton_zero_point_2000,8025,0.840625,0.8581177695654771,0.96125,0.28,7,7,5,2,224,224,0,28000
ton_zero,point,2000,xvd_b1_ton_zero_point_2000,8026,0.83421875,0.851926910509945,0.95171875,0.28328125,3,3,3,0,96,96,0,12000
ton_zero,point,2000,xvd_b1_ton_zero_point_2000,8027,0.8346875,0.8532587600352598,0.958125,0.28875,4,4,3,1,128,128,0,16000
ton_zero,point,2000,xvd_b1_ton_zero_point_2000,8028,0.856328125,0.8697152945026096,0.95265625,0.24,5,5,5,0,160,160,0,20000
ton_zero,point,2000,xvd_b1_ton_zero_point_2000,8029,0.8403125,0.8588515555123104,0.9665625,0.2859375,4,4,4,0,128,128,0,16000
ton_zero,point,2000,xvd_b1_ton_zero_point_2000,8030,0.84390625,0.8609030557838083,0.96265625,0.27484375,3,3,3,0,96,96,0,12000
ton_zero,strict,2000,xvd_b1_ton_zero_strict_2000,8001,0.83734375,0.8558884898066182,0.96265625,0.28796875,4,4,0,4,128,128,0,16000
ton_zero,strict,2000,xvd_b1_ton_zero_strict_2000,8002,0.837578125,0.8557364947771451,0.95984375,0.2846875,3,3,0,3,96,96,0,12000
ton_zero,strict,2000,xvd_b1_ton_zero_strict_2000,8003,0.838359375,0.8572008224055494,0.96640625,0.2896875,4,4,0,4,128,128,0,16000
ton_zero,strict,2000,xvd_b1_ton_zero_strict_2000,8004,0.836015625,0.8546931443203952,0.96125,0.28921875,3,3,0,3,96,96,0,12000
ton_zero,strict,2000,xvd_b1_ton_zero_strict_2000,8005,0.8365625,0.8553557252944494,0.9625,0.289375,2,2,0,2,64,64,0,8000
ton_zero,strict,2000,xvd_b1_ton_zero_strict_2000,8006,0.840859375,0.8582858212763392,0.96078125,0.2790625,2,2,0,2,64,64,0,8000
ton_zero,strict,2000,xvd_b1_ton_zero_strict_2000,8007,0.836796875,0.8561389934355687,0.9684375,0.29484375,4,4,0,4,128,128,0,16000
ton_zero,strict,2000,xvd_b1_ton_zero_strict_2000,8008,0.831796875,0.8481592920835886,0.93765625,0.2740625,4,4,0,4,128,128,0,16000
ton_zero,strict,2000,xvd_b1_ton_zero_strict_2000,8009,0.83984375,0.8581469171075464,0.96578125,0.28609375,4,4,0,4,128,128,0,16000
ton_zero,strict,2000,xvd_b1_ton_zero_strict_2000,8010,0.8359375,0.8538416056102569,0.95484375,0.28296875,2,2,1,1,64,64,0,8000
ton_zero,strict,2000,xvd_b1_ton_zero_strict_2000,8011,0.825234375,0.8427495043731098,0.93421875,0.28375,2,2,0,2,64,64,0,8000
ton_zero,strict,2000,xvd_b1_ton_zero_strict_2000,8012,0.842109375,0.8595274391446474,0.96328125,0.2790625,4,4,0,4,128,128,0,16000
ton_zero,strict,2000,xvd_b1_ton_zero_strict_2000,8013,0.838203125,0.8565151095551061,0.9628125,0.28640625,1,1,0,1,32,32,0,4000
ton_zero,strict,2000,xvd_b1_ton_zero_strict_2000,8014,0.83734375,0.8557466467691104,0.96140625,0.28671875,4,4,1,3,128,128,0,16000
ton_zero,strict,2000,xvd_b1_ton_zero_strict_2000,8015,0.83453125,0.8537202491796806,0.963125,0.2940625,2,2,0,2,64,64,0,8000
ton_zero,strict,2000,xvd_b1_ton_zero_strict_2000,8016,0.835234375,0.852715542301717,0.95078125,0.2803125,4,4,0,4,128,128,0,16000
ton_zero,strict,2000,xvd_b1_ton_zero_strict_2000,8017,0.839140625,0.8578003809822212,0.966875,0.28859375,5,5,0,5,160,160,0,20000
ton_zero,strict,2000,xvd_b1_ton_zero_strict_2000,8018,0.8390625,0.8571883526114482,0.96234375,0.28421875,4,4,0,4,128,128,0,16000
ton_zero,strict,2000,xvd_b1_ton_zero_strict_2000,8019,0.833671875,0.8529281291850711,0.96234375,0.295,3,3,0,3,96,96,0,12000
ton_zero,strict,2000,xvd_b1_ton_zero_strict_2000,8020,0.878515625,0.8818252073248481,0.9053125,0.14828125,4,4,1,3,128,128,0,16000
ton_zero,strict,2000,xvd_b1_ton_zero_strict_2000,8021,0.83796875,0.856193450223914,0.96203125,0.28609375,5,5,0,5,160,160,0,20000
ton_zero,strict,2000,xvd_b1_ton_zero_strict_2000,8022,0.843984375,0.8613903215693045,0.96625,0.27828125,2,2,0,2,64,64,0,8000
ton_zero,strict,2000,xvd_b1_ton_zero_strict_2000,8023,0.837421875,0.8560891426337272,0.96328125,0.2884375,4,4,0,4,128,128,0,16000
ton_zero,strict,2000,xvd_b1_ton_zero_strict_2000,8024,0.83390625,0.8530930244146954,0.9615625,0.29375,3,3,0,3,96,96,0,12000
ton_zero,strict,2000,xvd_b1_ton_zero_strict_2000,8025,0.842265625,0.8598374298731634,0.9646875,0.28015625,7,7,0,7,224,224,0,28000
ton_zero,strict,2000,xvd_b1_ton_zero_strict_2000,8026,0.83796875,0.8558196957921854,0.95921875,0.28328125,3,3,0,3,96,96,0,12000
ton_zero,strict,2000,xvd_b1_ton_zero_strict_2000,8027,0.838046875,0.8565803062111798,0.96375,0.28765625,4,4,0,4,128,128,0,16000
ton_zero,strict,2000,xvd_b1_ton_zero_strict_2000,8028,0.844140625,0.861203863516186,0.96390625,0.275625,5,5,0,5,160,160,0,20000
ton_zero,strict,2000,xvd_b1_ton_zero_strict_2000,8029,0.842578125,0.8611149074379227,0.9709375,0.28578125,4,4,0,4,128,128,0,16000
ton_zero,strict,2000,xvd_b1_ton_zero_strict_2000,8030,0.84390625,0.8608673348241739,0.96234375,0.27453125,3,3,0,3,96,96,0,12000
ton_zero,atc,2000,xvd_b1_ton_zero_atc_2000,8001,0.83609375,0.8548668778218975,0.9621875,0.29,4,4,2,2,0,0,0,16000
ton_zero,atc,2000,xvd_b1_ton_zero_atc_2000,8002,0.8378125,0.8557442184501638,0.95859375,0.28296875,3,3,2,1,0,0,0,12000
ton_zero,atc,2000,xvd_b1_ton_zero_atc_2000,8003,0.83828125,0.8571192373239644,0.96625,0.2896875,4,4,1,3,0,0,0,16000
ton_zero,atc,2000,xvd_b1_ton_zero_atc_2000,8004,0.836171875,0.8547983818242366,0.96109375,0.28875,3,3,2,1,0,0,0,12000
ton_zero,atc,2000,xvd_b1_ton_zero_atc_2000,8005,0.832734375,0.8512774842863681,0.95375,0.28828125,2,2,1,1,0,0,0,8000
ton_zero,atc,2000,xvd_b1_ton_zero_atc_2000,8006,0.840859375,0.8582858212763392,0.96078125,0.2790625,2,2,0,2,0,0,0,8000
ton_zero,atc,2000,xvd_b1_ton_zero_atc_2000,8007,0.837421875,0.8564685283164226,0.9678125,0.29296875,4,4,2,2,0,0,0,16000
ton_zero,atc,2000,xvd_b1_ton_zero_atc_2000,8008,0.840546875,0.8579028396881373,0.95984375,0.27875,4,4,2,2,0,0,0,16000
ton_zero,atc,2000,xvd_b1_ton_zero_atc_2000,8009,0.839765625,0.8580522645219538,0.96546875,0.2859375,4,4,1,3,0,0,0,16000
ton_zero,atc,2000,xvd_b1_ton_zero_atc_2000,8010,0.8359375,0.8538416056102569,0.95484375,0.28296875,2,2,1,1,0,0,0,8000
ton_zero,atc,2000,xvd_b1_ton_zero_atc_2000,8011,0.82609375,0.8436696567720249,0.93625,0.2840625,2,2,1,1,0,0,0,8000
ton_zero,atc,2000,xvd_b1_ton_zero_atc_2000,8012,0.84171875,0.8592400041556442,0.9634375,0.28,4,4,1,3,0,0,0,16000
ton_zero,atc,2000,xvd_b1_ton_zero_atc_2000,8013,0.838203125,0.8565151095551061,0.9628125,0.28640625,1,1,0,1,0,0,0,4000
ton_zero,atc,2000,xvd_b1_ton_zero_atc_2000,8014,0.83734375,0.8557466467691104,0.96140625,0.28671875,4,4,2,2,0,0,0,16000
ton_zero,atc,2000,xvd_b1_ton_zero_atc_2000,8015,0.8378125,0.8561732560350269,0.9625,0.286875,2,2,1,1,0,0,0,8000
ton_zero,atc,2000,xvd_b1_ton_zero_atc_2000,8016,0.839140625,0.8568137487021716,0.95921875,0.2809375,4,4,1,3,0,0,0,16000
ton_zero,atc,2000,xvd_b1_ton_zero_atc_2000,8017,0.836484375,0.8555314921392484,0.96515625,0.2921875,5,5,5,0,0,0,0,20000
ton_zero,atc,2000,xvd_b1_ton_zero_atc_2000,8018,0.839453125,0.8574386270549208,0.96203125,0.283125,4,4,2,2,0,0,0,16000
ton_zero,atc,2000,xvd_b1_ton_zero_atc_2000,8019,0.83359375,0.8529282015586103,0.9628125,0.295625,3,3,1,2,0,0,0,12000
ton_zero,atc,2000,xvd_b1_ton_zero_atc_2000,8020,0.84796875,0.862589345389274,0.94921875,0.25328125,4,4,2,2,0,0,0,16000
ton_zero,atc,2000,xvd_b1_ton_zero_atc_2000,8021,0.83796875,0.8560214617456283,0.960625,0.2846875,5,5,3,2,0,0,0,20000
ton_zero,atc,2000,xvd_b1_ton_zero_atc_2000,8022,0.83203125,0.8490044748288217,0.9421875,0.278125,2,2,1,1,0,0,0,8000
ton_zero,atc,2000,xvd_b1_ton_zero_atc_2000,8023,0.836328125,0.855226142466514,0.963125,0.29046875,4,4,1,3,0,0,0,16000
ton_zero,atc,2000,xvd_b1_ton_zero_atc_2000,8024,0.834296875,0.8535090709847698,0.9625,0.29390625,3,3,2,1,0,0,0,12000
ton_zero,atc,2000,xvd_b1_ton_zero_atc_2000,8025,0.84140625,0.8588882063813614,0.9625,0.2796875,7,7,5,2,0,0,0,28000
ton_zero,atc,2000,xvd_b1_ton_zero_atc_2000,8026,0.83796875,0.8558196957921854,0.95921875,0.28328125,3,3,0,3,0,0,0,12000
ton_zero,atc,2000,xvd_b1_ton_zero_atc_2000,8027,0.837890625,0.8567084859547776,0.965625,0.28984375,4,4,2,2,0,0,0,16000
ton_zero,atc,2000,xvd_b1_ton_zero_atc_2000,8028,0.843125,0.860501280759046,0.96453125,0.27828125,5,5,2,3,0,0,0,20000
ton_zero,atc,2000,xvd_b1_ton_zero_atc_2000,8029,0.842578125,0.8611355909797331,0.97109375,0.2859375,4,4,1,3,0,0,0,16000
ton_zero,atc,2000,xvd_b1_ton_zero_atc_2000,8030,0.843828125,0.8608687756716601,0.9628125,0.27515625,3,3,2,1,0,0,0,12000
ton_zero,doc,2000,xvd_b1_ton_zero_doc_2000,8001,0.83609375,0.8548668778218975,0.9621875,0.29,4,4,2,2,0,0,0,16000
ton_zero,doc,2000,xvd_b1_ton_zero_doc_2000,8002,0.8378125,0.8557442184501638,0.95859375,0.28296875,3,3,2,1,0,0,0,12000
ton_zero,doc,2000,xvd_b1_ton_zero_doc_2000,8003,0.838359375,0.8572008224055494,0.96640625,0.2896875,4,4,0,4,0,0,0,16000
ton_zero,doc,2000,xvd_b1_ton_zero_doc_2000,8004,0.83609375,0.8547607534269851,0.96125,0.2890625,3,3,1,2,0,0,0,12000
ton_zero,doc,2000,xvd_b1_ton_zero_doc_2000,8005,0.832734375,0.8512774842863681,0.95375,0.28828125,2,2,1,1,0,0,0,8000
ton_zero,doc,2000,xvd_b1_ton_zero_doc_2000,8006,0.84015625,0.8577533682788406,0.96078125,0.28046875,2,2,2,0,0,0,0,8000
ton_zero,doc,2000,xvd_b1_ton_zero_doc_2000,8007,0.836796875,0.8561389934355687,0.9684375,0.29484375,4,4,0,4,0,0,0,16000
ton_zero,doc,2000,xvd_b1_ton_zero_doc_2000,8008,0.840546875,0.8579028396881373,0.95984375,0.27875,4,4,2,2,0,0,0,16000
ton_zero,doc,2000,xvd_b1_ton_zero_doc_2000,8009,0.83984375,0.8581469171075464,0.96578125,0.28609375,4,4,0,4,0,0,0,16000
ton_zero,doc,2000,xvd_b1_ton_zero_doc_2000,8010,0.8359375,0.8538416056102569,0.95484375,0.28296875,2,2,1,1,0,0,0,8000
ton_zero,doc,2000,xvd_b1_ton_zero_doc_2000,8011,0.82609375,0.8436696567720249,0.93625,0.2840625,2,2,1,1,0,0,0,8000
ton_zero,doc,2000,xvd_b1_ton_zero_doc_2000,8012,0.84171875,0.8592400041556442,0.9634375,0.28,4,4,1,3,0,0,0,16000
ton_zero,doc,2000,xvd_b1_ton_zero_doc_2000,8013,0.83625,0.8544504745893969,0.95859375,0.28609375,1,1,1,0,0,0,0,4000
ton_zero,doc,2000,xvd_b1_ton_zero_doc_2000,8014,0.83734375,0.8557466467691104,0.96140625,0.28671875,4,4,1,3,0,0,0,16000
ton_zero,doc,2000,xvd_b1_ton_zero_doc_2000,8015,0.83453125,0.8537202491796806,0.963125,0.2940625,2,2,0,2,0,0,0,8000
ton_zero,doc,2000,xvd_b1_ton_zero_doc_2000,8016,0.839140625,0.8568137487021716,0.95921875,0.2809375,4,4,1,3,0,0,0,16000
ton_zero,doc,2000,xvd_b1_ton_zero_doc_2000,8017,0.839140625,0.8578003809822212,0.966875,0.28859375,5,5,0,5,0,0,0,20000
ton_zero,doc,2000,xvd_b1_ton_zero_doc_2000,8018,0.839140625,0.8572366854520722,0.96234375,0.2840625,4,4,3,1,0,0,0,16000
ton_zero,doc,2000,xvd_b1_ton_zero_doc_2000,8019,0.83359375,0.8529282015586103,0.9628125,0.295625,3,3,1,2,0,0,0,12000
ton_zero,doc,2000,xvd_b1_ton_zero_doc_2000,8020,0.848046875,0.8630692252312453,0.9525,0.25640625,4,4,1,3,0,0,0,16000
ton_zero,doc,2000,xvd_b1_ton_zero_doc_2000,8021,0.838671875,0.8566565849705696,0.96140625,0.2840625,5,5,1,4,0,0,0,20000
ton_zero,doc,2000,xvd_b1_ton_zero_doc_2000,8022,0.843984375,0.8613903215693045,0.96625,0.27828125,2,2,0,2,0,0,0,8000
ton_zero,doc,2000,xvd_b1_ton_zero_doc_2000,8023,0.836328125,0.855226142466514,0.963125,0.29046875,4,4,1,3,0,0,0,16000
ton_zero,doc,2000,xvd_b1_ton_zero_doc_2000,8024,0.834296875,0.8535090709847698,0.9625,0.29390625,3,3,2,1,0,0,0,12000
ton_zero,doc,2000,xvd_b1_ton_zero_doc_2000,8025,0.842265625,0.8598374298731634,0.9646875,0.28015625,7,7,0,7,0,0,0,28000
ton_zero,doc,2000,xvd_b1_ton_zero_doc_2000,8026,0.83796875,0.8558196957921854,0.95921875,0.28328125,3,3,0,3,0,0,0,12000
ton_zero,doc,2000,xvd_b1_ton_zero_doc_2000,8027,0.837890625,0.8567084859547776,0.965625,0.28984375,4,4,2,2,0,0,0,16000
ton_zero,doc,2000,xvd_b1_ton_zero_doc_2000,8028,0.843671875,0.8608311782142067,0.96375,0.27640625,5,5,2,3,0,0,0,20000
ton_zero,doc,2000,xvd_b1_ton_zero_doc_2000,8029,0.842578125,0.8611355909797331,0.97109375,0.2859375,4,4,1,3,0,0,0,16000
ton_zero,doc,2000,xvd_b1_ton_zero_doc_2000,8030,0.84390625,0.8608673348241739,0.96234375,0.27453125,3,3,0,3,0,0,0,12000
ton_zero,enscal,2000,xvd_b1_ton_zero_enscal_2000,8001,0.837109375,0.8559478628014453,0.96453125,0.2903125,4,4,4,0,0,0,0,16000
ton_zero,enscal,2000,xvd_b1_ton_zero_enscal_2000,8002,0.835078125,0.8537947284475539,0.9596875,0.28953125,3,3,3,0,0,0,0,12000
ton_zero,enscal,2000,xvd_b1_ton_zero_enscal_2000,8003,0.8384375,0.8573937405257681,0.9675,0.290625,4,4,4,0,0,0,0,16000
ton_zero,enscal,2000,xvd_b1_ton_zero_enscal_2000,8004,0.836484375,0.8551045148942894,0.9615625,0.28859375,3,3,3,0,0,0,0,12000
ton_zero,enscal,2000,xvd_b1_ton_zero_enscal_2000,8005,0.835078125,0.8541531550074589,0.9621875,0.29203125,2,2,2,0,0,0,0,8000
ton_zero,enscal,2000,xvd_b1_ton_zero_enscal_2000,8006,0.839921875,0.8576425268499053,0.96125,0.28140625,2,2,2,0,0,0,0,8000
ton_zero,enscal,2000,xvd_b1_ton_zero_enscal_2000,8007,0.835078125,0.8548780392203189,0.96890625,0.29875,4,4,4,0,0,0,0,16000
ton_zero,enscal,2000,xvd_b1_ton_zero_enscal_2000,8008,0.8421875,0.859207720591429,0.9603125,0.2759375,4,4,4,0,0,0,0,16000
ton_zero,enscal,2000,xvd_b1_ton_zero_enscal_2000,8009,0.840703125,0.859110546482995,0.96828125,0.286875,4,4,4,0,0,0,0,16000
ton_zero,enscal,2000,xvd_b1_ton_zero_enscal_2000,8010,0.83609375,0.8540602328985947,0.955625,0.2834375,2,2,2,0,0,0,0,8000
ton_zero,enscal,2000,xvd_b1_ton_zero_enscal_2000,8011,0.832734375,0.8506237232226888,0.95,0.28453125,2,2,2,0,0,0,0,8000
ton_zero,enscal,2000,xvd_b1_ton_zero_enscal_2000,8012,0.8415625,0.8592808318210102,0.96484375,0.28171875,4,4,4,0,0,0,0,16000
ton_zero,enscal,2000,xvd_b1_ton_zero_enscal_2000,8013,0.838359375,0.8566978511275682,0.96328125,0.2865625,1,1,1,0,0,0,0,4000
ton_zero,enscal,2000,xvd_b1_ton_zero_enscal_2000,8014,0.837109375,0.8557206171802989,0.9625,0.28828125,4,4,4,0,0,0,0,16000
ton_zero,enscal,2000,xvd_b1_ton_zero_enscal_2000,8015,0.833515625,0.853159923927702,0.96453125,0.2975,2,2,2,0,0,0,0,8000
ton_zero,enscal,2000,xvd_b1_ton_zero_enscal_2000,8016,0.8396875,0.8573068280567362,0.9596875,0.2803125,4,4,4,0,0,0,0,16000
ton_zero,enscal,2000,xvd_b1_ton_zero_enscal_2000,8017,0.83765625,0.8569620284565634,0.9690625,0.29375,5,5,5,0,0,0,0,20000
ton_zero,enscal,2000,xvd_b1_ton_zero_enscal_2000,8018,0.839765625,0.8579337074756681,0.9640625,0.28453125,4,4,4,0,0,0,0,16000
ton_zero,enscal,2000,xvd_b1_ton_zero_enscal_2000,8019,0.83375,0.8532809183967406,0.9646875,0.2971875,3,3,3,0,0,0,0,12000
ton_zero,enscal,2000,xvd_b1_ton_zero_enscal_2000,8020,0.847890625,0.8628285161739955,0.95171875,0.2559375,4,4,4,0,0,0,0,16000
ton_zero,enscal,2000,xvd_b1_ton_zero_enscal_2000,8021,0.8378125,0.8561640240328963,0.96265625,0.28703125,5,5,5,0,0,0,0,20000
ton_zero,enscal,2000,xvd_b1_ton_zero_enscal_2000,8022,0.843828125,0.861438776743253,0.96765625,0.28,2,2,2,0,0,0,0,8000
ton_zero,enscal,2000,xvd_b1_ton_zero_enscal_2000,8023,0.83671875,0.8557412503019812,0.96484375,0.29140625,4,4,4,0,0,0,0,16000
ton_zero,enscal,2000,xvd_b1_ton_zero_enscal_2000,8024,0.833984375,0.8534331015094885,0.96375,0.29578125,3,3,3,0,0,0,0,12000
ton_zero,enscal,2000,xvd_b1_ton_zero_enscal_2000,8025,0.840546875,0.8587311992276568,0.96609375,0.285,7,7,7,0,0,0,0,28000
ton_zero,enscal,2000,xvd_b1_ton_zero_enscal_2000,8026,0.83828125,0.8561971448276893,0.9603125,0.28375,3,3,3,0,0,0,0,12000
ton_zero,enscal,2000,xvd_b1_ton_zero_enscal_2000,8027,0.837109375,0.8563020781717096,0.96703125,0.2928125,4,4,4,0,0,0,0,16000
ton_zero,enscal,2000,xvd_b1_ton_zero_enscal_2000,8028,0.843515625,0.8609038524437104,0.9653125,0.27828125,5,5,5,0,0,0,0,20000
ton_zero,enscal,2000,xvd_b1_ton_zero_enscal_2000,8029,0.84171875,0.8606432591557163,0.9721875,0.28875,4,4,4,0,0,0,0,16000
ton_zero,enscal,2000,xvd_b1_ton_zero_enscal_2000,8030,0.843125,0.8603780677333343,0.963125,0.276875,3,3,3,0,0,0,0,12000
ton_zero,replay,2000,xvd_b1_ton_zero_replay_2000,8001,0.870234375,0.8773230764455225,0.92296875,0.1825,4,4,4,0,0,0,0,16000
ton_zero,replay,2000,xvd_b1_ton_zero_replay_2000,8002,0.835703125,0.8542501449567717,0.959375,0.28796875,3,3,3,0,0,0,0,12000
ton_zero,replay,2000,xvd_b1_ton_zero_replay_2000,8003,0.837890625,0.8567256313091667,0.96546875,0.2896875,4,4,4,0,0,0,0,16000
ton_zero,replay,2000,xvd_b1_ton_zero_replay_2000,8004,0.8359375,0.8546837644676393,0.9615625,0.2896875,3,3,3,0,0,0,0,12000
ton_zero,replay,2000,xvd_b1_ton_zero_replay_2000,8005,0.837109375,0.8557312311259376,0.96234375,0.288125,2,2,2,0,0,0,0,8000
ton_zero,replay,2000,xvd_b1_ton_zero_replay_2000,8006,0.840859375,0.8582866181940672,0.96078125,0.2790625,2,2,2,0,0,0,0,8000
ton_zero,replay,2000,xvd_b1_ton_zero_replay_2000,8007,0.831953125,0.8506648791027552,0.95546875,0.2915625,4,4,4,0,0,0,0,16000
ton_zero,replay,2000,xvd_b1_ton_zero_replay_2000,8008,0.839375,0.856491708890025,0.95625,0.2775,4,4,4,0,0,0,0,16000
ton_zero,replay,2000,xvd_b1_ton_zero_replay_2000,8009,0.83046875,0.848089262074144,0.944375,0.2834375,4,4,4,0,0,0,0,16000
ton_zero,replay,2000,xvd_b1_ton_zero_replay_2000,8010,0.836015625,0.8539075891549508,0.95484375,0.2828125,2,2,2,0,0,0,0,8000
ton_zero,replay,2000,xvd_b1_ton_zero_replay_2000,8011,0.830703125,0.8489933882345163,0.9490625,0.28765625,2,2,2,0,0,0,0,8000
ton_zero,replay,2000,xvd_b1_ton_zero_replay_2000,8012,0.837421875,0.8547584958802759,0.9546875,0.27984375,4,4,4,0,0,0,0,16000
ton_zero,replay,2000,xvd_b1_ton_zero_replay_2000,8013,0.838125,0.8564844416977968,0.96296875,0.28671875,1,1,1,0,0,0,0,4000
ton_zero,replay,2000,xvd_b1_ton_zero_replay_2000,8014,0.836640625,0.8551445564161007,0.9609375,0.28765625,4,4,4,0,0,0,0,16000
ton_zero,replay,2000,xvd_b1_ton_zero_replay_2000,8015,0.842109375,0.8594899901854908,0.9615625,0.27734375,2,2,2,0,0,0,0,8000
ton_zero,replay,2000,xvd_b1_ton_zero_replay_2000,8016,0.83875,0.8563402977603138,0.9578125,0.2803125,4,4,4,0,0,0,0,16000
ton_zero,replay,2000,xvd_b1_ton_zero_replay_2000,8017,0.83671875,0.8556134991058193,0.964375,0.2909375,5,5,5,0,0,0,0,20000
ton_zero,replay,2000,xvd_b1_ton_zero_replay_2000,8018,0.836875,0.8546604985618085,0.9559375,0.2821875,4,4,4,0,0,0,0,16000
ton_zero,replay,2000,xvd_b1_ton_zero_replay_2000,8019,0.83234375,0.8512516211445802,0.9578125,0.293125,3,3,3,0,0,0,0,12000
ton_zero,replay,2000,xvd_b1_ton_zero_replay_2000,8020,0.848515625,0.8627624463513685,0.9471875,0.25015625,4,4,4,0,0,0,0,16000
ton_zero,replay,2000,xvd_b1_ton_zero_replay_2000,8021,0.845625,0.860392967516169,0.9471875,0.2559375,5,5,5,0,0,0,0,20000
ton_zero,replay,2000,xvd_b1_ton_zero_replay_2000,8022,0.843671875,0.8611798219190925,0.96640625,0.2790625,2,2,2,0,0,0,0,8000
ton_zero,replay,2000,xvd_b1_ton_zero_replay_2000,8023,0.834296875,0.8530625387744312,0.9584375,0.28984375,4,4,4,0,0,0,0,16000
ton_zero,replay,2000,xvd_b1_ton_zero_replay_2000,8024,0.831796875,0.8511874798325872,0.95921875,0.295625,3,3,3,0,0,0,0,12000
ton_zero,replay,2000,xvd_b1_ton_zero_replay_2000,8025,0.84390625,0.8597528884538125,0.95328125,0.26546875,7,7,7,0,0,0,0,28000
ton_zero,replay,2000,xvd_b1_ton_zero_replay_2000,8026,0.835546875,0.8531465023040092,0.953125,0.28203125,3,3,3,0,0,0,0,12000
ton_zero,replay,2000,xvd_b1_ton_zero_replay_2000,8027,0.836875,0.8558678594405791,0.96515625,0.29140625,4,4,4,0,0,0,0,16000
ton_zero,replay,2000,xvd_b1_ton_zero_replay_2000,8028,0.842265625,0.859697912760091,0.963125,0.27859375,5,5,5,0,0,0,0,20000
ton_zero,replay,2000,xvd_b1_ton_zero_replay_2000,8029,0.83890625,0.8571796716659428,0.96203125,0.28421875,4,4,4,0,0,0,0,16000
ton_zero,replay,2000,xvd_b1_ton_zero_replay_2000,8030,0.855859375,0.8690519980333126,0.94953125,0.2378125,3,3,3,0,0,0,0,12000
ton_zero,ddm,2000,xvd_b1_ton_zero_ddm_2000,8001,0.8325,0.8507612368561165,0.95203125,0.28703125,4,4,4,0,800,0,800,16000
ton_zero,ddm,2000,xvd_b1_ton_zero_ddm_2000,8002,0.837578125,0.8557364947771451,0.95984375,0.2846875,0,0,0,0,800,0,800,0
ton_zero,ddm,2000,xvd_b1_ton_zero_ddm_2000,8003,0.838359375,0.8572008224055494,0.96640625,0.2896875,0,0,0,0,800,0,800,0
ton_zero,ddm,2000,xvd_b1_ton_zero_ddm_2000,8004,0.836015625,0.8546931443203952,0.96125,0.28921875,0,0,0,0,800,0,800,0
ton_zero,ddm,2000,xvd_b1_ton_zero_ddm_2000,8005,0.8365625,0.8553557252944494,0.9625,0.289375,0,0,0,0,800,0,800,0
ton_zero,ddm,2000,xvd_b1_ton_zero_ddm_2000,8006,0.840546875,0.8579920129517165,0.9603125,0.27921875,1,1,1,0,800,0,800,4000
ton_zero,ddm,2000,xvd_b1_ton_zero_ddm_2000,8007,0.835234375,0.8541475262112711,0.96265625,0.2921875,1,1,1,0,800,0,800,4000
ton_zero,ddm,2000,xvd_b1_ton_zero_ddm_2000,8008,0.840390625,0.8577780911971915,0.95984375,0.2790625,1,1,1,0,800,0,800,4000
ton_zero,ddm,2000,xvd_b1_ton_zero_ddm_2000,8009,0.83984375,0.8581469171075464,0.96578125,0.28609375,0,0,0,0,800,0,800,0
ton_zero,ddm,2000,xvd_b1_ton_zero_ddm_2000,8010,0.83390625,0.8515873548159457,0.94984375,0.28203125,1,1,1,0,800,0,800,4000
ton_zero,ddm,2000,xvd_b1_ton_zero_ddm_2000,8011,0.8325,0.8504175190082907,0.94953125,0.28453125,2,2,2,0,800,0,800,8000
ton_zero,ddm,2000,xvd_b1_ton_zero_ddm_2000,8012,0.8428125,0.8601461477929456,0.96390625,0.27828125,1,1,1,0,800,0,800,4000
ton_zero,ddm,2000,xvd_b1_ton_zero_ddm_2000,8013,0.8446875,0.8609895130075615,0.95765625,0.26828125,4,4,4,0,800,0,800,16000
ton_zero,ddm,2000,xvd_b1_ton_zero_ddm_2000,8014,0.8259375,0.8434917383666029,0.9353125,0.2834375,1,1,1,0,800,0,800,4000
ton_zero,ddm,2000,xvd_b1_ton_zero_ddm_2000,8015,0.837265625,0.8559046310982888,0.96375,0.28921875,1,1,1,0,800,0,800,4000
ton_zero,ddm,2000,xvd_b1_ton_zero_ddm_2000,8016,0.835234375,0.852715542301717,0.95078125,0.2803125,0,0,0,0,800,0,800,0
ton_zero,ddm,2000,xvd_b1_ton_zero_ddm_2000,8017,0.837734375,0.8568203749238456,0.9675,0.29203125,4,4,4,0,800,0,800,16000
ton_zero,ddm,2000,xvd_b1_ton_zero_ddm_2000,8018,0.885078125,0.8909157062242844,0.93203125,0.161875,1,1,1,0,800,0,800,4000
ton_zero,ddm,2000,xvd_b1_ton_zero_ddm_2000,8019,0.854453125,0.8662709646258584,0.9375,0.22859375,2,2,2,0,800,0,800,8000
ton_zero,ddm,2000,xvd_b1_ton_zero_ddm_2000,8020,0.8790625,0.882122828144906,0.9040625,0.1459375,0,0,0,0,800,0,800,0
ton_zero,ddm,2000,xvd_b1_ton_zero_ddm_2000,8021,0.83796875,0.856193450223914,0.96203125,0.28609375,0,0,0,0,800,0,800,0
ton_zero,ddm,2000,xvd_b1_ton_zero_ddm_2000,8022,0.843984375,0.8613903215693045,0.96625,0.27828125,0,0,0,0,800,0,800,0
ton_zero,ddm,2000,xvd_b1_ton_zero_ddm_2000,8023,0.837734375,0.8562311378885303,0.9625,0.28703125,3,3,3,0,800,0,800,12000
ton_zero,ddm,2000,xvd_b1_ton_zero_ddm_2000,8024,0.82296875,0.8417074563595005,0.9396875,0.29375,2,2,2,0,800,0,800,8000
ton_zero,ddm,2000,xvd_b1_ton_zero_ddm_2000,8025,0.842265625,0.8598374298731634,0.9646875,0.28015625,0,0,0,0,800,0,800,0
ton_zero,ddm,2000,xvd_b1_ton_zero_ddm_2000,8026,0.837890625,0.8557664780731764,0.95921875,0.2834375,2,2,2,0,800,0,800,8000
ton_zero,ddm,2000,xvd_b1_ton_zero_ddm_2000,8027,0.838046875,0.8565803062111798,0.96375,0.28765625,0,0,0,0,800,0,800,0
ton_zero,ddm,2000,xvd_b1_ton_zero_ddm_2000,8028,0.849765625,0.8654873144913462,0.9603125,0.26078125,2,2,2,0,800,0,800,8000
ton_zero,ddm,2000,xvd_b1_ton_zero_ddm_2000,8029,0.838984375,0.8574713669487783,0.9640625,0.28609375,1,1,1,0,800,0,800,4000
ton_zero,ddm,2000,xvd_b1_ton_zero_ddm_2000,8030,0.843203125,0.8602665077351087,0.961875,0.27546875,2,2,2,0,800,0,800,8000
ton_zero,adwin,2000,xvd_b1_ton_zero_adwin_2000,8001,0.83734375,0.8558884898066182,0.96265625,0.28796875,0,0,0,0,800,0,800,0
ton_zero,adwin,2000,xvd_b1_ton_zero_adwin_2000,8002,0.837578125,0.8557364947771451,0.95984375,0.2846875,0,0,0,0,800,0,800,0
ton_zero,adwin,2000,xvd_b1_ton_zero_adwin_2000,8003,0.838359375,0.8572008224055494,0.96640625,0.2896875,0,0,0,0,800,0,800,0
ton_zero,adwin,2000,xvd_b1_ton_zero_adwin_2000,8004,0.836015625,0.8546931443203952,0.96125,0.28921875,0,0,0,0,800,0,800,0
ton_zero,adwin,2000,xvd_b1_ton_zero_adwin_2000,8005,0.8365625,0.8553557252944494,0.9625,0.289375,0,0,0,0,800,0,800,0
ton_zero,adwin,2000,xvd_b1_ton_zero_adwin_2000,8006,0.840859375,0.8582858212763392,0.96078125,0.2790625,0,0,0,0,800,0,800,0
ton_zero,adwin,2000,xvd_b1_ton_zero_adwin_2000,8007,0.836796875,0.8561389934355687,0.9684375,0.29484375,0,0,0,0,800,0,800,0
ton_zero,adwin,2000,xvd_b1_ton_zero_adwin_2000,8008,0.831796875,0.8481592920835886,0.93765625,0.2740625,0,0,0,0,800,0,800,0
ton_zero,adwin,2000,xvd_b1_ton_zero_adwin_2000,8009,0.83984375,0.8581469171075464,0.96578125,0.28609375,0,0,0,0,800,0,800,0
ton_zero,adwin,2000,xvd_b1_ton_zero_adwin_2000,8010,0.827109375,0.8443514231188022,0.9346875,0.28046875,0,0,0,0,800,0,800,0
ton_zero,adwin,2000,xvd_b1_ton_zero_adwin_2000,8011,0.825234375,0.8427495043731098,0.93421875,0.28375,0,0,0,0,800,0,800,0
ton_zero,adwin,2000,xvd_b1_ton_zero_adwin_2000,8012,0.842109375,0.8595274391446474,0.96328125,0.2790625,0,0,0,0,800,0,800,0
ton_zero,adwin,2000,xvd_b1_ton_zero_adwin_2000,8013,0.838203125,0.8565151095551061,0.9628125,0.28640625,0,0,0,0,800,0,800,0
ton_zero,adwin,2000,xvd_b1_ton_zero_adwin_2000,8014,0.826484375,0.84406714243658,0.93640625,0.2834375,0,0,0,0,800,0,800,0
ton_zero,adwin,2000,xvd_b1_ton_zero_adwin_2000,8015,0.83453125,0.8537202491796806,0.963125,0.2940625,0,0,0,0,800,0,800,0
ton_zero,adwin,2000,xvd_b1_ton_zero_adwin_2000,8016,0.835234375,0.852715542301717,0.95078125,0.2803125,0,0,0,0,800,0,800,0
ton_zero,adwin,2000,xvd_b1_ton_zero_adwin_2000,8017,0.839140625,0.8578003809822212,0.966875,0.28859375,0,0,0,0,800,0,800,0
ton_zero,adwin,2000,xvd_b1_ton_zero_adwin_2000,8018,0.8390625,0.8571883526114482,0.96234375,0.28421875,0,0,0,0,800,0,800,0
ton_zero,adwin,2000,xvd_b1_ton_zero_adwin_2000,8019,0.833671875,0.8529281291850711,0.96234375,0.295,0,0,0,0,800,0,800,0
ton_zero,adwin,2000,xvd_b1_ton_zero_adwin_2000,8020,0.8790625,0.882122828144906,0.9040625,0.1459375,0,0,0,0,800,0,800,0
ton_zero,adwin,2000,xvd_b1_ton_zero_adwin_2000,8021,0.83796875,0.856193450223914,0.96203125,0.28609375,0,0,0,0,800,0,800,0
ton_zero,adwin,2000,xvd_b1_ton_zero_adwin_2000,8022,0.843984375,0.8613903215693045,0.96625,0.27828125,0,0,0,0,800,0,800,0
ton_zero,adwin,2000,xvd_b1_ton_zero_adwin_2000,8023,0.837421875,0.8560891426337272,0.96328125,0.2884375,0,0,0,0,800,0,800,0
ton_zero,adwin,2000,xvd_b1_ton_zero_adwin_2000,8024,0.83390625,0.8530930244146954,0.9615625,0.29375,0,0,0,0,800,0,800,0
ton_zero,adwin,2000,xvd_b1_ton_zero_adwin_2000,8025,0.842265625,0.8598374298731634,0.9646875,0.28015625,0,0,0,0,800,0,800,0
ton_zero,adwin,2000,xvd_b1_ton_zero_adwin_2000,8026,0.83796875,0.8558196957921854,0.95921875,0.28328125,0,0,0,0,800,0,800,0
ton_zero,adwin,2000,xvd_b1_ton_zero_adwin_2000,8027,0.838046875,0.8565803062111798,0.96375,0.28765625,0,0,0,0,800,0,800,0
ton_zero,adwin,2000,xvd_b1_ton_zero_adwin_2000,8028,0.844140625,0.861203863516186,0.96390625,0.275625,0,0,0,0,800,0,800,0
ton_zero,adwin,2000,xvd_b1_ton_zero_adwin_2000,8029,0.842578125,0.8611149074379227,0.9709375,0.28578125,0,0,0,0,800,0,800,0
ton_zero,adwin,2000,xvd_b1_ton_zero_adwin_2000,8030,0.84390625,0.8608673348241739,0.96234375,0.27453125,0,0,0,0,800,0,800,0
ton_zero,naive,512,xvd_b1_ton_zero_naive_512,8001,0.837265625,0.8530644352992077,0.93984375,0.2653125,4,4,4,0,0,0,0,4096
ton_zero,naive,512,xvd_b1_ton_zero_naive_512,8002,0.8609375,0.8708958241618997,0.93078125,0.20890625,3,3,3,0,0,0,0,3072
ton_zero,naive,512,xvd_b1_ton_zero_naive_512,8003,0.850625,0.8643457234732652,0.94390625,0.24265625,4,4,4,0,0,0,0,4096
ton_zero,naive,512,xvd_b1_ton_zero_naive_512,8004,0.835,0.8539507417392899,0.96125,0.29125,3,3,3,0,0,0,0,3072
ton_zero,naive,512,xvd_b1_ton_zero_naive_512,8005,0.83375,0.8530945049946896,0.96171875,0.29421875,2,2,2,0,0,0,0,2048
ton_zero,naive,512,xvd_b1_ton_zero_naive_512,8006,0.8671875,0.8774753353767458,0.94484375,0.21046875,2,2,2,0,0,0,0,2048
ton_zero,naive,512,xvd_b1_ton_zero_naive_512,8007,0.82859375,0.8477405795000305,0.95265625,0.29546875,4,4,4,0,0,0,0,4096
ton_zero,naive,512,xvd_b1_ton_zero_naive_512,8008,0.838203125,0.8558260202032594,0.9578125,0.28140625,4,4,4,0,0,0,0,4096
ton_zero,naive,512,xvd_b1_ton_zero_naive_512,8009,0.8378125,0.8565769105022331,0.96546875,0.28984375,4,4,4,0,0,0,0,4096
ton_zero,naive,512,xvd_b1_ton_zero_naive_512,8010,0.83515625,0.853006729692021,0.95296875,0.28265625,2,2,2,0,0,0,0,2048
ton_zero,naive,512,xvd_b1_ton_zero_naive_512,8011,0.829921875,0.8483155932879309,0.9484375,0.28859375,2,2,2,0,0,0,0,2048
ton_zero,naive,512,xvd_b1_ton_zero_naive_512,8012,0.84453125,0.8606371322297542,0.95578125,0.26671875,4,4,4,0,0,0,0,4096
ton_zero,naive,512,xvd_b1_ton_zero_naive_512,8013,0.838203125,0.8564758146768884,0.9625,0.28609375,1,1,1,0,0,0,0,1024
ton_zero,naive,512,xvd_b1_ton_zero_naive_512,8014,0.8334375,0.8519518902610098,0.95546875,0.28859375,4,4,4,0,0,0,0,4096
ton_zero,naive,512,xvd_b1_ton_zero_naive_512,8015,0.826171875,0.8443529349759791,0.9409375,0.28859375,2,2,2,0,0,0,0,2048
ton_zero,naive,512,xvd_b1_ton_zero_naive_512,8016,0.843359375,0.8588702070830471,0.94921875,0.2625,4,4,4,0,0,0,0,4096
ton_zero,naive,512,xvd_b1_ton_zero_naive_512,8017,0.836953125,0.8561690653882902,0.96703125,0.293125,5,5,5,0,0,0,0,5120
ton_zero,naive,512,xvd_b1_ton_zero_naive_512,8018,0.83734375,0.8558778229790401,0.9621875,0.2875,4,4,4,0,0,0,0,4096
ton_zero,naive,512,xvd_b1_ton_zero_naive_512,8019,0.84140625,0.8591145148388967,0.9615625,0.27875,3,3,3,0,0,0,0,3072
ton_zero,naive,512,xvd_b1_ton_zero_naive_512,8020,0.847109375,0.8615538628527064,0.94609375,0.251875,4,4,4,0,0,0,0,4096
ton_zero,naive,512,xvd_b1_ton_zero_naive_512,8021,0.8453125,0.860565420874152,0.9496875,0.2590625,5,5,5,0,0,0,0,5120
ton_zero,naive,512,xvd_b1_ton_zero_naive_512,8022,0.831796875,0.8497703758436553,0.94890625,0.2853125,2,2,2,0,0,0,0,2048
ton_zero,naive,512,xvd_b1_ton_zero_naive_512,8023,0.84828125,0.8621186558562932,0.9434375,0.246875,4,4,4,0,0,0,0,4096
ton_zero,naive,512,xvd_b1_ton_zero_naive_512,8024,0.82796875,0.8460664670717031,0.94328125,0.28734375,3,3,3,0,0,0,0,3072
ton_zero,naive,512,xvd_b1_ton_zero_naive_512,8025,0.85984375,0.8703461886755212,0.9365625,0.216875,7,7,7,0,0,0,0,7168
ton_zero,naive,512,xvd_b1_ton_zero_naive_512,8026,0.8375,0.8551810079802625,0.95703125,0.28203125,3,3,3,0,0,0,0,3072
ton_zero,naive,512,xvd_b1_ton_zero_naive_512,8027,0.8353125,0.8542004237520326,0.96171875,0.29109375,4,4,4,0,0,0,0,4096
ton_zero,naive,512,xvd_b1_ton_zero_naive_512,8028,0.846328125,0.8612858994505155,0.95015625,0.2575,5,5,5,0,0,0,0,5120
ton_zero,naive,512,xvd_b1_ton_zero_naive_512,8029,0.84234375,0.8609230177560032,0.97078125,0.28609375,4,4,4,0,0,0,0,4096
ton_zero,naive,512,xvd_b1_ton_zero_naive_512,8030,0.84375,0.8606909527667149,0.961875,0.274375,3,3,3,0,0,0,0,3072
ton_zero,point,512,xvd_b1_ton_zero_point_512,8001,0.831953125,0.8504011666799814,0.9521875,0.28828125,4,4,3,1,128,128,0,4096
ton_zero,point,512,xvd_b1_ton_zero_point_512,8002,0.837421875,0.8556321870583383,0.96,0.28515625,3,3,2,1,96,96,0,3072
ton_zero,point,512,xvd_b1_ton_zero_point_512,8003,0.850625,0.8643457234732652,0.94390625,0.24265625,4,4,4,0,128,128,0,4096
ton_zero,point,512,xvd_b1_ton_zero_point_512,8004,0.83578125,0.8545511743968016,0.96140625,0.28984375,3,3,2,1,96,96,0,3072
ton_zero,point,512,xvd_b1_ton_zero_point_512,8005,0.83375,0.8530945049946896,0.96171875,0.29421875,2,2,2,0,64,64,0,2048
ton_zero,point,512,xvd_b1_ton_zero_point_512,8006,0.8671875,0.8774753353767458,0.94484375,0.21046875,2,2,2,0,64,64,0,2048
ton_zero,point,512,xvd_b1_ton_zero_point_512,8007,0.830703125,0.8499867491003641,0.95734375,0.2959375,4,4,3,1,128,128,0,4096
ton_zero,point,512,xvd_b1_ton_zero_point_512,8008,0.834453125,0.851308478601178,0.94578125,0.276875,4,4,3,1,128,128,0,4096
ton_zero,point,512,xvd_b1_ton_zero_point_512,8009,0.839609375,0.8579046086342221,0.9653125,0.28609375,4,4,3,1,128,128,0,4096
ton_zero,point,512,xvd_b1_ton_zero_point_512,8010,0.83515625,0.853006729692021,0.95296875,0.28265625,2,2,2,0,64,64,0,2048
ton_zero,point,512,xvd_b1_ton_zero_point_512,8011,0.829921875,0.8483155932879309,0.9484375,0.28859375,2,2,2,0,64,64,0,2048
ton_zero,point,512,xvd_b1_ton_zero_point_512,8012,0.84453125,0.8606371322297542,0.95578125,0.26671875,4,4,4,0,128,128,0,4096
ton_zero,point,512,xvd_b1_ton_zero_point_512,8013,0.838203125,0.8564758146768884,0.9625,0.28609375,1,1,1,0,32,32,0,1024
ton_zero,point,512,xvd_b1_ton_zero_point_512,8014,0.83453125,0.8530606971692696,0.95734375,0.28828125,4,4,3,1,128,128,0,4096
ton_zero,point,512,xvd_b1_ton_zero_point_512,8015,0.82609375,0.8442690272744509,0.94078125,0.28859375,2,2,1,1,64,64,0,2048
ton_zero,point,512,xvd_b1_ton_zero_point_512,8016,0.843359375,0.8588702070830471,0.94921875,0.2625,4,4,4,0,128,128,0,4096
ton_zero,point,512,xvd_b1_ton_zero_point_512,8017,0.836953125,0.8561690653882902,0.96703125,0.293125,5,5,5,0,160,160,0,5120
ton_zero,point,512,xvd_b1_ton_zero_point_512,8018,0.837578125,0.8560394517269119,0.96203125,0.286875,4,4,3,1,128,128,0,4096
ton_zero,point,512,xvd_b1_ton_zero_point_512,8019,0.84140625,0.8591145148388967,0.9615625,0.27875,3,3,3,0,96,96,0,3072
ton_zero,point,512,xvd_b1_ton_zero_point_512,8020,0.84640625,0.8610834507432233,0.94703125,0.25421875,4,4,3,1,128,128,0,4096
ton_zero,point,512,xvd_b1_ton_zero_point_512,8021,0.8453125,0.860565420874152,0.9496875,0.2590625,5,5,5,0,160,160,0,5120
ton_zero,point,512,xvd_b1_ton_zero_point_512,8022,0.831796875,0.8497703758436553,0.94890625,0.2853125,2,2,2,0,64,64,0,2048
ton_zero,point,512,xvd_b1_ton_zero_point_512,8023,0.836171875,0.8551305233726937,0.963125,0.29078125,4,4,3,1,128,128,0,4096
ton_zero,point,512,xvd_b1_ton_zero_point_512,8024,0.826640625,0.8451925087526995,0.94484375,0.2915625,3,3,2,1,96,96,0,3072
ton_zero,point,512,xvd_b1_ton_zero_point_512,8025,0.856015625,0.868669137208599,0.946875,0.23484375,7,7,5,2,224,224,0,7168
ton_zero,point,512,xvd_b1_ton_zero_point_512,8026,0.8375,0.8551810079802625,0.95703125,0.28203125,3,3,3,0,96,96,0,3072
ton_zero,point,512,xvd_b1_ton_zero_point_512,8027,0.835703125,0.8549443584780119,0.96484375,0.2934375,4,4,3,1,128,128,0,4096
ton_zero,point,512,xvd_b1_ton_zero_point_512,8028,0.84140625,0.8586892427016076,0.96078125,0.27796875,5,5,4,1,160,160,0,5120
ton_zero,point,512,xvd_b1_ton_zero_point_512,8029,0.84234375,0.8609684751535344,0.97109375,0.28640625,4,4,2,2,128,128,0,4096
ton_zero,point,512,xvd_b1_ton_zero_point_512,8030,0.84375,0.8606909527667149,0.961875,0.274375,3,3,3,0,96,96,0,3072
ton_zero,strict,512,xvd_b1_ton_zero_strict_512,8001,0.83734375,0.8558884898066182,0.96265625,0.28796875,4,4,0,4,128,128,0,4096
ton_zero,strict,512,xvd_b1_ton_zero_strict_512,8002,0.837578125,0.8557364947771451,0.95984375,0.2846875,3,3,0,3,96,96,0,3072
ton_zero,strict,512,xvd_b1_ton_zero_strict_512,8003,0.838359375,0.8572008224055494,0.96640625,0.2896875,4,4,0,4,128,128,0,4096
ton_zero,strict,512,xvd_b1_ton_zero_strict_512,8004,0.836015625,0.8546931443203952,0.96125,0.28921875,3,3,0,3,96,96,0,3072
ton_zero,strict,512,xvd_b1_ton_zero_strict_512,8005,0.8365625,0.8553557252944494,0.9625,0.289375,2,2,0,2,64,64,0,2048
ton_zero,strict,512,xvd_b1_ton_zero_strict_512,8006,0.840859375,0.8582858212763392,0.96078125,0.2790625,2,2,0,2,64,64,0,2048
ton_zero,strict,512,xvd_b1_ton_zero_strict_512,8007,0.836796875,0.8561389934355687,0.9684375,0.29484375,4,4,0,4,128,128,0,4096
ton_zero,strict,512,xvd_b1_ton_zero_strict_512,8008,0.831796875,0.8481592920835886,0.93765625,0.2740625,4,4,0,4,128,128,0,4096
ton_zero,strict,512,xvd_b1_ton_zero_strict_512,8009,0.83984375,0.8581469171075464,0.96578125,0.28609375,4,4,0,4,128,128,0,4096
ton_zero,strict,512,xvd_b1_ton_zero_strict_512,8010,0.834921875,0.8527868290253118,0.95265625,0.2828125,2,2,1,1,64,64,0,2048
ton_zero,strict,512,xvd_b1_ton_zero_strict_512,8011,0.825234375,0.8427495043731098,0.93421875,0.28375,2,2,0,2,64,64,0,2048
ton_zero,strict,512,xvd_b1_ton_zero_strict_512,8012,0.842109375,0.8595274391446474,0.96328125,0.2790625,4,4,0,4,128,128,0,4096
ton_zero,strict,512,xvd_b1_ton_zero_strict_512,8013,0.838203125,0.8565151095551061,0.9628125,0.28640625,1,1,0,1,32,32,0,1024
ton_zero,strict,512,xvd_b1_ton_zero_strict_512,8014,0.82671875,0.8443099160737723,0.936875,0.2834375,4,4,1,3,128,128,0,4096
ton_zero,strict,512,xvd_b1_ton_zero_strict_512,8015,0.83453125,0.8537202491796806,0.963125,0.2940625,2,2,0,2,64,64,0,2048
ton_zero,strict,512,xvd_b1_ton_zero_strict_512,8016,0.835234375,0.852715542301717,0.95078125,0.2803125,4,4,0,4,128,128,0,4096
ton_zero,strict,512,xvd_b1_ton_zero_strict_512,8017,0.839140625,0.8578003809822212,0.966875,0.28859375,5,5,0,5,160,160,0,5120
ton_zero,strict,512,xvd_b1_ton_zero_strict_512,8018,0.8390625,0.8571883526114482,0.96234375,0.28421875,4,4,0,4,128,128,0,4096
ton_zero,strict,512,xvd_b1_ton_zero_strict_512,8019,0.833671875,0.8529281291850711,0.96234375,0.295,3,3,0,3,96,96,0,3072
ton_zero,strict,512,xvd_b1_ton_zero_strict_512,8020,0.8790625,0.882122828144906,0.9040625,0.1459375,4,4,0,4,128,128,0,4096
ton_zero,strict,512,xvd_b1_ton_zero_strict_512,8021,0.83796875,0.856193450223914,0.96203125,0.28609375,5,5,0,5,160,160,0,5120
ton_zero,strict,512,xvd_b1_ton_zero_strict_512,8022,0.843984375,0.8613903215693045,0.96625,0.27828125,2,2,0,2,64,64,0,2048
ton_zero,strict,512,xvd_b1_ton_zero_strict_512,8023,0.837421875,0.8560891426337272,0.96328125,0.2884375,4,4,0,4,128,128,0,4096
ton_zero,strict,512,xvd_b1_ton_zero_strict_512,8024,0.83421875,0.8533751862946876,0.961875,0.2934375,3,3,1,2,96,96,0,3072
ton_zero,strict,512,xvd_b1_ton_zero_strict_512,8025,0.85265625,0.866956587177619,0.95453125,0.24921875,7,7,1,6,224,224,0,7168
ton_zero,strict,512,xvd_b1_ton_zero_strict_512,8026,0.83796875,0.8558196957921854,0.95921875,0.28328125,3,3,0,3,96,96,0,3072
ton_zero,strict,512,xvd_b1_ton_zero_strict_512,8027,0.838046875,0.8565803062111798,0.96375,0.28765625,4,4,0,4,128,128,0,4096
ton_zero,strict,512,xvd_b1_ton_zero_strict_512,8028,0.844140625,0.861203863516186,0.96390625,0.275625,5,5,0,5,160,160,0,5120
ton_zero,strict,512,xvd_b1_ton_zero_strict_512,8029,0.842578125,0.8611149074379227,0.9709375,0.28578125,4,4,0,4,128,128,0,4096
ton_zero,strict,512,xvd_b1_ton_zero_strict_512,8030,0.84390625,0.8608673348241739,0.96234375,0.27453125,3,3,0,3,96,96,0,3072
ton_zero,atc,512,xvd_b1_ton_zero_atc_512,8001,0.836875,0.8554757432390797,0.9621875,0.2884375,4,4,1,3,0,0,0,4096
ton_zero,atc,512,xvd_b1_ton_zero_atc_512,8002,0.83734375,0.8555748919449938,0.96,0.2853125,3,3,1,2,0,0,0,3072
ton_zero,atc,512,xvd_b1_ton_zero_atc_512,8003,0.838359375,0.8572008224055494,0.96640625,0.2896875,4,4,0,4,0,0,0,4096
ton_zero,atc,512,xvd_b1_ton_zero_atc_512,8004,0.83578125,0.8545511743968016,0.96140625,0.28984375,3,3,1,2,0,0,0,3072
ton_zero,atc,512,xvd_b1_ton_zero_atc_512,8005,0.83390625,0.8533186743121284,0.9625,0.2946875,2,2,1,1,0,0,0,2048
ton_zero,atc,512,xvd_b1_ton_zero_atc_512,8006,0.840859375,0.8582858212763392,0.96078125,0.2790625,2,2,0,2,0,0,0,2048
ton_zero,atc,512,xvd_b1_ton_zero_atc_512,8007,0.830234375,0.8489907025893692,0.95265625,0.2921875,4,4,2,2,0,0,0,4096
ton_zero,atc,512,xvd_b1_ton_zero_atc_512,8008,0.83796875,0.8556504594499179,0.9578125,0.281875,4,4,2,2,0,0,0,4096
ton_zero,atc,512,xvd_b1_ton_zero_atc_512,8009,0.8390625,0.8575137126851823,0.96546875,0.28734375,4,4,1,3,0,0,0,4096
ton_zero,atc,512,xvd_b1_ton_zero_atc_512,8010,0.834921875,0.8527868290253118,0.95265625,0.2828125,2,2,1,1,0,0,0,2048
ton_zero,atc,512,xvd_b1_ton_zero_atc_512,8011,0.826015625,0.8435908623270332,0.93609375,0.2840625,2,2,1,1,0,0,0,2048
ton_zero,atc,512,xvd_b1_ton_zero_atc_512,8012,0.841484375,0.8589472648397171,0.9625,0.27953125,4,4,2,2,0,0,0,4096
ton_zero,atc,512,xvd_b1_ton_zero_atc_512,8013,0.838203125,0.8565151095551061,0.9628125,0.28640625,1,1,0,1,0,0,0,1024
ton_zero,atc,512,xvd_b1_ton_zero_atc_512,8014,0.833046875,0.8514515781554092,0.95375,0.28765625,4,4,2,2,0,0,0,4096
ton_zero,atc,512,xvd_b1_ton_zero_atc_512,8015,0.833828125,0.8529144914583473,0.96125,0.29359375,2,2,1,1,0,0,0,2048
ton_zero,atc,512,xvd_b1_ton_zero_atc_512,8016,0.838984375,0.8567640967378015,0.9596875,0.28171875,4,4,2,2,0,0,0,4096
ton_zero,atc,512,xvd_b1_ton_zero_atc_512,8017,0.838046875,0.8569227253613297,0.9665625,0.29046875,5,5,1,4,0,0,0,5120
ton_zero,atc,512,xvd_b1_ton_zero_atc_512,8018,0.837578125,0.8560394517269119,0.96203125,0.286875,4,4,3,1,0,0,0,4096
ton_zero,atc,512,xvd_b1_ton_zero_atc_512,8019,0.83390625,0.8531639363551897,0.9628125,0.295,3,3,1,2,0,0,0,3072
ton_zero,atc,512,xvd_b1_ton_zero_atc_512,8020,0.84640625,0.8610834507432233,0.94703125,0.25421875,4,4,3,1,0,0,0,4096
ton_zero,atc,512,xvd_b1_ton_zero_atc_512,8021,0.83703125,0.8554267036492712,0.9615625,0.2875,5,5,2,3,0,0,0,5120
ton_zero,atc,512,xvd_b1_ton_zero_atc_512,8022,0.843984375,0.8613903215693045,0.96625,0.27828125,2,2,0,2,0,0,0,2048
ton_zero,atc,512,xvd_b1_ton_zero_atc_512,8023,0.83734375,0.8560074432873218,0.963125,0.2884375,4,4,2,2,0,0,0,4096
ton_zero,atc,512,xvd_b1_ton_zero_atc_512,8024,0.83421875,0.8533751862946876,0.961875,0.2934375,3,3,1,2,0,0,0,3072
ton_zero,atc,512,xvd_b1_ton_zero_atc_512,8025,0.84234375,0.859855190279551,0.964375,0.2796875,7,7,2,5,0,0,0,7168
ton_zero,atc,512,xvd_b1_ton_zero_atc_512,8026,0.837265625,0.8550835338442226,0.95765625,0.283125,3,3,2,1,0,0,0,3072
ton_zero,atc,512,xvd_b1_ton_zero_atc_512,8027,0.835703125,0.8549443584780119,0.96484375,0.2934375,4,4,3,1,0,0,0,4096
ton_zero,atc,512,xvd_b1_ton_zero_atc_512,8028,0.843359375,0.8607184684679029,0.9646875,0.27796875,5,5,3,2,0,0,0,5120
ton_zero,atc,512,xvd_b1_ton_zero_atc_512,8029,0.8425,0.8610551312096181,0.9709375,0.2859375,4,4,1,3,0,0,0,4096
ton_zero,atc,512,xvd_b1_ton_zero_atc_512,8030,0.84375,0.8606909527667149,0.961875,0.274375,3,3,3,0,0,0,0,3072
ton_zero,doc,512,xvd_b1_ton_zero_doc_512,8001,0.836875,0.8554757432390797,0.9621875,0.2884375,4,4,1,3,0,0,0,4096
ton_zero,doc,512,xvd_b1_ton_zero_doc_512,8002,0.83734375,0.8555748919449938,0.96,0.2853125,3,3,1,2,0,0,0,3072
ton_zero,doc,512,xvd_b1_ton_zero_doc_512,8003,0.838359375,0.8572008224055494,0.96640625,0.2896875,4,4,0,4,0,0,0,4096
ton_zero,doc,512,xvd_b1_ton_zero_doc_512,8004,0.83578125,0.8545511743968016,0.96140625,0.28984375,3,3,1,2,0,0,0,3072
ton_zero,doc,512,xvd_b1_ton_zero_doc_512,8005,0.8365625,0.8553557252944494,0.9625,0.289375,2,2,0,2,0,0,0,2048
ton_zero,doc,512,xvd_b1_ton_zero_doc_512,8006,0.840859375,0.8582858212763392,0.96078125,0.2790625,2,2,0,2,0,0,0,2048
ton_zero,doc,512,xvd_b1_ton_zero_doc_512,8007,0.83640625,0.8555441521749075,0.96640625,0.29359375,4,4,1,3,0,0,0,4096
ton_zero,doc,512,xvd_b1_ton_zero_doc_512,8008,0.83796875,0.8556504594499179,0.9578125,0.281875,4,4,2,2,0,0,0,4096
ton_zero,doc,512,xvd_b1_ton_zero_doc_512,8009,0.83984375,0.8581469171075464,0.96578125,0.28609375,4,4,0,4,0,0,0,4096
ton_zero,doc,512,xvd_b1_ton_zero_doc_512,8010,0.834921875,0.8527868290253118,0.95265625,0.2828125,2,2,1,1,0,0,0,2048
ton_zero,doc,512,xvd_b1_ton_zero_doc_512,8011,0.826015625,0.8435908623270332,0.93609375,0.2840625,2,2,1,1,0,0,0,2048
ton_zero,doc,512,xvd_b1_ton_zero_doc_512,8012,0.841484375,0.8589472648397171,0.9625,0.27953125,4,4,2,2,0,0,0,4096
ton_zero,doc,512,xvd_b1_ton_zero_doc_512,8013,0.838203125,0.8564758146768884,0.9625,0.28609375,1,1,1,0,0,0,0,1024
ton_zero,doc,512,xvd_b1_ton_zero_doc_512,8014,0.833046875,0.8514698549477785,0.95390625,0.2878125,4,4,1,3,0,0,0,4096
ton_zero,doc,512,xvd_b1_ton_zero_doc_512,8015,0.83453125,0.8537202491796806,0.963125,0.2940625,2,2,0,2,0,0,0,2048
ton_zero,doc,512,xvd_b1_ton_zero_doc_512,8016,0.838984375,0.8567640967378015,0.9596875,0.28171875,4,4,2,2,0,0,0,4096
ton_zero,doc,512,xvd_b1_ton_zero_doc_512,8017,0.839140625,0.8578003809822212,0.966875,0.28859375,5,5,0,5,0,0,0,5120
ton_zero,doc,512,xvd_b1_ton_zero_doc_512,8018,0.837421875,0.8560222430478714,0.96296875,0.288125,4,4,1,3,0,0,0,4096
ton_zero,doc,512,xvd_b1_ton_zero_doc_512,8019,0.8309375,0.8508836636706664,0.9625,0.300625,3,3,2,1,0,0,0,3072
ton_zero,doc,512,xvd_b1_ton_zero_doc_512,8020,0.84796875,0.862675672296064,0.94984375,0.25390625,4,4,2,2,0,0,0,4096
ton_zero,doc,512,xvd_b1_ton_zero_doc_512,8021,0.83703125,0.8554267036492712,0.9615625,0.2875,5,5,1,4,0,0,0,5120
ton_zero,doc,512,xvd_b1_ton_zero_doc_512,8022,0.84203125,0.8594249144543652,0.96265625,0.27859375,2,2,1,1,0,0,0,2048
ton_zero,doc,512,xvd_b1_ton_zero_doc_512,8023,0.837421875,0.8560891426337272,0.96328125,0.2884375,4,4,0,4,0,0,0,4096
ton_zero,doc,512,xvd_b1_ton_zero_doc_512,8024,0.83421875,0.8533751862946876,0.961875,0.2934375,3,3,1,2,0,0,0,3072
ton_zero,doc,512,xvd_b1_ton_zero_doc_512,8025,0.842265625,0.8598374298731634,0.9646875,0.28015625,7,7,0,7,0,0,0,7168
ton_zero,doc,512,xvd_b1_ton_zero_doc_512,8026,0.83796875,0.8558196957921854,0.95921875,0.28328125,3,3,0,3,0,0,0,3072
ton_zero,doc,512,xvd_b1_ton_zero_doc_512,8027,0.8375,0.856296785383724,0.9646875,0.2896875,4,4,2,2,0,0,0,4096
ton_zero,doc,512,xvd_b1_ton_zero_doc_512,8028,0.843359375,0.8607159091695692,0.9646875,0.27796875,5,5,1,4,0,0,0,5120
ton_zero,doc,512,xvd_b1_ton_zero_doc_512,8029,0.8425,0.8610551312096181,0.9709375,0.2859375,4,4,1,3,0,0,0,4096
ton_zero,doc,512,xvd_b1_ton_zero_doc_512,8030,0.84390625,0.8608673348241739,0.96234375,0.27453125,3,3,0,3,0,0,0,3072
ton_zero,enscal,512,xvd_b1_ton_zero_enscal_512,8001,0.835078125,0.854228437964156,0.963125,0.29296875,4,4,4,0,0,0,0,4096
ton_zero,enscal,512,xvd_b1_ton_zero_enscal_512,8002,0.83609375,0.8547284748312619,0.9609375,0.28875,3,3,3,0,0,0,0,3072
ton_zero,enscal,512,xvd_b1_ton_zero_enscal_512,8003,0.836015625,0.8555320087513687,0.96734375,0.2953125,4,4,4,0,0,0,0,4096
ton_zero,enscal,512,xvd_b1_ton_zero_enscal_512,8004,0.834296875,0.8535096344792008,0.961875,0.29328125,3,3,3,0,0,0,0,3072
ton_zero,enscal,512,xvd_b1_ton_zero_enscal_512,8005,0.83375,0.8531914768798324,0.9625,0.295,2,2,2,0,0,0,0,2048
ton_zero,enscal,512,xvd_b1_ton_zero_enscal_512,8006,0.841015625,0.8584640612274548,0.96125,0.27921875,2,2,2,0,0,0,0,2048
ton_zero,enscal,512,xvd_b1_ton_zero_enscal_512,8007,0.833203125,0.8533408936042821,0.96796875,0.3015625,4,4,4,0,0,0,0,4096
ton_zero,enscal,512,xvd_b1_ton_zero_enscal_512,8008,0.840703125,0.8579967441045241,0.9596875,0.27828125,4,4,4,0,0,0,0,4096
ton_zero,enscal,512,xvd_b1_ton_zero_enscal_512,8009,0.83578125,0.8551846780790039,0.9665625,0.295,4,4,4,0,0,0,0,4096
ton_zero,enscal,512,xvd_b1_ton_zero_enscal_512,8010,0.83625,0.8541619887353384,0.95546875,0.28296875,2,2,2,0,0,0,0,2048
ton_zero,enscal,512,xvd_b1_ton_zero_enscal_512,8011,0.830703125,0.8490319002386174,0.949375,0.28796875,2,2,2,0,0,0,0,2048
ton_zero,enscal,512,xvd_b1_ton_zero_enscal_512,8012,0.83984375,0.8578556656820677,0.96375,0.2840625,4,4,4,0,0,0,0,4096
ton_zero,enscal,512,xvd_b1_ton_zero_enscal_512,8013,0.83734375,0.8558559342551572,0.9628125,0.288125,1,1,1,0,0,0,0,1024
ton_zero,enscal,512,xvd_b1_ton_zero_enscal_512,8014,0.83359375,0.8530431858642601,0.9625,0.2953125,4,4,4,0,0,0,0,4096
ton_zero,enscal,512,xvd_b1_ton_zero_enscal_512,8015,0.834609375,0.8538471494758637,0.96359375,0.294375,2,2,2,0,0,0,0,2048
ton_zero,enscal,512,xvd_b1_ton_zero_enscal_512,8016,0.838828125,0.8566544028030981,0.9596875,0.28203125,4,4,4,0,0,0,0,4096
ton_zero,enscal,512,xvd_b1_ton_zero_enscal_512,8017,0.836875,0.8562734197109029,0.96828125,0.29453125,5,5,5,0,0,0,0,5120
ton_zero,enscal,512,xvd_b1_ton_zero_enscal_512,8018,0.837265625,0.8559259961947829,0.963125,0.28859375,4,4,4,0,0,0,0,4096
ton_zero,enscal,512,xvd_b1_ton_zero_enscal_512,8019,0.8296875,0.8500810406549347,0.96359375,0.30421875,3,3,3,0,0,0,0,3072
ton_zero,enscal,512,xvd_b1_ton_zero_enscal_512,8020,0.84890625,0.8636062282386496,0.9515625,0.25375,4,4,4,0,0,0,0,4096
ton_zero,enscal,512,xvd_b1_ton_zero_enscal_512,8021,0.835390625,0.8544086815959069,0.96328125,0.2925,5,5,5,0,0,0,0,5120
ton_zero,enscal,512,xvd_b1_ton_zero_enscal_512,8022,0.840625,0.8590309335720431,0.96796875,0.28671875,2,2,2,0,0,0,0,2048
ton_zero,enscal,512,xvd_b1_ton_zero_enscal_512,8023,0.835234375,0.8544795569000104,0.96375,0.29328125,4,4,4,0,0,0,0,4096
ton_zero,enscal,512,xvd_b1_ton_zero_enscal_512,8024,0.832578125,0.8522260366898492,0.96265625,0.2975,3,3,3,0,0,0,0,3072
ton_zero,enscal,512,xvd_b1_ton_zero_enscal_512,8025,0.845078125,0.8618803540338257,0.96125,0.27109375,7,7,7,0,0,0,0,7168
ton_zero,enscal,512,xvd_b1_ton_zero_enscal_512,8026,0.835625,0.8539606631121569,0.95859375,0.28734375,3,3,3,0,0,0,0,3072
ton_zero,enscal,512,xvd_b1_ton_zero_enscal_512,8027,0.834375,0.8541207808709085,0.96625,0.2975,4,4,4,0,0,0,0,4096
ton_zero,enscal,512,xvd_b1_ton_zero_enscal_512,8028,0.8425,0.8600350628540657,0.9646875,0.2796875,5,5,5,0,0,0,0,5120
ton_zero,enscal,512,xvd_b1_ton_zero_enscal_512,8029,0.839921875,0.8591663217924254,0.97125,0.29140625,4,4,4,0,0,0,0,4096
ton_zero,enscal,512,xvd_b1_ton_zero_enscal_512,8030,0.842265625,0.859611287558176,0.96234375,0.2778125,3,3,3,0,0,0,0,3072
