scenario,policy,candidate_size,arm,seed,ba,attack_f1,attack_recall,fpr,triggers,candidates_trained,commits,rejects,labels_total,labels_probe,labels_candidate,n_resolved_proposals,n_commits_logged,mean_delta_res1,harmful_commits_h1,censored_h1,mean_delta_res3,harmful_commits_h3,censored_h3,mean_delta_res5,harmful_commits_h5,censored_h5,mean_delta_res10,harmful_commits_h10,censored_h10
ps_full,never,n/a,xvd_b2_ps_full_never,7001,0.86796875,0.8569157417686823,,,0,0,0,0,0,0,0,,,,,,,,,,,,,,
ps_full,never,n/a,xvd_b2_ps_full_never,7002,0.869296875,0.8586710242637214,,,0,0,0,0,0,0,0,,,,,,,,,,,,,,
ps_full,never,n/a,xvd_b2_ps_full_never,7003,0.849609375,0.8333516164205348,,,0,0,0,0,0,0,0,,,,,,,,,,,,,,
ps_full,never,n/a,xvd_b2_ps_full_never,7004,0.93296875,0.9314517116492413,,,0,0,0,0,0,0,0,,,,,,,,,,,,,,
ps_full,never,n/a,xvd_b2_ps_full_never,7005,0.846328125,0.8515007808991669,,,0,0,0,0,0,0,0,,,,,,,,,,,,,,
ps_full,never,n/a,xvd_b2_ps_full_never,7006,0.914453125,0.9129416290831258,,,0,0,0,0,0,0,0,,,,,,,,,,,,,,
ps_full,never,n/a,xvd_b2_ps_full_never,7007,0.91328125,0.910927501479061,,,0,0,0,0,0,0,0,,,,,,,,,,,,,,
ps_full,never,n/a,xvd_b2_ps_full_never,7008,0.78875,0.742958925546352,,,0,0,0,0,0,0,0,,,,,,,,,,,,,,
ps_full,never,n/a,xvd_b2_ps_full_never,7009,0.85359375,0.8395366279992956,,,0,0,0,0,0,0,0,,,,,,,,,,,,,,
ps_full,never,n/a,xvd_b2_ps_full_never,7010,0.78703125,0.7423807206780667,,,0,0,0,0,0,0,0,,,,,,,,,,,,,,
ps_full,never,n/a,xvd_b2_ps_full_never,7011,0.934765625,0.934629116095374,,,0,0,0,0,0,0,0,,,,,,,,,,,,,,
ps_full,never,n/a,xvd_b2_ps_full_never,7012,0.917109375,0.9147584892783918,,,0,0,0,0,0,0,0,,,,,,,,,,,,,,
ps_full,never,n/a,xvd_b2_ps_full_never,7013,0.880234375,0.8744241298101915,,,0,0,0,0,0,0,0,,,,,,,,,,,,,,
ps_full,never,n/a,xvd_b2_ps_full_never,7014,0.853828125,0.8664584519638495,,,0,0,0,0,0,0,0,,,,,,,,,,,,,,
ps_full,never,n/a,xvd_b2_ps_full_never,7015,0.787109375,0.7423265261689497,,,0,0,0,0,0,0,0,,,,,,,,,,,,,,
ps_full,never,n/a,xvd_b2_ps_full_never,7016,0.919140625,0.9172534580498855,,,0,0,0,0,0,0,0,,,,,,,,,,,,,,
ps_full,never,n/a,xvd_b2_ps_full_never,7017,0.785859375,0.7381687993251588,,,0,0,0,0,0,0,0,,,,,,,,,,,,,,
ps_full,never,n/a,xvd_b2_ps_full_never,7018,0.783828125,0.7388136133142182,,,0,0,0,0,0,0,0,,,,,,,,,,,,,,
ps_full,never,n/a,xvd_b2_ps_full_never,7019,0.8859375,0.8791455412412862,,,0,0,0,0,0,0,0,,,,,,,,,,,,,,
ps_full,never,n/a,xvd_b2_ps_full_never,7020,0.78390625,0.7369037888117664,,,0,0,0,0,0,0,0,,,,,,,,,,,,,,
ps_full,never,n/a,xvd_b2_ps_full_never,7021,0.786953125,0.7418569442884031,,,0,0,0,0,0,0,0,,,,,,,,,,,,,,
ps_full,never,n/a,xvd_b2_ps_full_never,7022,0.90890625,0.9057296402911423,,,0,0,0,0,0,0,0,,,,,,,,,,,,,,
ps_full,never,n/a,xvd_b2_ps_full_never,7023,0.797421875,0.7564837018750417,,,0,0,0,0,0,0,0,,,,,,,,,,,,,,
ps_full,never,n/a,xvd_b2_ps_full_never,7024,0.7896875,0.7439646999823311,,,0,0,0,0,0,0,0,,,,,,,,,,,,,,
ps_full,never,n/a,xvd_b2_ps_full_never,7025,0.914453125,0.913028099164442,,,0,0,0,0,0,0,0,,,,,,,,,,,,,,
ps_full,never,n/a,xvd_b2_ps_full_never,7026,0.922109375,0.9208518836344234,,,0,0,0,0,0,0,0,,,,,,,,,,,,,,
ps_full,never,n/a,xvd_b2_ps_full_never,7027,0.798046875,0.7569805282281752,,,0,0,0,0,0,0,0,,,,,,,,,,,,,,
ps_full,never,n/a,xvd_b2_ps_full_never,7028,0.90234375,0.8988565767881452,,,0,0,0,0,0,0,0,,,,,,,,,,,,,,
ps_full,never,n/a,xvd_b2_ps_full_never,7029,0.786875,0.7414304324236994,,,0,0,0,0,0,0,0,,,,,,,,,,,,,,
ps_full,never,n/a,xvd_b2_ps_full_never,7030,0.923671875,0.9225160533483501,,,0,0,0,0,0,0,0,,,,,,,,,,,,,,
ps_full,naive,512,xvd_b2_ps_full_naive_512,7001,0.927421875,0.9246832810328219,0.9071875,0.05234375,3,3,3,0,0,0,3072,3.0,3.0,0.0,1.0,0.0,-3.353798720221827e-17,1.0,0.0,0.0031249999999999997,1.0,0.0,0.005468749999999967,1.0,0.0
ps_full,naive,512,xvd_b2_ps_full_naive_512,7002,0.91515625,0.9091347664420725,0.8725,0.0421875,2,2,2,0,0,0,2048,2.0,2.0,-0.01953125,2.0,0.0,-0.0039062499999999996,1.0,0.0,-0.0046875,1.0,0.0,-0.00039062499999995004,1.0,0.0
ps_full,naive,512,xvd_b2_ps_full_naive_512,7003,0.909921875,0.903665102728657,0.8678125,0.04796875,3,3,3,0,0,0,3072,3.0,3.0,0.0,1.0,0.0,-0.008680555555555533,2.0,0.0,-0.0036458333333333672,1.0,0.0,-0.0035156250000000005,1.0,1.0
ps_full,naive,512,xvd_b2_ps_full_naive_512,7004,0.935703125,0.9343474190256538,0.92625,0.05484375,2,2,2,0,0,0,2048,2.0,2.0,-0.01953125,2.0,0.0,-0.015624999999999948,2.0,0.0,-0.0062499999999999,2.0,0.0,-0.0015625,1.0,0.0
ps_full,naive,512,xvd_b2_ps_full_naive_512,7005,0.8984375,0.9004642417301248,0.9128125,0.1159375,1,1,1,0,0,0,1024,1.0,1.0,0.0234375,0.0,0.0,0.046875,0.0,0.0,0.0390625,0.0,0.0,0.04375,0.0,0.0
ps_full,naive,512,xvd_b2_ps_full_naive_512,7006,0.9190625,0.9154364545908681,0.89375,0.055625,3,3,3,0,0,0,3072,3.0,3.0,-0.020833333333333332,1.0,0.0,-0.015625,1.0,0.0,-0.011458333333333334,1.0,0.0,-0.012239583333333333,1.0,0.0
ps_full,naive,512,xvd_b2_ps_full_naive_512,7007,0.920625,0.917015747342306,0.89234375,0.05109375,2,2,2,0,0,0,2048,2.0,2.0,-0.03515625,2.0,0.0,-0.01822916666666665,1.0,0.0,-0.014062499999999999,1.0,0.0,-0.012890625000000001,1.0,0.0
ps_full,naive,512,xvd_b2_ps_full_naive_512,7008,0.921328125,0.9154260969341215,0.891875,0.04921875,2,2,2,0,0,0,2048,2.0,2.0,0.0625,0.0,0.0,0.0494791666666667,1.0,0.0,0.042968749999999944,1.0,0.0,0.05507812499999995,1.0,0.0
ps_full,naive,512,xvd_b2_ps_full_naive_512,7009,0.932734375,0.9308740392621471,0.91625,0.05078125,4,4,4,0,0,0,4096,4.0,4.0,0.00390625,1.0,0.0,-0.01171875,2.0,0.0,-0.007812500000000002,1.0,0.0,0.002148437500000001,1.0,0.0
ps_full,naive,512,xvd_b2_ps_full_naive_512,7010,0.9028125,0.8935019757248753,0.8446875,0.0390625,3,3,3,0,0,0,3072,3.0,3.0,0.0,1.0,0.0,0.013020833333333301,1.0,0.0,0.010937500000000001,1.0,0.0,0.013020833333333334,1.0,0.0
ps_full,naive,512,xvd_b2_ps_full_naive_512,7011,0.93328125,0.931987659202751,0.92140625,0.05484375,3,3,3,0,0,0,3072,3.0,3.0,-0.013020833333333334,2.0,0.0,-0.007812499999999933,2.0,0.0,-0.005208333333333333,2.0,0.0,-0.004687500000000001,2.0,0.0
ps_full,naive,512,xvd_b2_ps_full_naive_512,7012,0.928984375,0.9267729875168338,0.90796875,0.05,3,3,3,0,0,0,3072,3.0,3.0,0.013020833333333334,0.0,0.0,0.0008680555555555334,0.0,0.0,-0.0031250000000000006,2.0,0.0,-0.007291666666666666,3.0,0.0
ps_full,naive,512,xvd_b2_ps_full_naive_512,7013,0.9153125,0.910952541401752,0.88421875,0.05359375,2,2,2,0,0,0,2048,2.0,2.0,-0.01171875,1.0,0.0,-0.01953125,1.0,0.0,-0.01640625,1.0,0.0,-0.00312499999999995,1.0,0.0
ps_full,naive,512,xvd_b2_ps_full_naive_512,7014,0.915625,0.9170901106620069,0.92578125,0.09453125,3,3,3,0,0,0,3072,3.0,3.0,0.010416666666666666,1.0,0.0,-0.0034722222222222667,1.0,0.0,-0.0015624999999999673,1.0,0.0,0.0018229166666666001,1.0,0.0
ps_full,naive,512,xvd_b2_ps_full_naive_512,7015,0.905859375,0.8976663820273822,0.858125,0.04640625,3,3,3,0,0,0,3072,3.0,3.0,0.020833333333333332,1.0,0.0,0.029513888888888933,1.0,0.0,0.0322916666666666,1.0,0.0,0.03359374999999993,1.0,0.0
ps_full,naive,512,xvd_b2_ps_full_naive_512,7016,0.929453125,0.9279994389870414,0.91859375,0.0596875,3,3,3,0,0,0,3072,3.0,3.0,-0.018229166666666668,2.0,0.0,-0.014756944444444434,2.0,0.0,-0.007291666666666668,2.0,0.0,-0.0052083333333333,2.0,0.0
ps_full,naive,512,xvd_b2_ps_full_naive_512,7017,0.90578125,0.8967847311558895,0.85125,0.0396875,3,3,3,0,0,0,3072,3.0,3.0,-0.0026041666666666665,1.0,0.0,0.010416666666666666,1.0,0.0,0.010937500000000001,1.0,0.0,0.017187499999999967,1.0,0.0
ps_full,naive,512,xvd_b2_ps_full_naive_512,7018,0.931328125,0.9281439674290601,0.91109375,0.0484375,3,3,3,0,0,0,3072,3.0,3.0,0.028645833333333332,1.0,0.0,0.026909722222222234,0.0,0.0,0.03281249999999993,0.0,0.0,0.033854166666666595,0.0,0.0
ps_full,naive,512,xvd_b2_ps_full_naive_512,7019,0.926953125,0.9236020471385734,0.9003125,0.04640625,3,3,3,0,0,0,3072,3.0,3.0,-0.026041666666666668,2.0,0.0,-0.006076388888888867,2.0,0.0,-0.0031250000000000344,1.0,0.0,0.0020833333333333333,1.0,0.0
ps_full,naive,512,xvd_b2_ps_full_naive_512,7020,0.918046875,0.911177568582728,0.88015625,0.0440625,3,3,3,0,0,0,3072,3.0,3.0,0.05078125,1.0,1.0,0.0533854166666667,1.0,1.0,0.05781249999999995,1.0,1.0,0.06171874999999995,1.0,1.0
ps_full,naive,512,xvd_b2_ps_full_naive_512,7021,0.898203125,0.8879453114686818,0.8453125,0.04890625,2,2,2,0,0,0,2048,2.0,2.0,0.01171875,0.0,0.0,0.04817708333333325,0.0,0.0,0.04921874999999995,0.0,0.0,0.06015625,0.0,0.0
ps_full,naive,512,xvd_b2_ps_full_naive_512,7022,0.9290625,0.9268292696679457,0.9121875,0.0540625,3,3,3,0,0,0,3072,3.0,3.0,-0.0234375,1.0,1.0,-0.019531249999999948,2.0,1.0,-0.0125,2.0,1.0,-0.005078124999999999,1.0,1.0
ps_full,naive,512,xvd_b2_ps_full_naive_512,7023,0.938984375,0.9362246728026764,0.92859375,0.050625,3,3,3,0,0,0,3072,3.0,3.0,0.049479166666666664,0.0,0.0,0.053819444444444337,0.0,0.0,0.04739583333333333,0.0,0.0,0.04505208333333333,0.0,0.0
ps_full,naive,512,xvd_b2_ps_full_naive_512,7024,0.92625,0.9216923531960312,0.8959375,0.0434375,3,3,3,0,0,0,3072,3.0,3.0,0.020833333333333332,2.0,0.0,0.020833333333333367,2.0,0.0,0.02395833333333333,1.0,0.0,0.0302083333333333,1.0,0.0
ps_full,naive,512,xvd_b2_ps_full_naive_512,7025,0.928046875,0.9266909258815725,0.91875,0.06265625,2,2,2,0,0,0,2048,2.0,2.0,0.01171875,0.0,0.0,-0.01171874999999995,1.0,0.0,-0.01249999999999995,1.0,0.0,-0.005859375,1.0,0.0
ps_full,naive,512,xvd_b2_ps_full_naive_512,7026,0.929453125,0.9281830257488157,0.9203125,0.06140625,3,3,3,0,0,0,3072,3.0,3.0,-0.005208333333333333,1.0,0.0,0.0034722222222222,0.0,0.0,0.0010416666666667,2.0,0.0,0.0019531249999999501,0.0,1.0
ps_full,naive,512,xvd_b2_ps_full_naive_512,7027,0.93140625,0.9285675368326811,0.909375,0.0465625,3,3,3,0,0,0,3072,3.0,3.0,-0.0026041666666666665,2.0,0.0,0.0026041666666667324,2.0,0.0,0.008333333333333331,1.0,0.0,0.01796875,1.0,0.0
ps_full,naive,512,xvd_b2_ps_full_naive_512,7028,0.93109375,0.9304712845963707,0.92921875,0.06703125,3,3,3,0,0,0,3072,3.0,3.0,0.005208333333333333,0.0,0.0,0.008680555555555533,0.0,0.0,0.0036458333333332336,0.0,0.0,0.005729166666666667,0.0,0.0
ps_full,naive,512,xvd_b2_ps_full_naive_512,7029,0.923125,0.9173464245868869,0.8875,0.04125,3,3,3,0,0,0,3072,3.0,3.0,0.036458333333333336,1.0,0.0,0.0286458333333333,1.0,0.0,0.034374999999999996,1.0,0.0,0.044270833333333336,1.0,0.0
ps_full,naive,512,xvd_b2_ps_full_naive_512,7030,0.927890625,0.9260084405807274,0.915625,0.05984375,2,2,2,0,0,0,2048,2.0,2.0,-0.01953125,1.0,0.0,-0.00390625,1.0,0.0,-0.00468750000000005,1.0,0.0,-0.00468750000000005,1.0,0.0
ps_full,naive,2000,xvd_b2_ps_full_naive_2000,7001,0.92921875,0.9263065148192404,0.9078125,0.049375,3,3,3,0,0,0,12000,3.0,3.0,0.0,1.0,0.0,-0.0052083333333333,2.0,0.0,-0.0031250000000000006,2.0,0.0,0.0026041666666666674,2.0,0.0
ps_full,naive,2000,xvd_b2_ps_full_naive_2000,7002,0.91671875,0.9106689550129196,0.8728125,0.039375,2,2,2,0,0,0,8000,2.0,2.0,-0.01953125,2.0,0.0,-0.00260416666666665,1.0,0.0,-0.003125,1.0,0.0,0.0019531249999999501,0.0,0.0
ps_full,naive,2000,xvd_b2_ps_full_naive_2000,7003,0.93140625,0.927874248651447,0.90484375,0.04203125,3,3,3,0,0,0,12000,3.0,3.0,0.020833333333333332,1.0,0.0,0.012152777777777799,1.0,0.0,0.016666666666666632,1.0,0.0,0.0234375,1.0,1.0
ps_full,naive,2000,xvd_b2_ps_full_naive_2000,7004,0.941171875,0.9393831467046695,0.92609375,0.04375,2,2,2,0,0,0,8000,2.0,2.0,-0.01953125,2.0,0.0,-0.01171874999999995,2.0,0.0,-0.00546875,1.0,0.0,0.0019531249999999497,1.0,0.0
ps_full,naive,2000,xvd_b2_ps_full_naive_2000,7005,0.90171875,0.9036943241195857,0.914375,0.1109375,1,1,1,0,0,0,4000,1.0,1.0,0.0390625,0.0,0.0,0.0572916666666666,0.0,0.0,0.0484375,0.0,0.0,0.0515625,0.0,0.0
ps_full,naive,2000,xvd_b2_ps_full_naive_2000,7006,0.93859375,0.9366102589750759,0.9215625,0.044375,3,3,3,0,0,0,12000,3.0,3.0,-0.010416666666666666,2.0,0.0,0.0034722222222222,1.0,0.0,0.003125000000000001,1.0,0.0,0.0041666666666667,1.0,0.0
ps_full,naive,2000,xvd_b2_ps_full_naive_2000,7007,0.934140625,0.9319692159769817,0.91640625,0.048125,2,2,2,0,0,0,8000,2.0,2.0,0.0078125,1.0,0.0,0.005208333333333299,1.0,0.0,0.0078125,0.0,0.0,0.012109375,0.0,0.0
ps_full,naive,2000,xvd_b2_ps_full_naive_2000,7008,0.925703125,0.9196108971990091,0.89203125,0.040625,2,2,2,0,0,0,8000,2.0,2.0,0.05859375,1.0,0.0,0.04817708333333335,1.0,0.0,0.04453125,1.0,0.0,0.056640625,1.0,0.0
ps_full,naive,2000,xvd_b2_ps_full_naive_2000,7009,0.93984375,0.9378566624754511,0.920625,0.0409375,4,4,4,0,0,0,16000,4.0,4.0,0.0,1.0,0.0,-0.0013020833333333007,1.0,0.0,0.000781249999999999,1.0,0.0,0.006249999999999976,1.0,0.0
ps_full,naive,2000,xvd_b2_ps_full_naive_2000,7010,0.9071875,0.897982668560217,0.84953125,0.03515625,3,3,3,0,0,0,12000,3.0,3.0,0.010416666666666666,0.0,0.0,0.017361111111111098,1.0,0.0,0.016145833333333335,1.0,0.0,0.018749999999999965,1.0,0.0
ps_full,naive,2000,xvd_b2_ps_full_naive_2000,7011,0.937109375,0.9355558891615224,0.92171875,0.0475,3,3,3,0,0,0,12000,3.0,3.0,-0.013020833333333334,2.0,0.0,-0.006944444444444399,2.0,0.0,-0.0026041666666666665,2.0,0.0,-0.0028645833333333665,2.0,0.0
ps_full,naive,2000,xvd_b2_ps_full_naive_2000,7012,0.934453125,0.931999162504668,0.9109375,0.04203125,3,3,3,0,0,0,12000,3.0,3.0,0.0026041666666666665,0.0,0.0,0.0008680555555555331,2.0,0.0,-0.0010416666666666333,2.0,0.0,-0.004687500000000033,2.0,0.0
ps_full,naive,2000,xvd_b2_ps_full_naive_2000,7013,0.917890625,0.9134575662231716,0.88515625,0.049375,2,2,2,0,0,0,8000,2.0,2.0,-0.0078125,1.0,0.0,-0.01302083333333335,1.0,0.0,-0.01015625000000005,1.0,0.0,0.0,1.0,0.0
ps_full,naive,2000,xvd_b2_ps_full_naive_2000,7014,0.920859375,0.9222023604478627,0.92671875,0.085,3,3,3,0,0,0,12000,3.0,3.0,0.010416666666666666,1.0,0.0,-0.0026041666666666657,1.0,0.0,-5.782411586589357e-19,1.0,0.0,0.003124999999999966,1.0,0.0
ps_full,naive,2000,xvd_b2_ps_full_naive_2000,7015,0.92125,0.9147384714227494,0.88421875,0.04171875,3,3,3,0,0,0,12000,3.0,3.0,0.026041666666666668,1.0,0.0,0.046874999999999924,1.0,0.0,0.05260416666666664,0.0,0.0,0.05312499999999997,1.0,0.0
ps_full,naive,2000,xvd_b2_ps_full_naive_2000,7016,0.93703125,0.9351524447369063,0.91875,0.0446875,3,3,3,0,0,0,12000,3.0,3.0,-0.0078125,1.0,0.0,-0.011284722222222201,1.0,0.0,-0.0036458333333334,1.0,0.0,-0.001302083333333333,1.0,0.0
ps_full,naive,2000,xvd_b2_ps_full_naive_2000,7017,0.925234375,0.9192560032980234,0.885625,0.03515625,3,3,3,0,0,0,12000,3.0,3.0,0.020833333333333332,1.0,0.0,0.026909722222222168,1.0,0.0,0.032812499999999994,1.0,0.0,0.03723958333333336,1.0,0.0
ps_full,naive,2000,xvd_b2_ps_full_naive_2000,7018,0.923515625,0.919001188157645,0.889375,0.04234375,3,3,3,0,0,0,12000,3.0,3.0,0.013020833333333334,1.0,0.0,0.014756944444444467,2.0,0.0,0.014583333333333335,1.0,0.0,0.016145833333333266,1.0,0.0
ps_full,naive,2000,xvd_b2_ps_full_naive_2000,7019,0.929609375,0.9260923619761783,0.9003125,0.04109375,3,3,3,0,0,0,12000,3.0,3.0,-0.020833333333333332,1.0,0.0,-0.006076388888888899,1.0,0.0,-0.0041666666666667325,1.0,0.0,0.0026041666666666336,2.0,0.0
ps_full,naive,2000,xvd_b2_ps_full_naive_2000,7020,0.9209375,0.9140143123366608,0.881875,0.04,3,3,3,0,0,0,12000,3.0,3.0,0.05859375,1.0,1.0,0.06119791666666665,1.0,1.0,0.060937500000000006,1.0,1.0,0.061718750000000044,1.0,1.0
ps_full,naive,2000,xvd_b2_ps_full_naive_2000,7021,0.901640625,0.8911504558839239,0.84484375,0.0415625,2,2,2,0,0,0,8000,2.0,2.0,0.015625,0.0,0.0,0.05338541666666665,0.0,0.0,0.0515624999999999,0.0,0.0,0.0640625,0.0,0.0
ps_full,naive,2000,xvd_b2_ps_full_naive_2000,7022,0.9228125,0.9180760605039902,0.8859375,0.0403125,3,3,3,0,0,0,12000,3.0,3.0,-0.015625,1.0,1.0,-0.02343749999999995,2.0,1.0,-0.02421874999999995,1.0,1.0,-0.01796875,1.0,1.0
ps_full,naive,2000,xvd_b2_ps_full_naive_2000,7023,0.9271875,0.9226844066992864,0.89328125,0.03890625,3,3,3,0,0,0,12000,3.0,3.0,0.0026041666666666665,1.0,0.0,0.0138888888888889,1.0,0.0,0.0135416666666667,1.0,0.0,0.014322916666666631,1.0,0.0
ps_full,naive,2000,xvd_b2_ps_full_naive_2000,7024,0.92890625,0.9243326955619645,0.8984375,0.040625,3,3,3,0,0,0,12000,3.0,3.0,0.0234375,1.0,0.0,0.028645833333333332,1.0,0.0,0.030208333333333264,1.0,0.0,0.03359375000000003,1.0,0.0
ps_full,naive,2000,xvd_b2_ps_full_naive_2000,7025,0.935234375,0.9334378857811331,0.9184375,0.04796875,2,2,2,0,0,0,8000,2.0,2.0,0.0,1.0,0.0,-0.0091145833333333,1.0,0.0,-0.01171875,1.0,0.0,-0.0035156250000000014,1.0,0.0
ps_full,naive,2000,xvd_b2_ps_full_naive_2000,7026,0.932265625,0.9308690827057798,0.92171875,0.0571875,3,3,3,0,0,0,12000,3.0,3.0,-0.013020833333333334,2.0,0.0,0.005208333333333333,1.0,0.0,0.0010416666666666335,1.0,0.0,0.001953125,1.0,1.0
ps_full,naive,2000,xvd_b2_ps_full_naive_2000,7027,0.940546875,0.9378073785797776,0.9203125,0.03921875,3,3,3,0,0,0,12000,3.0,3.0,-0.010416666666666666,2.0,0.0,0.0026041666666667003,2.0,0.0,0.0078125,2.0,0.0,0.018229166666666703,2.0,0.0
ps_full,naive,2000,xvd_b2_ps_full_naive_2000,7028,0.93625,0.9345224065734682,0.9215625,0.0490625,3,3,3,0,0,0,12000,3.0,3.0,-0.0078125,2.0,0.0,0.0052083333333333,0.0,0.0,0.0062499999999999665,1.0,0.0,0.0070312499999999655,0.0,0.0
ps_full,naive,2000,xvd_b2_ps_full_naive_2000,7029,0.92484375,0.9189949181727581,0.8890625,0.039375,3,3,3,0,0,0,12000,3.0,3.0,0.0390625,1.0,0.0,0.0329861111111111,1.0,0.0,0.040625,1.0,0.0,0.04713541666666666,1.0,0.0
ps_full,naive,2000,xvd_b2_ps_full_naive_2000,7030,0.93234375,0.9302120859816962,0.9159375,0.05125,2,2,2,0,0,0,8000,2.0,2.0,-0.0234375,1.0,0.0,-0.00390625000000005,1.0,0.0,-0.003906250000000001,1.0,0.0,-0.0015624999999999997,1.0,0.0
ps_full,point,512,xvd_b2_ps_full_point_512,7001,0.927421875,0.9246832810328219,0.9071875,0.05234375,3,3,3,0,96,96,3072,3.0,3.0,0.0,1.0,0.0,-3.353798720221827e-17,1.0,0.0,0.0031249999999999997,1.0,0.0,0.005468749999999967,1.0,0.0
ps_full,point,512,xvd_b2_ps_full_point_512,7002,0.91515625,0.9091347664420725,0.8725,0.0421875,2,2,2,0,64,64,2048,2.0,2.0,-0.01953125,2.0,0.0,-0.0039062499999999996,1.0,0.0,-0.0046875,1.0,0.0,-0.00039062499999995004,1.0,0.0
ps_full,point,512,xvd_b2_ps_full_point_512,7003,0.909921875,0.903665102728657,0.8678125,0.04796875,3,3,3,0,96,96,3072,3.0,3.0,0.0,1.0,0.0,-0.008680555555555533,2.0,0.0,-0.0036458333333333672,1.0,0.0,-0.0035156250000000005,1.0,1.0
ps_full,point,512,xvd_b2_ps_full_point_512,7004,0.935703125,0.9343474190256538,0.92625,0.05484375,2,2,2,0,64,64,2048,2.0,2.0,-0.01953125,2.0,0.0,-0.015624999999999948,2.0,0.0,-0.0062499999999999,2.0,0.0,-0.0015625,1.0,0.0
ps_full,point,512,xvd_b2_ps_full_point_512,7005,0.8984375,0.9004642417301248,0.9128125,0.1159375,1,1,1,0,32,32,1024,1.0,1.0,0.0234375,0.0,0.0,0.046875,0.0,0.0,0.0390625,0.0,0.0,0.04375,0.0,0.0
ps_full,point,512,xvd_b2_ps_full_point_512,7006,0.9190625,0.9154364545908681,0.89375,0.055625,3,3,3,0,96,96,3072,3.0,3.0,-0.020833333333333332,1.0,0.0,-0.015625,1.0,0.0,-0.011458333333333334,1.0,0.0,-0.012239583333333333,1.0,0.0
ps_full,point,512,xvd_b2_ps_full_point_512,7007,0.918984375,0.9155110142455649,0.8934375,0.05546875,3,3,2,1,96,96,3072,3.0,2.0,-0.015625,1.0,0.0,-0.00911458333333335,1.0,0.0,-0.007812499999999948,1.0,0.0,-0.007031250000000051,1.0,0.0
ps_full,point,512,xvd_b2_ps_full_point_512,7008,0.921328125,0.9154260969341215,0.891875,0.04921875,2,2,2,0,64,64,2048,2.0,2.0,0.0625,0.0,0.0,0.0494791666666667,1.0,0.0,0.042968749999999944,1.0,0.0,0.05507812499999995,1.0,0.0
ps_full,point,512,xvd_b2_ps_full_point_512,7009,0.925,0.9218866793373285,0.90265625,0.05265625,4,4,3,1,128,128,4096,4.0,3.0,0.0,1.0,0.0,0.013020833333333336,1.0,0.0,0.0104166666666666,1.0,0.0,0.012109375000000002,1.0,1.0
ps_full,point,512,xvd_b2_ps_full_point_512,7010,0.9021875,0.8929067968396764,0.8453125,0.0409375,4,4,3,1,128,128,4096,4.0,3.0,0.0,1.0,0.0,0.013020833333333268,1.0,0.0,0.01328125,1.0,1.0,0.0171875,1.0,1.0
ps_full,point,512,xvd_b2_ps_full_point_512,7011,0.93328125,0.931987659202751,0.92140625,0.05484375,3,3,3,0,96,96,3072,3.0,3.0,-0.013020833333333334,2.0,0.0,-0.007812499999999933,2.0,0.0,-0.005208333333333333,2.0,0.0,-0.004687500000000001,2.0,0.0
ps_full,point,512,xvd_b2_ps_full_point_512,7012,0.928984375,0.9267729875168338,0.90796875,0.05,3,3,3,0,96,96,3072,3.0,3.0,0.013020833333333334,0.0,0.0,0.0008680555555555334,0.0,0.0,-0.0031250000000000006,2.0,0.0,-0.007291666666666666,3.0,0.0
ps_full,point,512,xvd_b2_ps_full_point_512,7013,0.914453125,0.9101492569493359,0.88421875,0.0553125,3,3,2,1,96,96,3072,3.0,2.0,-0.0234375,1.0,0.0,-0.01822916666666665,1.0,0.0,-0.01328125000000005,1.0,0.0,0.0,1.0,0.0
ps_full,point,512,xvd_b2_ps_full_point_512,7014,0.915625,0.9170901106620069,0.92578125,0.09453125,3,3,3,0,96,96,3072,3.0,3.0,0.010416666666666666,1.0,0.0,-0.0034722222222222667,1.0,0.0,-0.0015624999999999673,1.0,0.0,0.0018229166666666001,1.0,0.0
ps_full,point,512,xvd_b2_ps_full_point_512,7015,0.905859375,0.8976663820273822,0.858125,0.04640625,3,3,3,0,96,96,3072,3.0,3.0,0.020833333333333332,1.0,0.0,0.029513888888888933,1.0,0.0,0.0322916666666666,1.0,0.0,0.03359374999999993,1.0,0.0
ps_full,point,512,xvd_b2_ps_full_point_512,7016,0.927578125,0.9256638584377257,0.91203125,0.056875,5,5,2,3,160,160,5120,5.0,2.0,0.01953125,0.0,0.0,0.0130208333333334,1.0,0.0,0.0125,1.0,0.0,0.00859375,1.0,0.0
ps_full,point,512,xvd_b2_ps_full_point_512,7017,0.90578125,0.8967847311558895,0.85125,0.0396875,3,3,3,0,96,96,3072,3.0,3.0,-0.0026041666666666665,1.0,0.0,0.010416666666666666,1.0,0.0,0.010937500000000001,1.0,0.0,0.017187499999999967,1.0,0.0
ps_full,point,512,xvd_b2_ps_full_point_512,7018,0.931328125,0.9281439674290601,0.91109375,0.0484375,3,3,3,0,96,96,3072,3.0,3.0,0.028645833333333332,1.0,0.0,0.026909722222222234,0.0,0.0,0.03281249999999993,0.0,0.0,0.033854166666666595,0.0,0.0
ps_full,point,512,xvd_b2_ps_full_point_512,7019,0.926484375,0.9238181346790064,0.90859375,0.055625,3,3,2,1,96,96,3072,3.0,2.0,-0.0234375,2.0,0.0,-0.0065104166666666505,2.0,0.0,-0.0007812499999999998,1.0,0.0,0.00625,1.0,0.0
ps_full,point,512,xvd_b2_ps_full_point_512,7020,0.918046875,0.911177568582728,0.88015625,0.0440625,3,3,3,0,96,96,3072,3.0,3.0,0.05078125,1.0,1.0,0.0533854166666667,1.0,1.0,0.05781249999999995,1.0,1.0,0.06171874999999995,1.0,1.0
ps_full,point,512,xvd_b2_ps_full_point_512,7021,0.898203125,0.8879453114686818,0.8453125,0.04890625,2,2,2,0,64,64,2048,2.0,2.0,0.01171875,0.0,0.0,0.04817708333333325,0.0,0.0,0.04921874999999995,0.0,0.0,0.06015625,0.0,0.0
ps_full,point,512,xvd_b2_ps_full_point_512,7022,0.9290625,0.9268292696679457,0.9121875,0.0540625,3,3,3,0,96,96,3072,3.0,3.0,-0.0234375,1.0,1.0,-0.019531249999999948,2.0,1.0,-0.0125,2.0,1.0,-0.005078124999999999,1.0,1.0
ps_full,point,512,xvd_b2_ps_full_point_512,7023,0.930625,0.9276140898295718,0.91515625,0.05390625,4,4,3,1,128,128,4096,4.0,3.0,0.026041666666666668,1.0,0.0,0.0390625,1.0,0.0,0.040625,1.0,1.0,0.04375000000000005,1.0,1.0
ps_full,point,512,xvd_b2_ps_full_point_512,7024,0.92703125,0.9229287230211247,0.90515625,0.05109375,3,3,2,1,96,96,3072,3.0,2.0,0.04296875,1.0,0.0,0.0546875,0.0,0.0,0.0554687499999999,0.0,0.0,0.06015624999999995,0.0,0.0
ps_full,point,512,xvd_b2_ps_full_point_512,7025,0.928046875,0.9266909258815725,0.91875,0.06265625,2,2,2,0,64,64,2048,2.0,2.0,0.01171875,0.0,0.0,-0.01171874999999995,1.0,0.0,-0.01249999999999995,1.0,0.0,-0.005859375,1.0,0.0
ps_full,point,512,xvd_b2_ps_full_point_512,7026,0.929453125,0.9285200816122418,0.92515625,0.06625,3,3,2,1,96,96,3072,3.0,2.0,0.00390625,1.0,0.0,0.01822916666666665,0.0,0.0,0.01640625000000005,1.0,0.0,0.01874999999999995,0.0,0.0
ps_full,point,512,xvd_b2_ps_full_point_512,7027,0.93140625,0.9285675368326811,0.909375,0.0465625,3,3,3,0,96,96,3072,3.0,3.0,-0.0026041666666666665,2.0,0.0,0.0026041666666667324,2.0,0.0,0.008333333333333331,1.0,0.0,0.01796875,1.0,0.0
ps_full,point,512,xvd_b2_ps_full_point_512,7028,0.93109375,0.9304712845963707,0.92921875,0.06703125,3,3,3,0,96,96,3072,3.0,3.0,0.005208333333333333,0.0,0.0,0.008680555555555533,0.0,0.0,0.0036458333333332336,0.0,0.0,0.005729166666666667,0.0,0.0
ps_full,point,512,xvd_b2_ps_full_point_512,7029,0.924296875,0.9186762792225275,0.89234375,0.04375,3,3,2,1,96,96,3072,3.0,2.0,0.0703125,0.0,0.0,0.06380208333333326,0.0,0.0,0.071875,0.0,0.0,0.077734375,0.0,0.0
ps_full,point,512,xvd_b2_ps_full_point_512,7030,0.927890625,0.9260084405807274,0.915625,0.05984375,2,2,2,0,64,64,2048,2.0,2.0,-0.01953125,1.0,0.0,-0.00390625,1.0,0.0,-0.00468750000000005,1.0,0.0,-0.00468750000000005,1.0,0.0
ps_full,point,2000,xvd_b2_ps_full_point_2000,7001,0.92921875,0.9263065148192404,0.9078125,0.049375,3,3,3,0,96,96,12000,3.0,3.0,0.0,1.0,0.0,-0.0052083333333333,2.0,0.0,-0.0031250000000000006,2.0,0.0,0.0026041666666666674,2.0,0.0
ps_full,point,2000,xvd_b2_ps_full_point_2000,7002,0.91671875,0.9106689550129196,0.8728125,0.039375,2,2,2,0,64,64,8000,2.0,2.0,-0.01953125,2.0,0.0,-0.00260416666666665,1.0,0.0,-0.003125,1.0,0.0,0.0019531249999999501,0.0,0.0
ps_full,point,2000,xvd_b2_ps_full_point_2000,7003,0.93140625,0.927874248651447,0.90484375,0.04203125,3,3,3,0,96,96,12000,3.0,3.0,0.020833333333333332,1.0,0.0,0.012152777777777799,1.0,0.0,0.016666666666666632,1.0,0.0,0.0234375,1.0,1.0
ps_full,point,2000,xvd_b2_ps_full_point_2000,7004,0.941171875,0.9393831467046695,0.92609375,0.04375,2,2,2,0,64,64,8000,2.0,2.0,-0.01953125,2.0,0.0,-0.01171874999999995,2.0,0.0,-0.00546875,1.0,0.0,0.0019531249999999497,1.0,0.0
ps_full,point,2000,xvd_b2_ps_full_point_2000,7005,0.90171875,0.9036943241195857,0.914375,0.1109375,1,1,1,0,32,32,4000,1.0,1.0,0.0390625,0.0,0.0,0.0572916666666666,0.0,0.0,0.0484375,0.0,0.0,0.0515625,0.0,0.0
ps_full,point,2000,xvd_b2_ps_full_point_2000,7006,0.93859375,0.9366102589750759,0.9215625,0.044375,3,3,3,0,96,96,12000,3.0,3.0,-0.010416666666666666,2.0,0.0,0.0034722222222222,1.0,0.0,0.003125000000000001,1.0,0.0,0.0041666666666667,1.0,0.0
ps_full,point,2000,xvd_b2_ps_full_point_2000,7007,0.934140625,0.9319692159769817,0.91640625,0.048125,2,2,2,0,64,64,8000,2.0,2.0,0.0078125,1.0,0.0,0.005208333333333299,1.0,0.0,0.0078125,0.0,0.0,0.012109375,0.0,0.0
ps_full,point,2000,xvd_b2_ps_full_point_2000,7008,0.925703125,0.9196108971990091,0.89203125,0.040625,2,2,2,0,64,64,8000,2.0,2.0,0.05859375,1.0,0.0,0.04817708333333335,1.0,0.0,0.04453125,1.0,0.0,0.056640625,1.0,0.0
ps_full,point,2000,xvd_b2_ps_full_point_2000,7009,0.93984375,0.9378566624754511,0.920625,0.0409375,4,4,4,0,128,128,16000,4.0,4.0,0.0,1.0,0.0,-0.0013020833333333007,1.0,0.0,0.000781249999999999,1.0,0.0,0.006249999999999976,1.0,0.0
ps_full,point,2000,xvd_b2_ps_full_point_2000,7010,0.9071875,0.897982668560217,0.84953125,0.03515625,3,3,3,0,96,96,12000,3.0,3.0,0.010416666666666666,0.0,0.0,0.017361111111111098,1.0,0.0,0.016145833333333335,1.0,0.0,0.018749999999999965,1.0,0.0
ps_full,point,2000,xvd_b2_ps_full_point_2000,7011,0.937109375,0.9355558891615224,0.92171875,0.0475,3,3,3,0,96,96,12000,3.0,3.0,-0.013020833333333334,2.0,0.0,-0.006944444444444399,2.0,0.0,-0.0026041666666666665,2.0,0.0,-0.0028645833333333665,2.0,0.0
ps_full,point,2000,xvd_b2_ps_full_point_2000,7012,0.934453125,0.931999162504668,0.9109375,0.04203125,3,3,3,0,96,96,12000,3.0,3.0,0.0026041666666666665,0.0,0.0,0.0008680555555555331,2.0,0.0,-0.0010416666666666333,2.0,0.0,-0.004687500000000033,2.0,0.0
ps_full,point,2000,xvd_b2_ps_full_point_2000,7013,0.917890625,0.9134575662231716,0.88515625,0.049375,2,2,2,0,64,64,8000,2.0,2.0,-0.0078125,1.0,0.0,-0.01302083333333335,1.0,0.0,-0.01015625000000005,1.0,0.0,0.0,1.0,0.0
ps_full,point,2000,xvd_b2_ps_full_point_2000,7014,0.920859375,0.9222023604478627,0.92671875,0.085,3,3,3,0,96,96,12000,3.0,3.0,0.010416666666666666,1.0,0.0,-0.0026041666666666657,1.0,0.0,-5.782411586589357e-19,1.0,0.0,0.003124999999999966,1.0,0.0
ps_full,point,2000,xvd_b2_ps_full_point_2000,7015,0.92125,0.9147384714227494,0.88421875,0.04171875,3,3,3,0,96,96,12000,3.0,3.0,0.026041666666666668,1.0,0.0,0.046874999999999924,1.0,0.0,0.05260416666666664,0.0,0.0,0.05312499999999997,1.0,0.0
ps_full,point,2000,xvd_b2_ps_full_point_2000,7016,0.937421875,0.9360333179695718,0.92609375,0.05125,4,4,3,1,128,128,16000,4.0,3.0,-0.01953125,1.0,1.0,-0.0169270833333333,1.0,1.0,-0.00468750000000005,1.0,1.0,0.0015625,1.0,1.0
ps_full,point,2000,xvd_b2_ps_full_point_2000,7017,0.925234375,0.9192560032980234,0.885625,0.03515625,3,3,3,0,96,96,12000,3.0,3.0,0.020833333333333332,1.0,0.0,0.026909722222222168,1.0,0.0,0.032812499999999994,1.0,0.0,0.03723958333333336,1.0,0.0
ps_full,point,2000,xvd_b2_ps_full_point_2000,7018,0.923515625,0.919001188157645,0.889375,0.04234375,3,3,3,0,96,96,12000,3.0,3.0,0.013020833333333334,1.0,0.0,0.014756944444444467,2.0,0.0,0.014583333333333335,1.0,0.0,0.016145833333333266,1.0,0.0
ps_full,point,2000,xvd_b2_ps_full_point_2000,7019,0.929609375,0.9260923619761783,0.9003125,0.04109375,3,3,3,0,96,96,12000,3.0,3.0,-0.020833333333333332,1.0,0.0,-0.006076388888888899,1.0,0.0,-0.0041666666666667325,1.0,0.0,0.0026041666666666336,2.0,0.0
ps_full,point,2000,xvd_b2_ps_full_point_2000,7020,0.922734375,0.9158950815899515,0.88578125,0.0403125,3,3,2,1,96,96,12000,3.0,2.0,0.07421875,0.0,0.0,0.07682291666666664,0.0,0.0,0.07578124999999995,0.0,0.0,0.07460937499999995,0.0,0.0
ps_full,point,2000,xvd_b2_ps_full_point_2000,7021,0.901640625,0.8911504558839239,0.84484375,0.0415625,2,2,2,0,64,64,8000,2.0,2.0,0.015625,0.0,0.0,0.05338541666666665,0.0,0.0,0.0515624999999999,0.0,0.0,0.0640625,0.0,0.0
ps_full,point,2000,xvd_b2_ps_full_point_2000,7022,0.9228125,0.9180760605039902,0.8859375,0.0403125,3,3,3,0,96,96,12000,3.0,3.0,-0.015625,1.0,1.0,-0.02343749999999995,2.0,1.0,-0.02421874999999995,1.0,1.0,-0.01796875,1.0,1.0
ps_full,point,2000,xvd_b2_ps_full_point_2000,7023,0.929609375,0.9259894510873461,0.90484375,0.045625,4,4,3,1,128,128,16000,4.0,3.0,0.026041666666666668,1.0,0.0,0.03125,1.0,0.0,0.03671875,1.0,1.0,0.03984375,1.0,1.0
ps_full,point,2000,xvd_b2_ps_full_point_2000,7024,0.92890625,0.9243326955619645,0.8984375,0.040625,3,3,3,0,96,96,12000,3.0,3.0,0.0234375,1.0,0.0,0.028645833333333332,1.0,0.0,0.030208333333333264,1.0,0.0,0.03359375000000003,1.0,0.0
ps_full,point,2000,xvd_b2_ps_full_point_2000,7025,0.93640625,0.9351490555258344,0.92828125,0.05546875,3,3,2,1,96,96,12000,3.0,2.0,-0.00390625,1.0,0.0,-0.00390625,1.0,0.0,-0.005468749999999949,1.0,0.0,0.001562500000000049,1.0,0.0
ps_full,point,2000,xvd_b2_ps_full_point_2000,7026,0.932265625,0.9308690827057798,0.92171875,0.0571875,3,3,3,0,96,96,12000,3.0,3.0,-0.013020833333333334,2.0,0.0,0.005208333333333333,1.0,0.0,0.0010416666666666335,1.0,0.0,0.001953125,1.0,1.0
ps_full,point,2000,xvd_b2_ps_full_point_2000,7027,0.940546875,0.9378073785797776,0.9203125,0.03921875,3,3,3,0,96,96,12000,3.0,3.0,-0.010416666666666666,2.0,0.0,0.0026041666666667003,2.0,0.0,0.0078125,2.0,0.0,0.018229166666666703,2.0,0.0
ps_full,point,2000,xvd_b2_ps_full_point_2000,7028,0.93625,0.9345224065734682,0.9215625,0.0490625,3,3,3,0,96,96,12000,3.0,3.0,-0.0078125,2.0,0.0,0.0052083333333333,0.0,0.0,0.0062499999999999665,1.0,0.0,0.0070312499999999655,0.0,0.0
ps_full,point,2000,xvd_b2_ps_full_point_2000,7029,0.92484375,0.9189949181727581,0.8890625,0.039375,3,3,3,0,96,96,12000,3.0,3.0,0.0390625,1.0,0.0,0.0329861111111111,1.0,0.0,0.040625,1.0,0.0,0.04713541666666666,1.0,0.0
ps_full,point,2000,xvd_b2_ps_full_point_2000,7030,0.93234375,0.9302120859816962,0.9159375,0.05125,2,2,2,0,64,64,8000,2.0,2.0,-0.0234375,1.0,0.0,-0.00390625000000005,1.0,0.0,-0.003906250000000001,1.0,0.0,-0.0015624999999999997,1.0,0.0
ps_full,strict,512,xvd_b2_ps_full_strict_512,7001,0.93,0.9266693205611933,0.9090625,0.0490625,5,5,2,3,160,160,5120,5.0,2.0,0.0234375,0.0,0.0,0.01822916666666665,0.0,0.0,0.0249999999999999,0.0,0.0,0.029687500000000002,0.0,0.0
ps_full,strict,512,xvd_b2_ps_full_strict_512,7002,0.913515625,0.9075460882277393,0.8721875,0.04515625,4,4,1,3,128,128,4096,4.0,1.0,-0.0234375,1.0,0.0,-0.0130208333333333,1.0,0.0,-0.0109375,1.0,0.0,-0.0023437499999999,1.0,0.0
ps_full,strict,512,xvd_b2_ps_full_strict_512,7003,0.90921875,0.9029850210772876,0.8678125,0.049375,3,3,2,1,96,96,3072,3.0,2.0,-0.00390625,1.0,0.0,-0.018229166666666602,2.0,0.0,-0.0125,1.0,0.0,-0.0035156250000000005,1.0,0.0
ps_full,strict,512,xvd_b2_ps_full_strict_512,7004,0.935703125,0.9343474190256538,0.92625,0.05484375,2,2,2,0,64,64,2048,2.0,2.0,-0.01953125,2.0,0.0,-0.015624999999999948,2.0,0.0,-0.0062499999999999,2.0,0.0,-0.0015625,1.0,0.0
ps_full,strict,512,xvd_b2_ps_full_strict_512,7005,0.8984375,0.9004642417301248,0.9128125,0.1159375,1,1,1,0,32,32,1024,1.0,1.0,0.0234375,0.0,0.0,0.046875,0.0,0.0,0.0390625,0.0,0.0,0.04375,0.0,0.0
ps_full,strict,512,xvd_b2_ps_full_strict_512,7006,0.916875,0.9133339110610662,0.893125,0.059375,3,3,2,1,96,96,3072,3.0,2.0,-0.03125,1.0,0.0,-0.03385416666666665,1.0,0.0,-0.0265625,1.0,0.0,-0.02773437499999995,1.0,0.0
ps_full,strict,512,xvd_b2_ps_full_strict_512,7007,0.927578125,0.9248135639950246,0.90296875,0.0478125,3,3,2,1,96,96,3072,3.0,2.0,0.00390625,1.0,0.0,-0.00260416666666665,1.0,0.0,0.00156249999999995,1.0,0.0,0.0007812499999999998,1.0,0.0
ps_full,strict,512,xvd_b2_ps_full_strict_512,7008,0.92484375,0.9190179154509148,0.8953125,0.045625,4,4,2,2,128,128,4096,4.0,2.0,0.0546875,0.0,0.0,0.0572916666666666,0.0,0.0,0.049999999999999996,1.0,0.0,0.0621093749999999,0.0,0.0
ps_full,strict,512,xvd_b2_ps_full_strict_512,7009,0.925,0.9218866793373285,0.90265625,0.05265625,4,4,3,1,128,128,4096,4.0,3.0,0.0,1.0,0.0,0.013020833333333336,1.0,0.0,0.0104166666666666,1.0,0.0,0.012109375000000002,1.0,1.0
ps_full,strict,512,xvd_b2_ps_full_strict_512,7010,0.900859375,0.8919765399476282,0.8490625,0.04734375,5,5,2,3,160,160,5120,5.0,2.0,0.015625,0.0,0.0,0.0247395833333333,0.0,0.0,0.02578124999999995,0.0,0.0,0.0421875,0.0,1.0
ps_full,strict,512,xvd_b2_ps_full_strict_512,7011,0.9340625,0.932213386752519,0.91828125,0.05015625,5,5,2,3,160,160,5120,5.0,2.0,-0.03515625,1.0,0.0,-0.03645833333333335,1.0,0.0,-0.02578125000000005,1.0,0.0,-0.01914062499999995,1.0,0.0
ps_full,strict,512,xvd_b2_ps_full_strict_512,7012,0.932890625,0.9314898353081954,0.92421875,0.0584375,6,6,2,4,192,192,6144,6.0,2.0,0.015625,0.0,1.0,0.0078125,0.0,1.0,0.0124999999999999,0.0,1.0,0.01171875,0.0,1.0
ps_full,strict,512,xvd_b2_ps_full_strict_512,7013,0.911953125,0.9077352822176675,0.88390625,0.06,4,4,2,2,128,128,4096,4.0,2.0,-0.0234375,1.0,0.0,-0.01953125,1.0,0.0,-0.0484375,1.0,1.0,-0.0203124999999999,1.0,1.0
ps_full,strict,512,xvd_b2_ps_full_strict_512,7014,0.923671875,0.9264542903160153,0.94328125,0.0959375,6,6,3,3,192,192,6144,6.0,3.0,0.015625,1.0,1.0,0.0039062499999999506,1.0,1.0,0.00859375000000005,1.0,1.0,0.02148437499999995,0.0,1.0
ps_full,strict,512,xvd_b2_ps_full_strict_512,7015,0.906484375,0.8982548205971821,0.8578125,0.04484375,4,4,2,2,128,128,4096,4.0,2.0,0.03515625,0.0,0.0,0.0520833333333333,0.0,0.0,0.05546874999999995,0.0,0.0,0.05585937499999995,0.0,0.0
ps_full,strict,512,xvd_b2_ps_full_strict_512,7016,0.929453125,0.9274535561764595,0.91296875,0.0540625,5,5,1,4,160,160,5120,5.0,1.0,0.015625,0.0,0.0,0.0260416666666667,0.0,0.0,0.03125,0.0,0.0,0.02421875,0.0,0.0
ps_full,strict,512,xvd_b2_ps_full_strict_512,7017,0.902578125,0.8936577558124996,0.8509375,0.04578125,6,6,2,4,192,192,6144,6.0,2.0,-0.00390625,1.0,0.0,0.0130208333333333,0.0,1.0,0.0203124999999999,0.0,1.0,0.0374999999999999,0.0,1.0
ps_full,strict,512,xvd_b2_ps_full_strict_512,7018,0.931328125,0.9281439674290601,0.91109375,0.0484375,3,3,3,0,96,96,3072,3.0,3.0,0.028645833333333332,1.0,0.0,0.026909722222222234,0.0,0.0,0.03281249999999993,0.0,0.0,0.033854166666666595,0.0,0.0
ps_full,strict,512,xvd_b2_ps_full_strict_512,7019,0.926484375,0.9238181346790064,0.90859375,0.055625,3,3,2,1,96,96,3072,3.0,2.0,-0.0234375,2.0,0.0,-0.0065104166666666505,2.0,0.0,-0.0007812499999999998,1.0,0.0,0.00625,1.0,0.0
ps_full,strict,512,xvd_b2_ps_full_strict_512,7020,0.918046875,0.911177568582728,0.88015625,0.0440625,3,3,2,1,96,96,3072,3.0,2.0,0.05078125,1.0,0.0,0.0533854166666667,1.0,0.0,0.05781249999999995,1.0,0.0,0.06171874999999995,1.0,0.0
ps_full,strict,512,xvd_b2_ps_full_strict_512,7021,0.895390625,0.8852503545783406,0.84578125,0.055,3,3,1,2,96,96,3072,3.0,1.0,0.0234375,0.0,0.0,0.0833333333333333,0.0,0.0,0.0828124999999999,0.0,0.0,0.10859375,0.0,0.0
ps_full,strict,512,xvd_b2_ps_full_strict_512,7022,0.924921875,0.9216701460506493,0.8984375,0.04859375,4,4,1,3,128,128,4096,4.0,1.0,-0.03125,1.0,0.0,-0.0286458333333333,1.0,0.0,-0.0203125,1.0,0.0,-0.025,1.0,0.0
ps_full,strict,512,xvd_b2_ps_full_strict_512,7023,0.93015625,0.9271654349871657,0.91515625,0.05484375,4,4,2,2,128,128,4096,4.0,2.0,0.03515625,1.0,0.0,0.05078125,1.0,0.0,0.040625,1.0,0.0,0.04375000000000005,1.0,0.0
ps_full,strict,512,xvd_b2_ps_full_strict_512,7024,0.9259375,0.9219148837008507,0.90625,0.054375,4,4,2,2,128,128,4096,4.0,2.0,0.05078125,0.0,0.0,0.0572916666666667,0.0,0.0,0.0562499999999999,0.0,0.0,0.062109375,0.0,0.0
ps_full,strict,512,xvd_b2_ps_full_strict_512,7025,0.93359375,0.9325358983686592,0.9265625,0.059375,3,3,2,1,96,96,3072,3.0,2.0,-0.00390625,1.0,0.0,-0.005208333333333299,1.0,0.0,-0.00546874999999995,1.0,0.0,0.004296875,1.0,0.0
ps_full,strict,512,xvd_b2_ps_full_strict_512,7026,0.927421875,0.9253301879359869,0.90984375,0.055,5,5,2,3,160,160,5120,5.0,2.0,-0.01171875,1.0,0.0,-0.01822916666666665,1.0,0.0,-0.01484374999999995,1.0,0.0,-0.00820312500000005,1.0,0.0
ps_full,strict,512,xvd_b2_ps_full_strict_512,7027,0.93140625,0.928646388697905,0.9109375,0.048125,4,4,3,1,128,128,4096,4.0,3.0,0.0078125,1.0,0.0,0.006944444444444466,1.0,0.0,0.011458333333333333,1.0,0.0,0.019791666666666666,1.0,0.0
ps_full,strict,512,xvd_b2_ps_full_strict_512,7028,0.9303125,0.9297031627436811,0.92921875,0.06859375,4,4,2,2,128,128,4096,4.0,2.0,0.0078125,0.0,0.0,0.01041666666666665,0.0,0.0,0.0031249999999999,0.0,0.0,0.006640625,0.0,0.0
ps_full,strict,512,xvd_b2_ps_full_strict_512,7029,0.924296875,0.9186762792225275,0.89234375,0.04375,3,3,2,1,96,96,3072,3.0,2.0,0.0703125,0.0,0.0,0.06380208333333326,0.0,0.0,0.071875,0.0,0.0,0.077734375,0.0,0.0
ps_full,strict,512,xvd_b2_ps_full_strict_512,7030,0.917734375,0.9132336370886138,0.888125,0.05265625,5,5,2,3,160,160,5120,5.0,2.0,-0.046875,1.0,0.0,-0.03125,1.0,0.0,-0.031249999999999997,1.0,0.0,-0.0296875,1.0,0.0
ps_full,strict,2000,xvd_b2_ps_full_strict_2000,7001,0.931953125,0.929715746965888,0.918125,0.05421875,4,4,2,2,128,128,16000,4.0,2.0,0.015625,1.0,0.0,0.0078125,1.0,0.0,0.0140625,0.0,0.0,0.022265625,0.0,0.0
ps_full,strict,2000,xvd_b2_ps_full_strict_2000,7002,0.915546875,0.909542167586683,0.87296875,0.041875,4,4,1,3,128,128,16000,4.0,1.0,-0.0234375,1.0,0.0,-0.0052083333333333,1.0,0.0,-0.00625,1.0,0.0,0.003125,0.0,0.0
ps_full,strict,2000,xvd_b2_ps_full_strict_2000,7003,0.93078125,0.9272636353196448,0.90484375,0.04328125,3,3,2,1,96,96,12000,3.0,2.0,0.03125,1.0,0.0,0.0130208333333334,1.0,0.0,0.02031249999999995,1.0,0.0,0.0234375,1.0,0.0
ps_full,strict,2000,xvd_b2_ps_full_strict_2000,7004,0.941171875,0.9393831467046695,0.92609375,0.04375,2,2,2,0,64,64,8000,2.0,2.0,-0.01953125,2.0,0.0,-0.01171874999999995,2.0,0.0,-0.00546875,1.0,0.0,0.0019531249999999497,1.0,0.0
ps_full,strict,2000,xvd_b2_ps_full_strict_2000,7005,0.90171875,0.9036943241195857,0.914375,0.1109375,1,1,1,0,32,32,4000,1.0,1.0,0.0390625,0.0,0.0,0.0572916666666666,0.0,0.0,0.0484375,0.0,0.0,0.0515625,0.0,0.0
ps_full,strict,2000,xvd_b2_ps_full_strict_2000,7006,0.935625,0.9339823494138699,0.92515625,0.05390625,5,5,2,3,160,160,20000,5.0,2.0,0.0078125,0.0,0.0,0.0182291666666667,0.0,1.0,0.0171875,0.0,1.0,0.01953125,0.0,1.0
ps_full,strict,2000,xvd_b2_ps_full_strict_2000,7007,0.92703125,0.9243011201048992,0.90328125,0.04921875,5,5,1,4,160,160,20000,5.0,1.0,0.015625,0.0,0.0,-0.0052083333333333,1.0,0.0,-0.0015625,1.0,0.0,0.0,0.0,0.0
ps_full,strict,2000,xvd_b2_ps_full_strict_2000,7008,0.9275,0.9215558111163147,0.89671875,0.04171875,5,5,2,3,160,160,20000,5.0,2.0,0.07421875,0.0,0.0,0.0716145833333333,0.0,0.0,0.1171875,0.0,1.0,0.1281249999999999,0.0,1.0
ps_full,strict,2000,xvd_b2_ps_full_strict_2000,7009,0.92828125,0.925017838899111,0.903125,0.0465625,4,4,3,1,128,128,16000,4.0,3.0,0.0026041666666666665,1.0,0.0,0.004340277777777767,1.0,0.0,0.008333333333333299,1.0,0.0,0.01718750000000005,1.0,1.0
ps_full,strict,2000,xvd_b2_ps_full_strict_2000,7010,0.90640625,0.8972191593647119,0.84953125,0.03671875,5,5,1,4,160,160,20000,5.0,1.0,0.03125,0.0,0.0,0.0520833333333332,0.0,0.0,0.0484375,0.0,0.0,0.053125,0.0,0.0
ps_full,strict,2000,xvd_b2_ps_full_strict_2000,7011,0.936015625,0.9340623210016975,0.91828125,0.04625,7,7,1,6,224,224,28000,7.0,1.0,-0.0546875,1.0,0.0,-0.0625,1.0,0.0,-0.05,1.0,0.0,-0.03828125,1.0,0.0
ps_full,strict,2000,xvd_b2_ps_full_strict_2000,7012,0.925703125,0.9222355973656016,0.896875,0.04546875,6,6,2,4,192,192,24000,6.0,2.0,-0.0390625,1.0,1.0,-0.0442708333333332,1.0,1.0,-0.034375,1.0,1.0,-0.0390625,1.0,1.0
ps_full,strict,2000,xvd_b2_ps_full_strict_2000,7013,0.916875,0.9125118868751106,0.885625,0.051875,3,3,2,1,96,96,12000,3.0,2.0,-0.01953125,1.0,0.0,-0.01432291666666665,1.0,0.0,-0.01250000000000005,1.0,0.0,-0.0007812499999999504,1.0,0.0
ps_full,strict,2000,xvd_b2_ps_full_strict_2000,7014,0.920234375,0.9215632059842102,0.9259375,0.08546875,6,6,2,4,192,192,24000,6.0,2.0,0.01171875,1.0,0.0,-0.007812499999999998,1.0,0.0,-0.0031249999999999507,1.0,0.0,0.0027343749999999487,1.0,0.0
ps_full,strict,2000,xvd_b2_ps_full_strict_2000,7015,0.92,0.9135480515639361,0.88421875,0.04421875,4,4,2,2,128,128,16000,4.0,2.0,0.0625,0.0,0.0,0.08072916666666664,0.0,0.0,0.08281249999999996,0.0,0.0,0.0843749999999999,0.0,0.0
ps_full,strict,2000,xvd_b2_ps_full_strict_2000,7016,0.933359375,0.9311101260485896,0.91203125,0.0453125,5,5,2,3,160,160,20000,5.0,2.0,0.01171875,0.0,0.0,0.0078125,0.0,0.0,0.00781249999999995,0.0,0.0,0.00859375,0.0,0.0
ps_full,strict,2000,xvd_b2_ps_full_strict_2000,7017,0.923515625,0.9175743943565581,0.88546875,0.0384375,4,4,2,2,128,128,16000,4.0,2.0,0.0234375,1.0,0.0,0.03515624999999995,1.0,0.0,0.044531249999999994,1.0,0.0,0.05117187500000005,1.0,0.0
ps_full,strict,2000,xvd_b2_ps_full_strict_2000,7018,0.92703125,0.9233731587461281,0.900625,0.0465625,5,5,3,2,160,160,20000,5.0,3.0,0.015625,1.0,0.0,0.014756944444444434,1.0,0.0,0.02083333333333337,1.0,0.0,0.03203125,1.0,1.0
ps_full,strict,2000,xvd_b2_ps_full_strict_2000,7019,0.933046875,0.9303117689046875,0.91359375,0.0475,5,5,2,3,160,160,20000,5.0,2.0,0.0078125,0.0,0.0,0.015625,0.0,0.0,0.01874999999999995,0.0,0.0,0.02578124999999995,0.0,0.0
ps_full,strict,2000,xvd_b2_ps_full_strict_2000,7020,0.920078125,0.9133238099970094,0.88578125,0.045625,5,5,1,4,160,160,20000,5.0,1.0,0.140625,0.0,0.0,0.1484375,0.0,0.0,0.1437499999999999,0.0,0.0,0.13984375,0.0,0.0
ps_full,strict,2000,xvd_b2_ps_full_strict_2000,7021,0.900390625,0.8899384303486367,0.845,0.04421875,3,3,1,2,96,96,12000,3.0,1.0,0.03125,0.0,0.0,0.0963541666666667,0.0,0.0,0.0968749999999999,0.0,0.0,0.12265625,0.0,0.0
ps_full,strict,2000,xvd_b2_ps_full_strict_2000,7022,0.9275,0.924101443245877,0.8975,0.0425,4,4,1,3,128,128,16000,4.0,1.0,-0.015625,1.0,0.0,-0.0182291666666667,1.0,0.0,-0.0140625,1.0,0.0,-0.01953125,1.0,0.0
ps_full,strict,2000,xvd_b2_ps_full_strict_2000,7023,0.93109375,0.9276937256767979,0.91,0.0478125,4,4,2,2,128,128,16000,4.0,2.0,0.046875,0.0,0.0,0.0546875,0.0,0.0,0.046875,0.0,0.0,0.047265625,0.0,0.0
ps_full,strict,2000,xvd_b2_ps_full_strict_2000,7024,0.929296875,0.9249788097120983,0.9040625,0.04546875,4,4,2,2,128,128,16000,4.0,2.0,0.046875,0.0,0.0,0.05598958333333335,0.0,0.0,0.054687499999999896,0.0,0.0,0.06289062499999995,0.0,0.0
ps_full,strict,2000,xvd_b2_ps_full_strict_2000,7025,0.93640625,0.9351490555258344,0.92828125,0.05546875,3,3,2,1,96,96,12000,3.0,2.0,-0.00390625,1.0,0.0,-0.00390625,1.0,0.0,-0.005468749999999949,1.0,0.0,0.001562500000000049,1.0,0.0
ps_full,strict,2000,xvd_b2_ps_full_strict_2000,7026,0.92859375,0.9264357356802272,0.90953125,0.05234375,6,6,1,5,192,192,24000,6.0,1.0,-0.0234375,1.0,0.0,-0.0208333333333333,1.0,0.0,-0.0249999999999999,1.0,0.0,-0.0203124999999999,1.0,0.0
ps_full,strict,2000,xvd_b2_ps_full_strict_2000,7027,0.94953125,0.9478553773204165,0.94390625,0.04484375,5,5,2,3,160,160,20000,5.0,2.0,0.02734375,0.0,0.0,0.05078125,0.0,0.0,0.06093749999999995,0.0,0.0,0.065625,0.0,0.0
ps_full,strict,2000,xvd_b2_ps_full_strict_2000,7028,0.93625,0.9345224065734682,0.9215625,0.0490625,3,3,3,0,96,96,12000,3.0,3.0,-0.0078125,2.0,0.0,0.0052083333333333,0.0,0.0,0.0062499999999999665,1.0,0.0,0.0070312499999999655,0.0,0.0
ps_full,strict,2000,xvd_b2_ps_full_strict_2000,7029,0.926484375,0.9206923374769655,0.891875,0.03890625,3,3,2,1,96,96,12000,3.0,2.0,0.06640625,0.0,0.0,0.06119791666666665,0.0,0.0,0.07421875,0.0,0.0,0.07851562499999995,0.0,0.0
ps_full,strict,2000,xvd_b2_ps_full_strict_2000,7030,0.93578125,0.9341605615999697,0.9240625,0.0525,4,4,3,1,128,128,16000,4.0,3.0,-0.0078125,1.0,0.0,0.0060763888888888664,0.0,0.0,0.007812499999999933,0.0,0.0,0.007291666666666634,0.0,0.0
unsw_full,never,n/a,xvd_b2_unsw_full_never,7001,0.80796875,0.8386998048911584,,,0,0,0,0,0,0,0,,,,,,,,,,,,,,
unsw_full,never,n/a,xvd_b2_unsw_full_never,7002,0.8171875,0.8436875078014516,,,0,0,0,0,0,0,0,,,,,,,,,,,,,,
unsw_full,never,n/a,xvd_b2_unsw_full_never,7003,0.828515625,0.8483713520476819,,,0,0,0,0,0,0,0,,,,,,,,,,,,,,
unsw_full,never,n/a,xvd_b2_unsw_full_never,7004,0.803828125,0.8361292490494678,,,0,0,0,0,0,0,0,,,,,,,,,,,,,,
unsw_full,never,n/a,xvd_b2_unsw_full_never,7005,0.8296875,0.8520719033468778,,,0,0,0,0,0,0,0,,,,,,,,,,,,,,
unsw_full,never,n/a,xvd_b2_unsw_full_never,7006,0.8209375,0.8464165099241265,,,0,0,0,0,0,0,0,,,,,,,,,,,,,,
unsw_full,never,n/a,xvd_b2_unsw_full_never,7007,0.813515625,0.8426036075147887,,,0,0,0,0,0,0,0,,,,,,,,,,,,,,
unsw_full,never,n/a,xvd_b2_unsw_full_never,7008,0.81421875,0.8424452251964722,,,0,0,0,0,0,0,0,,,,,,,,,,,,,,
unsw_full,never,n/a,xvd_b2_unsw_full_never,7009,0.808671875,0.8394655998534776,,,0,0,0,0,0,0,0,,,,,,,,,,,,,,
unsw_full,never,n/a,xvd_b2_unsw_full_never,7010,0.812265625,0.8407034144988111,,,0,0,0,0,0,0,0,,,,,,,,,,,,,,
unsw_full,never,n/a,xvd_b2_unsw_full_never,7011,0.80578125,0.8377979174712543,,,0,0,0,0,0,0,0,,,,,,,,,,,,,,
unsw_full,never,n/a,xvd_b2_unsw_full_never,7012,0.814453125,0.841487501541677,,,0,0,0,0,0,0,0,,,,,,,,,,,,,,
unsw_full,never,n/a,xvd_b2_unsw_full_never,7013,0.805234375,0.8366519299653121,,,0,0,0,0,0,0,0,,,,,,,,,,,,,,
unsw_full,never,n/a,xvd_b2_unsw_full_never,7014,0.8178125,0.8453889353778483,,,0,0,0,0,0,0,0,,,,,,,,,,,,,,
unsw_full,never,n/a,xvd_b2_unsw_full_never,7015,0.805625,0.8374729733503762,,,0,0,0,0,0,0,0,,,,,,,,,,,,,,
unsw_full,never,n/a,xvd_b2_unsw_full_never,7016,0.80875,0.8397506618635723,,,0,0,0,0,0,0,0,,,,,,,,,,,,,,
unsw_full,never,n/a,xvd_b2_unsw_full_never,7017,0.806171875,0.8364913462735482,,,0,0,0,0,0,0,0,,,,,,,,,,,,,,
unsw_full,never,n/a,xvd_b2_unsw_full_never,7018,0.802421875,0.8358263788746083,,,0,0,0,0,0,0,0,,,,,,,,,,,,,,
unsw_full,never,n/a,xvd_b2_unsw_full_never,7019,0.8103125,0.8390871073536467,,,0,0,0,0,0,0,0,,,,,,,,,,,,,,
unsw_full,never,n/a,xvd_b2_unsw_full_never,7020,0.81140625,0.8395991262923991,,,0,0,0,0,0,0,0,,,,,,,,,,,,,,
unsw_full,never,n/a,xvd_b2_unsw_full_never,7021,0.812734375,0.8396419917137178,,,0,0,0,0,0,0,0,,,,,,,,,,,,,,
unsw_full,never,n/a,xvd_b2_unsw_full_never,7022,0.7965625,0.8320290756486503,,,0,0,0,0,0,0,0,,,,,,,,,,,,,,
unsw_full,never,n/a,xvd_b2_unsw_full_never,7023,0.816953125,0.8427451865262847,,,0,0,0,0,0,0,0,,,,,,,,,,,,,,
unsw_full,never,n/a,xvd_b2_unsw_full_never,7024,0.818984375,0.8454892524856351,,,0,0,0,0,0,0,0,,,,,,,,,,,,,,
unsw_full,never,n/a,xvd_b2_unsw_full_never,7025,0.80078125,0.8341728027648123,,,0,0,0,0,0,0,0,,,,,,,,,,,,,,
unsw_full,never,n/a,xvd_b2_unsw_full_never,7026,0.806875,0.8373587583905712,,,0,0,0,0,0,0,0,,,,,,,,,,,,,,
unsw_full,never,n/a,xvd_b2_unsw_full_never,7027,0.81765625,0.84526984799684,,,0,0,0,0,0,0,0,,,,,,,,,,,,,,
unsw_full,never,n/a,xvd_b2_unsw_full_never,7028,0.7759375,0.816958801081484,,,0,0,0,0,0,0,0,,,,,,,,,,,,,,
unsw_full,never,n/a,xvd_b2_unsw_full_never,7029,0.82515625,0.8497696505631115,,,0,0,0,0,0,0,0,,,,,,,,,,,,,,
unsw_full,never,n/a,xvd_b2_unsw_full_never,7030,0.813125,0.8408681763474894,,,0,0,0,0,0,0,0,,,,,,,,,,,,,,
unsw_full,naive,512,xvd_b2_unsw_full_naive_512,7001,0.82,0.8458602406484826,0.9809375,0.3409375,2,2,2,0,0,0,2048,2.0,2.0,0.01953125,0.0,0.0,0.02083333333333335,1.0,0.0,0.014062499999999999,1.0,0.0,0.01796875000000005,1.0,0.0
unsw_full,naive,512,xvd_b2_unsw_full_naive_512,7002,0.8375,0.8592015719149785,0.9821875,0.3071875,2,2,2,0,0,0,2048,2.0,2.0,0.0546875,1.0,0.0,0.0364583333333333,1.0,0.0,0.030468750000000048,1.0,0.0,0.037109375,1.0,0.0
unsw_full,naive,512,xvd_b2_unsw_full_naive_512,7003,0.836875,0.8577388578861534,0.9734375,0.2996875,3,3,3,0,0,0,3072,3.0,3.0,0.0026041666666666665,1.0,0.0,0.015625,1.0,0.0,0.0166666666666666,0.0,0.0,0.017447916666666632,0.0,0.0
unsw_full,naive,512,xvd_b2_unsw_full_naive_512,7004,0.833515625,0.8558209007216879,0.9828125,0.31578125,2,2,2,0,0,0,2048,2.0,2.0,0.015625,0.0,0.0,0.036458333333333245,0.0,0.0,0.03515624999999995,0.0,0.0,0.03046874999999995,0.0,0.0
unsw_full,naive,512,xvd_b2_unsw_full_naive_512,7005,0.836640625,0.8580544326183545,0.9803125,0.30703125,1,1,1,0,0,0,1024,1.0,1.0,0.0390625,0.0,0.0,0.03125,0.0,0.0,0.025,0.0,0.0,0.0218749999999999,0.0,0.0
unsw_full,naive,512,xvd_b2_unsw_full_naive_512,7006,0.840703125,0.8607149514734671,0.9765625,0.29515625,2,2,2,0,0,0,2048,2.0,2.0,0.0234375,1.0,0.0,0.0299479166666667,1.0,0.0,0.03046875,1.0,0.0,0.03710937499999995,1.0,0.0
unsw_full,naive,512,xvd_b2_unsw_full_naive_512,7007,0.834140625,0.8568171564386731,0.9828125,0.31453125,2,2,2,0,0,0,2048,2.0,2.0,0.01953125,1.0,0.0,0.0338541666666667,1.0,0.0,0.03828124999999995,0.0,0.0,0.04609374999999995,0.0,0.0
unsw_full,naive,512,xvd_b2_unsw_full_naive_512,7008,0.8334375,0.8557329163586139,0.978125,0.31125,2,2,2,0,0,0,2048,2.0,2.0,0.0625,0.0,0.0,0.0598958333333333,0.0,0.0,0.05703124999999995,0.0,0.0,0.0164062499999999,0.0,1.0
unsw_full,naive,512,xvd_b2_unsw_full_naive_512,7009,0.841953125,0.8618087072321263,0.9796875,0.29578125,2,2,2,0,0,0,2048,2.0,2.0,0.046875,0.0,0.0,0.0481770833333333,0.0,0.0,0.04296875,0.0,0.0,0.042578125,0.0,0.0
unsw_full,naive,512,xvd_b2_unsw_full_naive_512,7010,0.841328125,0.8603553230178812,0.9734375,0.29078125,2,2,2,0,0,0,2048,2.0,2.0,0.01171875,0.0,0.0,0.0169270833333333,0.0,0.0,0.01953125,0.0,0.0,0.01874999999999995,0.0,0.0
unsw_full,naive,512,xvd_b2_unsw_full_naive_512,7011,0.82859375,0.8523138334358097,0.98234375,0.32515625,2,2,2,0,0,0,2048,2.0,2.0,0.01953125,1.0,0.0,0.03645833333333335,1.0,0.0,0.035937499999999956,1.0,0.0,0.03750000000000005,1.0,0.0
unsw_full,naive,512,xvd_b2_unsw_full_naive_512,7012,0.831875,0.8530272820828405,0.97265625,0.30890625,2,2,2,0,0,0,2048,2.0,2.0,0.0,1.0,0.0,0.022135416666666602,0.0,0.0,0.0234375,0.0,0.0,0.0226562499999999,0.0,0.0
unsw_full,naive,512,xvd_b2_unsw_full_naive_512,7013,0.82921875,0.852739313145728,0.9790625,0.320625,2,2,2,0,0,0,2048,2.0,2.0,0.02734375,1.0,0.0,0.04296874999999995,0.0,0.0,0.04296875,0.0,0.0,0.03828124999999995,0.0,0.0
unsw_full,naive,512,xvd_b2_unsw_full_naive_512,7014,0.843515625,0.8616150702418537,0.96875,0.28171875,2,2,2,0,0,0,2048,2.0,2.0,0.015625,1.0,0.0,0.015624999999999948,1.0,0.0,0.02656249999999995,0.0,0.0,0.02382812499999995,0.0,0.0
unsw_full,naive,512,xvd_b2_unsw_full_naive_512,7015,0.8234375,0.8488176385663746,0.98515625,0.33828125,2,2,2,0,0,0,2048,2.0,2.0,0.015625,1.0,0.0,0.02083333333333335,1.0,0.0,0.020312499999999952,1.0,0.0,0.021484375,1.0,0.0
unsw_full,naive,512,xvd_b2_unsw_full_naive_512,7016,0.837890625,0.8589989095431976,0.980625,0.30484375,2,2,2,0,0,0,2048,2.0,2.0,0.03125,0.0,0.0,0.0468749999999999,0.0,0.0,0.04531249999999995,0.0,0.0,0.04453125,0.0,0.0
unsw_full,naive,512,xvd_b2_unsw_full_naive_512,7017,0.83921875,0.8584134242537673,0.97,0.2915625,2,2,2,0,0,0,2048,2.0,2.0,0.046875,0.0,0.0,0.02734375,0.0,0.0,0.0359375,0.0,0.0,0.0300781249999999,0.0,0.0
unsw_full,naive,512,xvd_b2_unsw_full_naive_512,7018,0.833125,0.8555676900532864,0.98078125,0.31453125,2,2,2,0,0,0,2048,2.0,2.0,0.03515625,0.0,0.0,0.0390625,0.0,0.0,0.050781249999999896,0.0,0.0,0.048437499999999946,0.0,0.0
unsw_full,naive,512,xvd_b2_unsw_full_naive_512,7019,0.8175,0.844275976705793,0.98296875,0.34796875,2,2,2,0,0,0,2048,2.0,2.0,-0.0234375,1.0,0.0,0.0013020833333333495,1.0,0.0,0.00937500000000005,1.0,0.0,0.014453125,1.0,0.0
unsw_full,naive,512,xvd_b2_unsw_full_naive_512,7020,0.830234375,0.8534083417804793,0.9821875,0.32171875,2,2,2,0,0,0,2048,2.0,2.0,0.01171875,1.0,0.0,0.01822916666666665,0.0,0.0,0.0195312499999999,0.0,0.0,0.01835937499999995,0.0,0.0
unsw_full,naive,512,xvd_b2_unsw_full_naive_512,7021,0.83078125,0.8530546919336564,0.97375,0.3121875,2,2,2,0,0,0,2048,2.0,2.0,0.03125,1.0,0.0,0.04557291666666665,0.0,0.0,0.0515625,0.0,0.0,0.0015625,0.0,1.0
unsw_full,naive,512,xvd_b2_unsw_full_naive_512,7022,0.83203125,0.8543688463200253,0.98015625,0.31609375,2,2,2,0,0,0,2048,2.0,2.0,0.01171875,0.0,0.0,0.03125,0.0,0.0,0.028125,0.0,0.0,0.0308593749999999,0.0,0.0
unsw_full,naive,512,xvd_b2_unsw_full_naive_512,7023,0.835,0.8557479252043377,0.9734375,0.3034375,2,2,2,0,0,0,2048,2.0,2.0,0.01953125,0.0,0.0,0.0338541666666667,0.0,1.0,0.025,0.0,1.0,0.0296874999999999,0.0,1.0
unsw_full,naive,512,xvd_b2_unsw_full_naive_512,7024,0.829296875,0.8533208007760054,0.98484375,0.32625,2,2,2,0,0,0,2048,2.0,2.0,0.04296875,1.0,0.0,0.02734375,1.0,0.0,0.025781250000000002,1.0,0.0,0.02304687499999995,1.0,0.0
unsw_full,naive,512,xvd_b2_unsw_full_naive_512,7025,0.83515625,0.8565419697809414,0.98046875,0.31015625,2,2,2,0,0,0,2048,2.0,2.0,0.03515625,0.0,0.0,0.02343749999999995,0.0,0.0,0.01796875,0.0,0.0,0.0183593749999999,0.0,0.0
unsw_full,naive,512,xvd_b2_unsw_full_naive_512,7026,0.834453125,0.8561080257415715,0.97609375,0.3071875,2,2,2,0,0,0,2048,2.0,2.0,0.05078125,0.0,0.0,0.04427083333333335,0.0,0.0,0.034375,0.0,0.0,0.03749999999999995,0.0,0.0
unsw_full,naive,512,xvd_b2_unsw_full_naive_512,7027,0.826796875,0.8510753225120373,0.9825,0.32890625,2,2,2,0,0,0,2048,2.0,2.0,0.02734375,0.0,0.0,0.02343749999999995,1.0,0.0,0.02343750000000005,1.0,0.0,0.018359375,1.0,0.0
unsw_full,naive,512,xvd_b2_unsw_full_naive_512,7028,0.827890625,0.8513982047647679,0.97875,0.32296875,3,3,3,0,0,0,3072,3.0,3.0,0.036458333333333336,0.0,0.0,0.0460069444444444,0.0,0.0,0.04479166666666656,0.0,0.0,0.04427083333333326,0.0,0.0
unsw_full,naive,512,xvd_b2_unsw_full_naive_512,7029,0.84109375,0.8611414639157897,0.97546875,0.29328125,2,2,2,0,0,0,2048,2.0,2.0,0.015625,1.0,0.0,0.0234375,1.0,0.0,0.03671875,1.0,0.0,0.034375,1.0,0.0
unsw_full,naive,512,xvd_b2_unsw_full_naive_512,7030,0.8346875,0.8566302558521182,0.97625,0.306875,2,2,2,0,0,0,2048,2.0,2.0,0.015625,1.0,0.0,0.0299479166666667,1.0,0.0,0.03749999999999995,0.0,0.0,0.03984375000000005,1.0,0.0
unsw_full,naive,2000,xvd_b2_unsw_full_naive_2000,7001,0.8509375,0.8683577596116026,0.97828125,0.27640625,2,2,2,0,0,0,8000,2.0,2.0,0.0390625,0.0,0.0,0.03645833333333335,0.0,0.0,0.03671874999999995,0.0,0.0,0.03593749999999995,0.0,0.0
unsw_full,naive,2000,xvd_b2_unsw_full_naive_2000,7002,0.8528125,0.8704773566183565,0.97703125,0.27140625,2,2,2,0,0,0,8000,2.0,2.0,0.05859375,0.0,0.0,0.05729166666666665,0.0,0.0,0.05703124999999995,0.0,0.0,0.06562499999999995,0.0,0.0
unsw_full,naive,2000,xvd_b2_unsw_full_naive_2000,7003,0.8603125,0.8746128121884008,0.9690625,0.2484375,3,3,3,0,0,0,12000,3.0,3.0,0.013020833333333334,1.0,0.0,0.0147569444444444,0.0,0.0,0.017708333333333267,0.0,0.0,0.020833333333333332,0.0,0.0
unsw_full,naive,2000,xvd_b2_unsw_full_naive_2000,7004,0.846328125,0.8648970466621217,0.9778125,0.28515625,2,2,2,0,0,0,8000,2.0,2.0,0.0234375,0.0,0.0,0.0494791666666666,0.0,0.0,0.05234375,0.0,0.0,0.048046875,0.0,0.0
unsw_full,naive,2000,xvd_b2_unsw_full_naive_2000,7005,0.852109375,0.8689400423542126,0.97625,0.27203125,1,1,1,0,0,0,4000,1.0,1.0,0.046875,0.0,0.0,0.0598958333333333,0.0,0.0,0.0515624999999999,0.0,0.0,0.05078125,0.0,0.0
unsw_full,naive,2000,xvd_b2_unsw_full_naive_2000,7006,0.85296875,0.8689023228762671,0.96875,0.2628125,2,2,2,0,0,0,8000,2.0,2.0,0.01953125,0.0,0.0,0.0234375,0.0,0.0,0.02734375,0.0,0.0,0.0367187499999999,0.0,0.0
unsw_full,naive,2000,xvd_b2_unsw_full_naive_2000,7007,0.845390625,0.8645306534685937,0.9771875,0.28640625,2,2,2,0,0,0,8000,2.0,2.0,0.0546875,0.0,0.0,0.0559895833333333,0.0,0.0,0.0554687499999999,0.0,0.0,0.0605468749999999,0.0,0.0
unsw_full,naive,2000,xvd_b2_unsw_full_naive_2000,7008,0.83984375,0.8605075049730919,0.97890625,0.29921875,2,2,2,0,0,0,8000,2.0,2.0,0.07421875,0.0,0.0,0.0611979166666666,0.0,0.0,0.05546874999999995,0.0,0.0,0.015625,0.0,1.0
unsw_full,naive,2000,xvd_b2_unsw_full_naive_2000,7009,0.857578125,0.8737706500766024,0.978125,0.26296875,2,2,2,0,0,0,8000,2.0,2.0,0.015625,0.0,0.0,0.02994791666666665,0.0,0.0,0.043749999999999956,0.0,0.0,0.049609374999999956,0.0,0.0
unsw_full,naive,2000,xvd_b2_unsw_full_naive_2000,7010,0.858046875,0.8732194015984848,0.97078125,0.2546875,2,2,2,0,0,0,8000,2.0,2.0,0.0703125,0.0,0.0,0.05989583333333335,0.0,0.0,0.053124999999999895,0.0,0.0,0.054296874999999994,0.0,0.0
unsw_full,naive,2000,xvd_b2_unsw_full_naive_2000,7011,0.846484375,0.8655859029078372,0.98109375,0.288125,2,2,2,0,0,0,8000,2.0,2.0,0.078125,0.0,0.0,0.0598958333333333,0.0,0.0,0.0656249999999999,0.0,0.0,0.06289062499999999,0.0,0.0
unsw_full,naive,2000,xvd_b2_unsw_full_naive_2000,7012,0.854765625,0.8703915928396533,0.971875,0.26234375,2,2,2,0,0,0,8000,2.0,2.0,0.015625,0.0,0.0,0.04427083333333335,0.0,0.0,0.04609375,0.0,0.0,0.04492187499999995,0.0,0.0
unsw_full,naive,2000,xvd_b2_unsw_full_naive_2000,7013,0.848046875,0.8664191287047146,0.97515625,0.2790625,2,2,2,0,0,0,8000,2.0,2.0,0.03515625,0.0,0.0,0.0559895833333333,0.0,0.0,0.05937499999999995,0.0,0.0,0.0542968749999999,0.0,0.0
unsw_full,naive,2000,xvd_b2_unsw_full_naive_2000,7014,0.860078125,0.8750375527558831,0.9721875,0.25203125,2,2,2,0,0,0,8000,2.0,2.0,0.0234375,1.0,0.0,0.03124999999999995,0.0,0.0,0.04609374999999995,0.0,0.0,0.0437499999999999,0.0,0.0
unsw_full,naive,2000,xvd_b2_unsw_full_naive_2000,7015,0.839765625,0.8595688410272797,0.97640625,0.296875,2,2,2,0,0,0,8000,2.0,2.0,0.01953125,0.0,0.0,0.0299479166666666,0.0,0.0,0.02734374999999995,1.0,0.0,0.03203124999999995,0.0,0.0
unsw_full,naive,2000,xvd_b2_unsw_full_naive_2000,7016,0.84953125,0.8683079658641413,0.98203125,0.28296875,2,2,2,0,0,0,8000,2.0,2.0,0.0703125,0.0,0.0,0.0690104166666666,0.0,0.0,0.06562499999999995,0.0,0.0,0.06796875,0.0,0.0
unsw_full,naive,2000,xvd_b2_unsw_full_naive_2000,7017,0.84890625,0.8662693142355462,0.97109375,0.27328125,2,2,2,0,0,0,8000,2.0,2.0,0.05078125,0.0,0.0,0.03515625,0.0,0.0,0.0398437499999999,0.0,0.0,0.040625,0.0,0.0
unsw_full,naive,2000,xvd_b2_unsw_full_naive_2000,7018,0.860625,0.8760252457821971,0.9765625,0.2553125,2,2,2,0,0,0,8000,2.0,2.0,0.05859375,0.0,0.0,0.052083333333333245,0.0,0.0,0.0609374999999999,0.0,0.0,0.06601562499999995,0.0,0.0
unsw_full,naive,2000,xvd_b2_unsw_full_naive_2000,7019,0.84484375,0.8632185843017994,0.97484375,0.28515625,2,2,2,0,0,0,8000,2.0,2.0,0.01171875,1.0,0.0,0.0299479166666666,0.0,0.0,0.03515624999999995,0.0,0.0,0.035546875,0.0,0.0
unsw_full,naive,2000,xvd_b2_unsw_full_naive_2000,7020,0.8365625,0.8576436294533042,0.97953125,0.30640625,2,2,2,0,0,0,8000,2.0,2.0,0.01171875,0.0,0.0,0.0221354166666666,0.0,0.0,0.02109374999999995,0.0,0.0,0.02304687499999995,0.0,0.0
unsw_full,naive,2000,xvd_b2_unsw_full_naive_2000,7021,0.842421875,0.8613966296607899,0.9721875,0.28734375,2,2,2,0,0,0,8000,2.0,2.0,0.03125,0.0,0.0,0.05338541666666665,0.0,0.0,0.0578125,0.0,0.0,0.03046875,0.0,1.0
unsw_full,naive,2000,xvd_b2_unsw_full_naive_2000,7022,0.848984375,0.8663314739857734,0.97375,0.27578125,2,2,2,0,0,0,8000,2.0,2.0,0.0234375,0.0,0.0,0.02604166666666665,0.0,0.0,0.03515624999999995,0.0,0.0,0.0445312499999999,0.0,0.0
unsw_full,naive,2000,xvd_b2_unsw_full_naive_2000,7023,0.852890625,0.8686405826388776,0.9678125,0.26203125,2,2,2,0,0,0,8000,2.0,2.0,0.07421875,0.0,0.0,0.0755208333333333,0.0,1.0,0.0687499999999999,0.0,1.0,0.0710937499999999,0.0,1.0
unsw_full,naive,2000,xvd_b2_unsw_full_naive_2000,7024,0.846328125,0.8641231701049386,0.97265625,0.28,2,2,2,0,0,0,8000,2.0,2.0,0.03515625,0.0,0.0,0.02343749999999995,0.0,0.0,0.0234375,0.0,0.0,0.02382812499999995,0.0,0.0
unsw_full,naive,2000,xvd_b2_unsw_full_naive_2000,7025,0.857109375,0.8728758491595983,0.97625,0.26203125,2,2,2,0,0,0,8000,2.0,2.0,0.05859375,0.0,0.0,0.03385416666666665,0.0,0.0,0.02968749999999995,0.0,0.0,0.0339843749999999,0.0,0.0
unsw_full,naive,2000,xvd_b2_unsw_full_naive_2000,7026,0.85015625,0.8676788768721662,0.9721875,0.271875,2,2,2,0,0,0,8000,2.0,2.0,0.06640625,0.0,0.0,0.0559895833333333,0.0,0.0,0.048437499999999994,0.0,0.0,0.05195312499999995,0.0,0.0
unsw_full,naive,2000,xvd_b2_unsw_full_naive_2000,7027,0.84984375,0.8676480888908873,0.97703125,0.27734375,2,2,2,0,0,0,8000,2.0,2.0,0.02734375,0.0,0.0,0.0455729166666666,0.0,0.0,0.0390625,0.0,0.0,0.03671874999999995,0.0,0.0
unsw_full,naive,2000,xvd_b2_unsw_full_naive_2000,7028,0.839296875,0.8601421585826509,0.975625,0.29703125,3,3,3,0,0,0,12000,3.0,3.0,0.057291666666666664,0.0,0.0,0.06510416666666663,0.0,0.0,0.05989583333333326,0.0,0.0,0.055729166666666635,0.0,0.0
unsw_full,naive,2000,xvd_b2_unsw_full_naive_2000,7029,0.854453125,0.8715139716086189,0.976875,0.26796875,2,2,2,0,0,0,8000,2.0,2.0,0.0390625,0.0,0.0,0.0481770833333333,0.0,0.0,0.04999999999999995,1.0,0.0,0.04531249999999995,1.0,0.0
unsw_full,naive,2000,xvd_b2_unsw_full_naive_2000,7030,0.8525,0.8697022114851639,0.975,0.27,2,2,2,0,0,0,8000,2.0,2.0,0.02734375,0.0,0.0,0.05598958333333325,0.0,0.0,0.05234374999999995,0.0,0.0,0.053515625,0.0,0.0
unsw_full,point,512,xvd_b2_unsw_full_point_512,7001,0.82,0.8458602406484826,0.9809375,0.3409375,2,2,2,0,64,64,2048,2.0,2.0,0.01953125,0.0,0.0,0.02083333333333335,1.0,0.0,0.014062499999999999,1.0,0.0,0.01796875000000005,1.0,0.0
unsw_full,point,512,xvd_b2_unsw_full_point_512,7002,0.833515625,0.8547973314083417,0.97328125,0.30625,4,4,1,3,128,128,4096,4.0,1.0,0.0234375,0.0,0.0,0.0338541666666666,0.0,0.0,0.0437499999999999,0.0,0.0,0.04609375,0.0,0.0
unsw_full,point,512,xvd_b2_unsw_full_point_512,7003,0.84171875,0.8612507002815103,0.97359375,0.29015625,3,3,2,1,96,96,3072,3.0,2.0,0.01953125,1.0,0.0,0.014322916666666699,1.0,0.0,0.0210937499999999,0.0,0.0,0.022265624999999952,0.0,0.0
unsw_full,point,512,xvd_b2_unsw_full_point_512,7004,0.835859375,0.8575957048229879,0.9821875,0.31046875,2,2,1,1,64,64,2048,2.0,1.0,0.109375,0.0,0.0,0.078125,0.0,0.0,0.0828125,0.0,0.0,0.078125,0.0,0.0
unsw_full,point,512,xvd_b2_unsw_full_point_512,7005,0.8440625,0.8622683152741408,0.9684375,0.2803125,4,4,1,3,128,128,4096,4.0,1.0,0.0859375,0.0,0.0,0.0885416666666666,0.0,0.0,0.0890625,0.0,0.0,0.0874999999999999,0.0,0.0
unsw_full,point,512,xvd_b2_unsw_full_point_512,7006,0.837265625,0.8579908598818672,0.97671875,0.3021875,2,2,1,1,64,64,2048,2.0,1.0,0.015625,0.0,0.0,0.0286458333333333,0.0,0.0,0.0234375,0.0,0.0,0.03515625,0.0,0.0
unsw_full,point,512,xvd_b2_unsw_full_point_512,7007,0.834140625,0.8568171564386731,0.9828125,0.31453125,2,2,2,0,64,64,2048,2.0,2.0,0.01953125,1.0,0.0,0.0338541666666667,1.0,0.0,0.03828124999999995,0.0,0.0,0.04609374999999995,0.0,0.0
unsw_full,point,512,xvd_b2_unsw_full_point_512,7008,0.8334375,0.8557329163586139,0.978125,0.31125,2,2,2,0,64,64,2048,2.0,2.0,0.0625,0.0,0.0,0.0598958333333333,0.0,0.0,0.05703124999999995,0.0,0.0,0.0164062499999999,0.0,1.0
unsw_full,point,512,xvd_b2_unsw_full_point_512,7009,0.841953125,0.8618087072321263,0.9796875,0.29578125,2,2,2,0,64,64,2048,2.0,2.0,0.046875,0.0,0.0,0.0481770833333333,0.0,0.0,0.04296875,0.0,0.0,0.042578125,0.0,0.0
unsw_full,point,512,xvd_b2_unsw_full_point_512,7010,0.841328125,0.8603553230178812,0.9734375,0.29078125,2,2,2,0,64,64,2048,2.0,2.0,0.01171875,0.0,0.0,0.0169270833333333,0.0,0.0,0.01953125,0.0,0.0,0.01874999999999995,0.0,0.0
unsw_full,point,512,xvd_b2_unsw_full_point_512,7011,0.82859375,0.8523138334358097,0.98234375,0.32515625,2,2,2,0,64,64,2048,2.0,2.0,0.01953125,1.0,0.0,0.03645833333333335,1.0,0.0,0.035937499999999956,1.0,0.0,0.03750000000000005,1.0,0.0
unsw_full,point,512,xvd_b2_unsw_full_point_512,7012,0.827890625,0.8508949263702773,0.9746875,0.31890625,4,4,2,2,128,128,4096,4.0,2.0,0.0625,0.0,0.0,0.0520833333333333,1.0,0.0,0.043750000000000004,1.0,0.0,0.00078125,0.0,1.0
unsw_full,point,512,xvd_b2_unsw_full_point_512,7013,0.820625,0.8470789273469879,0.98265625,0.34140625,3,3,2,1,96,96,3072,3.0,2.0,0.02734375,1.0,0.0,0.046875,0.0,0.0,0.05703125,0.0,0.0,0.01328125,0.0,1.0
unsw_full,point,512,xvd_b2_unsw_full_point_512,7014,0.843515625,0.8616150702418537,0.96875,0.28171875,2,2,2,0,64,64,2048,2.0,2.0,0.015625,1.0,0.0,0.015624999999999948,1.0,0.0,0.02656249999999995,0.0,0.0,0.02382812499999995,0.0,0.0
unsw_full,point,512,xvd_b2_unsw_full_point_512,7015,0.8234375,0.8488176385663746,0.98515625,0.33828125,2,2,2,0,64,64,2048,2.0,2.0,0.015625,1.0,0.0,0.02083333333333335,1.0,0.0,0.020312499999999952,1.0,0.0,0.021484375,1.0,0.0
unsw_full,point,512,xvd_b2_unsw_full_point_512,7016,0.84125,0.8620466868207654,0.98625,0.30375,3,3,2,1,96,96,3072,3.0,2.0,0.04296875,0.0,0.0,0.03906249999999995,0.0,0.0,0.071875,0.0,1.0,0.0671874999999999,0.0,1.0
unsw_full,point,512,xvd_b2_unsw_full_point_512,7017,0.83921875,0.8584134242537673,0.97,0.2915625,2,2,2,0,64,64,2048,2.0,2.0,0.046875,0.0,0.0,0.02734375,0.0,0.0,0.0359375,0.0,0.0,0.0300781249999999,0.0,0.0
unsw_full,point,512,xvd_b2_unsw_full_point_512,7018,0.83984375,0.861420797083882,0.98765625,0.30796875,3,3,1,2,96,96,3072,3.0,1.0,0.0546875,0.0,0.0,0.0963541666666667,0.0,0.0,0.0968749999999999,0.0,0.0,0.09296875,0.0,0.0
unsw_full,point,512,xvd_b2_unsw_full_point_512,7019,0.8175,0.844275976705793,0.98296875,0.34796875,2,2,2,0,64,64,2048,2.0,2.0,-0.0234375,1.0,0.0,0.0013020833333333495,1.0,0.0,0.00937500000000005,1.0,0.0,0.014453125,1.0,0.0
unsw_full,point,512,xvd_b2_unsw_full_point_512,7020,0.831796875,0.8535494789796332,0.97484375,0.31125,4,4,2,2,128,128,4096,4.0,2.0,0.078125,0.0,0.0,0.0455729166666666,0.0,0.0,0.04921875,0.0,0.0,0.0328125,0.0,1.0
unsw_full,point,512,xvd_b2_unsw_full_point_512,7021,0.83078125,0.8530546919336564,0.97375,0.3121875,2,2,2,0,64,64,2048,2.0,2.0,0.03125,1.0,0.0,0.04557291666666665,0.0,0.0,0.0515625,0.0,0.0,0.0015625,0.0,1.0
unsw_full,point,512,xvd_b2_unsw_full_point_512,7022,0.82296875,0.8494497514917027,0.98984375,0.34390625,3,3,2,1,96,96,3072,3.0,2.0,0.046875,0.0,0.0,0.0533854166666666,0.0,0.0,0.053125,0.0,0.0,0.040625,0.0,1.0
unsw_full,point,512,xvd_b2_unsw_full_point_512,7023,0.835,0.8557479252043377,0.9734375,0.3034375,2,2,2,0,64,64,2048,2.0,2.0,0.01953125,0.0,0.0,0.0338541666666667,0.0,1.0,0.025,0.0,1.0,0.0296874999999999,0.0,1.0
unsw_full,point,512,xvd_b2_unsw_full_point_512,7024,0.82984375,0.8533931568289701,0.98265625,0.32296875,3,3,1,2,96,96,3072,3.0,1.0,-0.015625,1.0,0.0,0.0052083333333333,0.0,0.0,0.015625,0.0,0.0,0.0171875,0.0,0.0
unsw_full,point,512,xvd_b2_unsw_full_point_512,7025,0.83515625,0.8565419697809414,0.98046875,0.31015625,2,2,2,0,64,64,2048,2.0,2.0,0.03515625,0.0,0.0,0.02343749999999995,0.0,0.0,0.01796875,0.0,0.0,0.0183593749999999,0.0,0.0
unsw_full,point,512,xvd_b2_unsw_full_point_512,7026,0.834453125,0.8561080257415715,0.97609375,0.3071875,2,2,2,0,64,64,2048,2.0,2.0,0.05078125,0.0,0.0,0.04427083333333335,0.0,0.0,0.034375,0.0,0.0,0.03749999999999995,0.0,0.0
unsw_full,point,512,xvd_b2_unsw_full_point_512,7027,0.826796875,0.8510753225120373,0.9825,0.32890625,2,2,2,0,64,64,2048,2.0,2.0,0.02734375,0.0,0.0,0.02343749999999995,1.0,0.0,0.02343750000000005,1.0,0.0,0.018359375,1.0,0.0
unsw_full,point,512,xvd_b2_unsw_full_point_512,7028,0.82109375,0.8469958399517384,0.9815625,0.339375,4,4,3,1,128,128,4096,4.0,3.0,0.049479166666666664,0.0,0.0,0.04861111111111107,0.0,0.0,0.04895833333333327,0.0,0.0,0.04505208333333327,0.0,0.0
unsw_full,point,512,xvd_b2_unsw_full_point_512,7029,0.845625,0.864061298612868,0.9725,0.28125,3,3,2,1,96,96,3072,3.0,2.0,0.0546875,0.0,0.0,0.04036458333333335,1.0,0.0,0.03984375,0.0,0.0,0.04257812499999995,0.0,0.0
unsw_full,point,512,xvd_b2_unsw_full_point_512,7030,0.84171875,0.8612735309969886,0.97390625,0.29046875,4,4,2,2,128,128,4096,4.0,2.0,0.0078125,1.0,0.0,0.0442708333333333,0.0,0.0,0.0445312499999999,0.0,0.0,0.0507812499999999,0.0,0.0
unsw_full,point,2000,xvd_b2_unsw_full_point_2000,7001,0.8509375,0.8683577596116026,0.97828125,0.27640625,2,2,2,0,64,64,8000,2.0,2.0,0.0390625,0.0,0.0,0.03645833333333335,0.0,0.0,0.03671874999999995,0.0,0.0,0.03593749999999995,0.0,0.0
unsw_full,point,2000,xvd_b2_unsw_full_point_2000,7002,0.8528125,0.8704773566183565,0.97703125,0.27140625,2,2,2,0,64,64,8000,2.0,2.0,0.05859375,0.0,0.0,0.05729166666666665,0.0,0.0,0.05703124999999995,0.0,0.0,0.06562499999999995,0.0,0.0
unsw_full,point,2000,xvd_b2_unsw_full_point_2000,7003,0.863515625,0.8770894886298565,0.96625,0.23921875,4,4,3,1,128,128,16000,4.0,3.0,0.044270833333333336,1.0,0.0,0.04513888888888887,0.0,0.0,0.04218749999999993,0.0,0.0,0.0388020833333333,0.0,0.0
unsw_full,point,2000,xvd_b2_unsw_full_point_2000,7004,0.846328125,0.8648970466621217,0.9778125,0.28515625,2,2,2,0,64,64,8000,2.0,2.0,0.0234375,0.0,0.0,0.0494791666666666,0.0,0.0,0.05234375,0.0,0.0,0.048046875,0.0,0.0
unsw_full,point,2000,xvd_b2_unsw_full_point_2000,7005,0.8503125,0.8671000244976125,0.97203125,0.27140625,2,2,1,1,64,64,8000,2.0,1.0,0.015625,0.0,0.0,0.0260416666666666,0.0,0.0,0.0359374999999999,0.0,0.0,0.0398437499999999,0.0,0.0
unsw_full,point,2000,xvd_b2_unsw_full_point_2000,7006,0.843984375,0.8623599174404148,0.9715625,0.28359375,2,2,1,1,64,64,8000,2.0,1.0,0.0078125,0.0,0.0,0.046875,0.0,0.0,0.0375,0.0,0.0,0.05078125,0.0,0.0
unsw_full,point,2000,xvd_b2_unsw_full_point_2000,7007,0.845390625,0.8645306534685937,0.9771875,0.28640625,2,2,2,0,64,64,8000,2.0,2.0,0.0546875,0.0,0.0,0.0559895833333333,0.0,0.0,0.0554687499999999,0.0,0.0,0.0605468749999999,0.0,0.0
unsw_full,point,2000,xvd_b2_unsw_full_point_2000,7008,0.83984375,0.8605075049730919,0.97890625,0.29921875,2,2,2,0,64,64,8000,2.0,2.0,0.07421875,0.0,0.0,0.0611979166666666,0.0,0.0,0.05546874999999995,0.0,0.0,0.015625,0.0,1.0
unsw_full,point,2000,xvd_b2_unsw_full_point_2000,7009,0.857578125,0.8737706500766024,0.978125,0.26296875,2,2,2,0,64,64,8000,2.0,2.0,0.015625,0.0,0.0,0.02994791666666665,0.0,0.0,0.043749999999999956,0.0,0.0,0.049609374999999956,0.0,0.0
unsw_full,point,2000,xvd_b2_unsw_full_point_2000,7010,0.858046875,0.8732194015984848,0.97078125,0.2546875,2,2,2,0,64,64,8000,2.0,2.0,0.0703125,0.0,0.0,0.05989583333333335,0.0,0.0,0.053124999999999895,0.0,0.0,0.054296874999999994,0.0,0.0
unsw_full,point,2000,xvd_b2_unsw_full_point_2000,7011,0.854375,0.8707538715226417,0.976875,0.268125,4,4,3,1,128,128,16000,4.0,3.0,0.020833333333333332,0.0,0.0,0.03645833333333335,0.0,1.0,0.03281249999999995,0.0,1.0,0.0347656249999999,0.0,1.0
unsw_full,point,2000,xvd_b2_unsw_full_point_2000,7012,0.859765625,0.8751401125040706,0.97640625,0.256875,3,3,2,1,96,96,12000,3.0,2.0,0.0546875,0.0,0.0,0.05859375,0.0,0.0,0.04999999999999995,0.0,0.0,0.05781249999999995,0.0,0.0
unsw_full,point,2000,xvd_b2_unsw_full_point_2000,7013,0.848046875,0.8664191287047146,0.97515625,0.2790625,2,2,2,0,64,64,8000,2.0,2.0,0.03515625,0.0,0.0,0.0559895833333333,0.0,0.0,0.05937499999999995,0.0,0.0,0.0542968749999999,0.0,0.0
unsw_full,point,2000,xvd_b2_unsw_full_point_2000,7014,0.860078125,0.8750375527558831,0.9721875,0.25203125,2,2,2,0,64,64,8000,2.0,2.0,0.0234375,1.0,0.0,0.03124999999999995,0.0,0.0,0.04609374999999995,0.0,0.0,0.0437499999999999,0.0,0.0
unsw_full,point,2000,xvd_b2_unsw_full_point_2000,7015,0.839765625,0.8595688410272797,0.97640625,0.296875,2,2,2,0,64,64,8000,2.0,2.0,0.01953125,0.0,0.0,0.0299479166666666,0.0,0.0,0.02734374999999995,1.0,0.0,0.03203124999999995,0.0,0.0
unsw_full,point,2000,xvd_b2_unsw_full_point_2000,7016,0.846171875,0.8655343431740492,0.9834375,0.29109375,3,3,2,1,96,96,12000,3.0,2.0,0.0625,0.0,0.0,0.05338541666666665,0.0,0.0,0.071875,0.0,1.0,0.07421875,0.0,1.0
unsw_full,point,2000,xvd_b2_unsw_full_point_2000,7017,0.84890625,0.8662693142355462,0.97109375,0.27328125,2,2,2,0,64,64,8000,2.0,2.0,0.05078125,0.0,0.0,0.03515625,0.0,0.0,0.0398437499999999,0.0,0.0,0.040625,0.0,0.0
unsw_full,point,2000,xvd_b2_unsw_full_point_2000,7018,0.8421875,0.8618538853562182,0.97984375,0.29546875,2,2,1,1,64,64,8000,2.0,1.0,0.0234375,0.0,0.0,0.0520833333333333,0.0,0.0,0.059375,0.0,0.0,0.06640625,0.0,0.0
unsw_full,point,2000,xvd_b2_unsw_full_point_2000,7019,0.84875,0.8668847096172391,0.9765625,0.2790625,3,3,2,1,96,96,12000,3.0,2.0,0.03125,1.0,0.0,0.03515625,0.0,0.0,0.0460937499999999,0.0,0.0,0.057421875,0.0,0.0
unsw_full,point,2000,xvd_b2_unsw_full_point_2000,7020,0.8365625,0.8576436294533042,0.97953125,0.30640625,2,2,2,0,64,64,8000,2.0,2.0,0.01171875,0.0,0.0,0.0221354166666666,0.0,0.0,0.02109374999999995,0.0,0.0,0.02304687499999995,0.0,0.0
unsw_full,point,2000,xvd_b2_unsw_full_point_2000,7021,0.842421875,0.8613966296607899,0.9721875,0.28734375,2,2,2,0,64,64,8000,2.0,2.0,0.03125,0.0,0.0,0.05338541666666665,0.0,0.0,0.0578125,0.0,0.0,0.03046875,0.0,1.0
unsw_full,point,2000,xvd_b2_unsw_full_point_2000,7022,0.846328125,0.8660976322162489,0.98546875,0.2928125,3,3,2,1,96,96,12000,3.0,2.0,0.05078125,0.0,0.0,0.0481770833333333,0.0,0.0,0.0546875,0.0,0.0,0.08125,0.0,1.0
unsw_full,point,2000,xvd_b2_unsw_full_point_2000,7023,0.852890625,0.8686405826388776,0.9678125,0.26203125,2,2,2,0,64,64,8000,2.0,2.0,0.07421875,0.0,0.0,0.0755208333333333,0.0,1.0,0.0687499999999999,0.0,1.0,0.0710937499999999,0.0,1.0
unsw_full,point,2000,xvd_b2_unsw_full_point_2000,7024,0.846328125,0.8641231701049386,0.97265625,0.28,2,2,2,0,64,64,8000,2.0,2.0,0.03515625,0.0,0.0,0.02343749999999995,0.0,0.0,0.0234375,0.0,0.0,0.02382812499999995,0.0,0.0
unsw_full,point,2000,xvd_b2_unsw_full_point_2000,7025,0.857109375,0.8728758491595983,0.97625,0.26203125,2,2,2,0,64,64,8000,2.0,2.0,0.05859375,0.0,0.0,0.03385416666666665,0.0,0.0,0.02968749999999995,0.0,0.0,0.0339843749999999,0.0,0.0
unsw_full,point,2000,xvd_b2_unsw_full_point_2000,7026,0.85015625,0.8676788768721662,0.9721875,0.271875,2,2,2,0,64,64,8000,2.0,2.0,0.06640625,0.0,0.0,0.0559895833333333,0.0,0.0,0.048437499999999994,0.0,0.0,0.05195312499999995,0.0,0.0
unsw_full,point,2000,xvd_b2_unsw_full_point_2000,7027,0.84984375,0.8676480888908873,0.97703125,0.27734375,2,2,2,0,64,64,8000,2.0,2.0,0.02734375,0.0,0.0,0.0455729166666666,0.0,0.0,0.0390625,0.0,0.0,0.03671874999999995,0.0,0.0
unsw_full,point,2000,xvd_b2_unsw_full_point_2000,7028,0.839296875,0.8601421585826509,0.975625,0.29703125,3,3,3,0,96,96,12000,3.0,3.0,0.057291666666666664,0.0,0.0,0.06510416666666663,0.0,0.0,0.05989583333333326,0.0,0.0,0.055729166666666635,0.0,0.0
unsw_full,point,2000,xvd_b2_unsw_full_point_2000,7029,0.854453125,0.8715139716086189,0.976875,0.26796875,2,2,2,0,64,64,8000,2.0,2.0,0.0390625,0.0,0.0,0.0481770833333333,0.0,0.0,0.04999999999999995,1.0,0.0,0.04531249999999995,1.0,0.0
unsw_full,point,2000,xvd_b2_unsw_full_point_2000,7030,0.8528125,0.8700446139914055,0.97359375,0.26796875,4,4,2,2,128,128,16000,4.0,2.0,0.078125,0.0,0.0,0.08203124999999994,0.0,0.0,0.0742187499999999,0.0,0.0,0.06992187499999995,0.0,0.0
unsw_full,strict,512,xvd_b2_unsw_full_strict_512,7001,0.833359375,0.8552451862809964,0.9771875,0.31046875,4,4,1,3,128,128,4096,4.0,1.0,0.0859375,0.0,0.0,0.0833333333333333,0.0,0.0,0.0593749999999999,0.0,0.0,0.0671874999999999,0.0,0.0
unsw_full,strict,512,xvd_b2_unsw_full_strict_512,7002,0.833515625,0.8547973314083417,0.97328125,0.30625,4,4,1,3,128,128,4096,4.0,1.0,0.0234375,0.0,0.0,0.0338541666666666,0.0,0.0,0.0437499999999999,0.0,0.0,0.04609375,0.0,0.0
unsw_full,strict,512,xvd_b2_unsw_full_strict_512,7003,0.85171875,0.8680131686928249,0.9671875,0.26375,4,4,2,2,128,128,4096,4.0,2.0,0.0078125,1.0,0.0,0.03125,0.0,0.0,0.0335937499999999,0.0,0.0,0.036718749999999946,0.0,0.0
unsw_full,strict,512,xvd_b2_unsw_full_strict_512,7004,0.82265625,0.8492703341330687,0.9859375,0.340625,4,4,1,3,128,128,4096,4.0,1.0,0.1328125,0.0,0.0,0.1223958333333332,0.0,0.0,0.1171875,0.0,0.0,0.125,0.0,0.0
unsw_full,strict,512,xvd_b2_unsw_full_strict_512,7005,0.8440625,0.8622683152741408,0.9684375,0.2803125,4,4,1,3,128,128,4096,4.0,1.0,0.0859375,0.0,0.0,0.0885416666666666,0.0,0.0,0.0890625,0.0,0.0,0.0874999999999999,0.0,0.0
unsw_full,strict,512,xvd_b2_unsw_full_strict_512,7006,0.837265625,0.8579908598818672,0.97671875,0.3021875,2,2,1,1,64,64,2048,2.0,1.0,0.015625,0.0,0.0,0.0286458333333333,0.0,0.0,0.0234375,0.0,0.0,0.03515625,0.0,0.0
unsw_full,strict,512,xvd_b2_unsw_full_strict_512,7007,0.82609375,0.8513209527442775,0.98734375,0.33515625,2,2,1,1,64,64,2048,2.0,1.0,-0.015625,1.0,0.0,-0.0026041666666666,1.0,0.0,0.0062499999999999,0.0,0.0,0.01171875,0.0,0.0
unsw_full,strict,512,xvd_b2_unsw_full_strict_512,7008,0.823984375,0.8488541396807352,0.97890625,0.3309375,2,2,1,1,64,64,2048,2.0,1.0,0.0,0.0,0.0,0.015625,0.0,0.0,0.0124999999999999,0.0,0.0,0.0164062499999999,0.0,0.0
unsw_full,strict,512,xvd_b2_unsw_full_strict_512,7009,0.836875,0.8586558256086013,0.983125,0.309375,3,3,2,1,96,96,3072,3.0,2.0,0.04296875,0.0,0.0,0.05078125,0.0,0.0,0.0484375,0.0,0.0,0.0484375,0.0,0.0
unsw_full,strict,512,xvd_b2_unsw_full_strict_512,7010,0.83578125,0.8577196445417852,0.984375,0.3128125,3,3,1,2,96,96,3072,3.0,1.0,0.0390625,0.0,0.0,0.046875,0.0,0.0,0.0515624999999999,0.0,0.0,0.0453124999999999,0.0,0.0
unsw_full,strict,512,xvd_b2_unsw_full_strict_512,7011,0.82140625,0.8476099748234434,0.98625,0.3434375,4,4,2,2,128,128,4096,4.0,2.0,0.015625,1.0,0.0,0.03125,0.0,1.0,0.0203124999999999,0.0,1.0,0.01875,0.0,1.0
unsw_full,strict,512,xvd_b2_unsw_full_strict_512,7012,0.8340625,0.8554499835538775,0.9759375,0.3078125,5,5,1,4,160,160,5120,5.0,1.0,0.1015625,0.0,0.0,0.0833333333333333,0.0,0.0,0.0921874999999999,0.0,0.0,0.0875,0.0,0.0
unsw_full,strict,512,xvd_b2_unsw_full_strict_512,7013,0.833125,0.8548455040422727,0.97609375,0.30984375,4,4,1,3,128,128,4096,4.0,1.0,0.0703125,0.0,0.0,0.0677083333333333,0.0,0.0,0.075,0.0,0.0,0.08203125,0.0,0.0
unsw_full,strict,512,xvd_b2_unsw_full_strict_512,7014,0.845,0.864037679848806,0.98046875,0.29046875,3,3,1,2,96,96,3072,3.0,1.0,0.0234375,0.0,0.0,0.0416666666666666,0.0,0.0,0.0437499999999999,0.0,0.0,0.0515625,0.0,0.0
unsw_full,strict,512,xvd_b2_unsw_full_strict_512,7015,0.832578125,0.8550886839268003,0.983125,0.31796875,4,4,1,3,128,128,4096,4.0,1.0,0.0234375,0.0,0.0,0.0625,0.0,0.0,0.0625,0.0,0.0,0.0562499999999999,0.0,0.0
unsw_full,strict,512,xvd_b2_unsw_full_strict_512,7016,0.84046875,0.8616553508068072,0.98796875,0.30703125,3,3,1,2,96,96,3072,3.0,1.0,0.078125,0.0,0.0,0.0572916666666666,0.0,0.0,0.071875,0.0,0.0,0.0671874999999999,0.0,0.0
unsw_full,strict,512,xvd_b2_unsw_full_strict_512,7017,0.83921875,0.8584134242537673,0.97,0.2915625,2,2,2,0,64,64,2048,2.0,2.0,0.046875,0.0,0.0,0.02734375,0.0,0.0,0.0359375,0.0,0.0,0.0300781249999999,0.0,0.0
unsw_full,strict,512,xvd_b2_unsw_full_strict_512,7018,0.83984375,0.861420797083882,0.98765625,0.30796875,3,3,1,2,96,96,3072,3.0,1.0,0.0546875,0.0,0.0,0.0963541666666667,0.0,0.0,0.0968749999999999,0.0,0.0,0.09296875,0.0,0.0
unsw_full,strict,512,xvd_b2_unsw_full_strict_512,7019,0.83625,0.8575096200407951,0.97953125,0.30703125,5,5,1,4,160,160,5120,5.0,1.0,0.046875,0.0,0.0,0.0677083333333332,0.0,0.0,0.0703125,0.0,0.0,0.08125,0.0,0.0
unsw_full,strict,512,xvd_b2_unsw_full_strict_512,7020,0.827578125,0.8512221182419399,0.9753125,0.32015625,6,6,1,5,192,192,6144,6.0,1.0,0.1328125,0.0,0.0,0.1197916666666667,0.0,0.0,0.1312499999999999,0.0,0.0,0.11640625,0.0,0.0
unsw_full,strict,512,xvd_b2_unsw_full_strict_512,7021,0.83078125,0.8530546919336564,0.97375,0.3121875,2,2,2,0,64,64,2048,2.0,2.0,0.03125,1.0,0.0,0.04557291666666665,0.0,0.0,0.0515625,0.0,0.0,0.0015625,0.0,1.0
unsw_full,strict,512,xvd_b2_unsw_full_strict_512,7022,0.830234375,0.8543609518307419,0.98734375,0.326875,4,4,2,2,128,128,4096,4.0,2.0,0.05078125,0.0,0.0,0.06249999999999995,0.0,0.0,0.05312499999999995,0.0,0.0,0.051953125,0.0,0.0
unsw_full,strict,512,xvd_b2_unsw_full_strict_512,7023,0.83484375,0.8556488740587695,0.97359375,0.30390625,2,2,1,1,64,64,2048,2.0,1.0,0.0234375,0.0,0.0,0.0338541666666667,0.0,0.0,0.025,0.0,0.0,0.0296874999999999,0.0,0.0
unsw_full,strict,512,xvd_b2_unsw_full_strict_512,7024,0.82984375,0.8533931568289701,0.98265625,0.32296875,3,3,1,2,96,96,3072,3.0,1.0,-0.015625,1.0,0.0,0.0052083333333333,0.0,0.0,0.015625,0.0,0.0,0.0171875,0.0,0.0
unsw_full,strict,512,xvd_b2_unsw_full_strict_512,7025,0.827890625,0.851524651123587,0.9825,0.32671875,4,4,1,3,128,128,4096,4.0,1.0,-0.0078125,1.0,0.0,0.0208333333333332,0.0,0.0,0.015625,0.0,0.0,0.0343749999999999,0.0,0.0
unsw_full,strict,512,xvd_b2_unsw_full_strict_512,7026,0.830234375,0.8531435846491136,0.979375,0.31890625,3,3,1,2,96,96,3072,3.0,1.0,0.046875,0.0,0.0,0.0520833333333333,0.0,0.0,0.0546875,0.0,0.0,0.05234375,0.0,0.0
unsw_full,strict,512,xvd_b2_unsw_full_strict_512,7027,0.832421875,0.8545422213420707,0.97890625,0.3140625,3,3,1,2,96,96,3072,3.0,1.0,0.03125,0.0,0.0,0.03125,0.0,0.0,0.0296874999999999,0.0,0.0,0.0257812499999999,0.0,0.0
unsw_full,strict,512,xvd_b2_unsw_full_strict_512,7028,0.82109375,0.8469958399517384,0.9815625,0.339375,4,4,3,1,128,128,4096,4.0,3.0,0.049479166666666664,0.0,0.0,0.04861111111111107,0.0,0.0,0.04895833333333327,0.0,0.0,0.04505208333333327,0.0,0.0
unsw_full,strict,512,xvd_b2_unsw_full_strict_512,7029,0.841015625,0.8615550616187959,0.97578125,0.29375,6,6,1,5,192,192,6144,6.0,1.0,0.125,0.0,0.0,0.0989583333333332,0.0,0.0,0.0875,0.0,0.0,0.0984375,0.0,0.0
unsw_full,strict,512,xvd_b2_unsw_full_strict_512,7030,0.84171875,0.8612735309969886,0.97390625,0.29046875,4,4,2,2,128,128,4096,4.0,2.0,0.0078125,1.0,0.0,0.0442708333333333,0.0,0.0,0.0445312499999999,0.0,0.0,0.0507812499999999,0.0,0.0
unsw_full,strict,2000,xvd_b2_unsw_full_strict_2000,7001,0.8509375,0.8683577596116026,0.97828125,0.27640625,2,2,2,0,64,64,8000,2.0,2.0,0.0390625,0.0,0.0,0.03645833333333335,0.0,0.0,0.03671874999999995,0.0,0.0,0.03593749999999995,0.0,0.0
unsw_full,strict,2000,xvd_b2_unsw_full_strict_2000,7002,0.841015625,0.8604875559166338,0.973125,0.29109375,4,4,1,3,128,128,16000,4.0,1.0,0.046875,0.0,0.0,0.0625,0.0,0.0,0.0687499999999999,0.0,0.0,0.07421875,0.0,0.0
unsw_full,strict,2000,xvd_b2_unsw_full_strict_2000,7003,0.863515625,0.8770894886298565,0.96625,0.23921875,4,4,3,1,128,128,16000,4.0,3.0,0.044270833333333336,1.0,0.0,0.04513888888888887,0.0,0.0,0.04218749999999993,0.0,0.0,0.0388020833333333,0.0,0.0
unsw_full,strict,2000,xvd_b2_unsw_full_strict_2000,7004,0.839140625,0.8611563229717148,0.98421875,0.3059375,3,3,1,2,96,96,12000,3.0,1.0,0.0859375,0.0,0.0,0.1223958333333333,0.0,0.0,0.1390624999999999,0.0,0.0,0.14609375,0.0,0.0
unsw_full,strict,2000,xvd_b2_unsw_full_strict_2000,7005,0.85171875,0.8684262381845623,0.9728125,0.269375,3,3,1,2,96,96,12000,3.0,1.0,0.0546875,0.0,0.0,0.0442708333333332,0.0,0.0,0.0578124999999999,0.0,0.0,0.0726562499999999,0.0,0.0
unsw_full,strict,2000,xvd_b2_unsw_full_strict_2000,7006,0.84390625,0.8630817610720811,0.97328125,0.28546875,4,4,1,3,128,128,16000,4.0,1.0,0.09375,0.0,0.0,0.1119791666666667,0.0,0.0,0.1078124999999999,0.0,0.0,0.0999999999999999,0.0,0.0
unsw_full,strict,2000,xvd_b2_unsw_full_strict_2000,7007,0.845390625,0.8645306534685937,0.9771875,0.28640625,2,2,2,0,64,64,8000,2.0,2.0,0.0546875,0.0,0.0,0.0559895833333333,0.0,0.0,0.0554687499999999,0.0,0.0,0.0605468749999999,0.0,0.0
unsw_full,strict,2000,xvd_b2_unsw_full_strict_2000,7008,0.830859375,0.853682630400864,0.979375,0.31765625,2,2,1,1,64,64,8000,2.0,1.0,0.015625,0.0,0.0,0.0208333333333332,0.0,0.0,0.0124999999999999,0.0,0.0,0.015625,0.0,0.0
unsw_full,strict,2000,xvd_b2_unsw_full_strict_2000,7009,0.852890625,0.8703982285292672,0.97828125,0.2725,3,3,2,1,96,96,12000,3.0,2.0,0.05078125,0.0,0.0,0.05078125,0.0,0.0,0.05390625,0.0,0.0,0.05937499999999995,0.0,0.0
unsw_full,strict,2000,xvd_b2_unsw_full_strict_2000,7010,0.858046875,0.8732194015984848,0.97078125,0.2546875,2,2,2,0,64,64,8000,2.0,2.0,0.0703125,0.0,0.0,0.05989583333333335,0.0,0.0,0.053124999999999895,0.0,0.0,0.054296874999999994,0.0,0.0
unsw_full,strict,2000,xvd_b2_unsw_full_strict_2000,7011,0.856953125,0.8730211014846092,0.97859375,0.2646875,4,4,2,2,128,128,16000,4.0,2.0,0.05859375,0.0,0.0,0.046875,0.0,0.0,0.0484374999999999,0.0,0.0,0.05195312499999995,0.0,0.0
unsw_full,strict,2000,xvd_b2_unsw_full_strict_2000,7012,0.84078125,0.8599424153869105,0.974375,0.2928125,3,3,1,2,96,96,12000,3.0,1.0,0.0546875,0.0,0.0,0.0364583333333333,0.0,0.0,0.0390625,0.0,0.0,0.04609375,0.0,0.0
unsw_full,strict,2000,xvd_b2_unsw_full_strict_2000,7013,0.845234375,0.8642334709582975,0.97640625,0.2859375,3,3,2,1,96,96,12000,3.0,2.0,0.0625,0.0,0.0,0.05859374999999995,0.0,0.0,0.05703124999999995,0.0,0.0,0.04453125,0.0,1.0
unsw_full,strict,2000,xvd_b2_unsw_full_strict_2000,7014,0.836484375,0.8576098350367063,0.97921875,0.30625,3,3,1,2,96,96,12000,3.0,1.0,-0.0078125,1.0,0.0,0.0234375,0.0,0.0,0.0265625,0.0,0.0,0.02421875,0.0,0.0
unsw_full,strict,2000,xvd_b2_unsw_full_strict_2000,7015,0.842890625,0.8623445562231227,0.9775,0.29171875,3,3,2,1,96,96,12000,3.0,2.0,0.02734375,0.0,0.0,0.0455729166666666,0.0,0.0,0.0421875,1.0,0.0,0.04999999999999995,0.0,0.0
unsw_full,strict,2000,xvd_b2_unsw_full_strict_2000,7016,0.846171875,0.8655343431740492,0.9834375,0.29109375,3,3,2,1,96,96,12000,3.0,2.0,0.0625,0.0,0.0,0.05338541666666665,0.0,0.0,0.071875,0.0,1.0,0.07421875,0.0,1.0
unsw_full,strict,2000,xvd_b2_unsw_full_strict_2000,7017,0.84890625,0.8662693142355462,0.97109375,0.27328125,2,2,2,0,64,64,8000,2.0,2.0,0.05078125,0.0,0.0,0.03515625,0.0,0.0,0.0398437499999999,0.0,0.0,0.040625,0.0,0.0
unsw_full,strict,2000,xvd_b2_unsw_full_strict_2000,7018,0.8421875,0.8618538853562182,0.97984375,0.29546875,2,2,1,1,64,64,8000,2.0,1.0,0.0234375,0.0,0.0,0.0520833333333333,0.0,0.0,0.059375,0.0,0.0,0.06640625,0.0,0.0
unsw_full,strict,2000,xvd_b2_unsw_full_strict_2000,7019,0.84875,0.8668847096172391,0.9765625,0.2790625,3,3,2,1,96,96,12000,3.0,2.0,0.03125,1.0,0.0,0.03515625,0.0,0.0,0.0460937499999999,0.0,0.0,0.057421875,0.0,0.0
unsw_full,strict,2000,xvd_b2_unsw_full_strict_2000,7020,0.83125,0.854324077576261,0.97578125,0.31328125,6,6,1,5,192,192,24000,6.0,1.0,0.140625,0.0,0.0,0.1380208333333333,0.0,0.0,0.140625,0.0,0.0,0.1375,0.0,0.0
unsw_full,strict,2000,xvd_b2_unsw_full_strict_2000,7021,0.842421875,0.8613966296607899,0.9721875,0.28734375,2,2,2,0,64,64,8000,2.0,2.0,0.03125,0.0,0.0,0.05338541666666665,0.0,0.0,0.0578125,0.0,0.0,0.03046875,0.0,1.0
unsw_full,strict,2000,xvd_b2_unsw_full_strict_2000,7022,0.846328125,0.8660976322162489,0.98546875,0.2928125,3,3,2,1,96,96,12000,3.0,2.0,0.05078125,0.0,0.0,0.0481770833333333,0.0,0.0,0.0546875,0.0,0.0,0.08125,0.0,1.0
unsw_full,strict,2000,xvd_b2_unsw_full_strict_2000,7023,0.8525,0.8683308304406361,0.9678125,0.2628125,2,2,1,1,64,64,8000,2.0,1.0,0.109375,0.0,0.0,0.0755208333333333,0.0,0.0,0.0687499999999999,0.0,0.0,0.0710937499999999,0.0,0.0
unsw_full,strict,2000,xvd_b2_unsw_full_strict_2000,7024,0.851328125,0.8685202769231251,0.97546875,0.2728125,3,3,2,1,96,96,12000,3.0,2.0,0.015625,0.0,0.0,0.0403645833333333,0.0,0.0,0.04765625,0.0,0.0,0.053515625,0.0,0.0
unsw_full,strict,2000,xvd_b2_unsw_full_strict_2000,7025,0.839140625,0.860186303359685,0.98359375,0.3053125,3,3,1,2,96,96,12000,3.0,1.0,0.09375,0.0,0.0,0.0729166666666666,0.0,0.0,0.065625,0.0,0.0,0.07734375,0.0,0.0
unsw_full,strict,2000,xvd_b2_unsw_full_strict_2000,7026,0.85015625,0.8676788768721662,0.9721875,0.271875,2,2,2,0,64,64,8000,2.0,2.0,0.06640625,0.0,0.0,0.0559895833333333,0.0,0.0,0.048437499999999994,0.0,0.0,0.05195312499999995,0.0,0.0
unsw_full,strict,2000,xvd_b2_unsw_full_strict_2000,7027,0.84984375,0.8676480888908873,0.97703125,0.27734375,2,2,2,0,64,64,8000,2.0,2.0,0.02734375,0.0,0.0,0.0455729166666666,0.0,0.0,0.0390625,0.0,0.0,0.03671874999999995,0.0,0.0
unsw_full,strict,2000,xvd_b2_unsw_full_strict_2000,7028,0.839296875,0.8601421585826509,0.975625,0.29703125,3,3,3,0,96,96,12000,3.0,3.0,0.057291666666666664,0.0,0.0,0.06510416666666663,0.0,0.0,0.05989583333333326,0.0,0.0,0.055729166666666635,0.0,0.0
unsw_full,strict,2000,xvd_b2_unsw_full_strict_2000,7029,0.8371875,0.8580376220102093,0.9765625,0.3021875,4,4,1,3,128,128,16000,4.0,1.0,0.0390625,0.0,0.0,0.0130208333333332,0.0,0.0,0.0171874999999999,0.0,0.0,0.0164062499999999,0.0,0.0
unsw_full,strict,2000,xvd_b2_unsw_full_strict_2000,7030,0.8484375,0.8665233682762761,0.974375,0.2775,4,4,1,3,128,128,16000,4.0,1.0,0.109375,0.0,0.0,0.1380208333333333,0.0,0.0,0.1265624999999999,0.0,0.0,0.1187499999999999,0.0,0.0
ton_full,never,n/a,xvd_b2_ton_full_never,7001,0.850078125,0.8677841487479199,,,0,0,0,0,0,0,0,,,,,,,,,,,,,,
ton_full,never,n/a,xvd_b2_ton_full_never,7002,0.8421875,0.8611253346054731,,,0,0,0,0,0,0,0,,,,,,,,,,,,,,
ton_full,never,n/a,xvd_b2_ton_full_never,7003,0.848984375,0.8666653232900164,,,0,0,0,0,0,0,0,,,,,,,,,,,,,,
ton_full,never,n/a,xvd_b2_ton_full_never,7004,0.840703125,0.858569328311349,,,0,0,0,0,0,0,0,,,,,,,,,,,,,,
ton_full,never,n/a,xvd_b2_ton_full_never,7005,0.84375,0.8629614831407253,,,0,0,0,0,0,0,0,,,,,,,,,,,,,,
ton_full,never,n/a,xvd_b2_ton_full_never,7006,0.845546875,0.8639308531121869,,,0,0,0,0,0,0,0,,,,,,,,,,,,,,
ton_full,never,n/a,xvd_b2_ton_full_never,7007,0.793046875,0.8074893513818894,,,0,0,0,0,0,0,0,,,,,,,,,,,,,,
ton_full,never,n/a,xvd_b2_ton_full_never,7008,0.847578125,0.8661557536317699,,,0,0,0,0,0,0,0,,,,,,,,,,,,,,
ton_full,never,n/a,xvd_b2_ton_full_never,7009,0.845390625,0.8649385063193578,,,0,0,0,0,0,0,0,,,,,,,,,,,,,,
ton_full,never,n/a,xvd_b2_ton_full_never,7010,0.840234375,0.8604859431371359,,,0,0,0,0,0,0,0,,,,,,,,,,,,,,
ton_full,never,n/a,xvd_b2_ton_full_never,7011,0.845546875,0.8643584779149687,,,0,0,0,0,0,0,0,,,,,,,,,,,,,,
ton_full,never,n/a,xvd_b2_ton_full_never,7012,0.8503125,0.8683919034618975,,,0,0,0,0,0,0,0,,,,,,,,,,,,,,
ton_full,never,n/a,xvd_b2_ton_full_never,7013,0.844375,0.863518493700449,,,0,0,0,0,0,0,0,,,,,,,,,,,,,,
ton_full,never,n/a,xvd_b2_ton_full_never,7014,0.842890625,0.8605013772985319,,,0,0,0,0,0,0,0,,,,,,,,,,,,,,
ton_full,never,n/a,xvd_b2_ton_full_never,7015,0.847890625,0.8666500907820942,,,0,0,0,0,0,0,0,,,,,,,,,,,,,,
ton_full,never,n/a,xvd_b2_ton_full_never,7016,0.84359375,0.8626285421160866,,,0,0,0,0,0,0,0,,,,,,,,,,,,,,
ton_full,never,n/a,xvd_b2_ton_full_never,7017,0.8040625,0.818780969374518,,,0,0,0,0,0,0,0,,,,,,,,,,,,,,
ton_full,never,n/a,xvd_b2_ton_full_never,7018,0.832890625,0.8513665761613133,,,0,0,0,0,0,0,0,,,,,,,,,,,,,,
ton_full,never,n/a,xvd_b2_ton_full_never,7019,0.84421875,0.8628891299462994,,,0,0,0,0,0,0,0,,,,,,,,,,,,,,
ton_full,never,n/a,xvd_b2_ton_full_never,7020,0.847421875,0.8661095184706396,,,0,0,0,0,0,0,0,,,,,,,,,,,,,,
ton_full,never,n/a,xvd_b2_ton_full_never,7021,0.84640625,0.864819865096946,,,0,0,0,0,0,0,0,,,,,,,,,,,,,,
ton_full,never,n/a,xvd_b2_ton_full_never,7022,0.847109375,0.8659856741719685,,,0,0,0,0,0,0,0,,,,,,,,,,,,,,
ton_full,never,n/a,xvd_b2_ton_full_never,7023,0.778984375,0.7569354573395409,,,0,0,0,0,0,0,0,,,,,,,,,,,,,,
ton_full,never,n/a,xvd_b2_ton_full_never,7024,0.850078125,0.8686242122105193,,,0,0,0,0,0,0,0,,,,,,,,,,,,,,
ton_full,never,n/a,xvd_b2_ton_full_never,7025,0.83,0.8479502132971948,,,0,0,0,0,0,0,0,,,,,,,,,,,,,,
ton_full,never,n/a,xvd_b2_ton_full_never,7026,0.834921875,0.8531231065472531,,,0,0,0,0,0,0,0,,,,,,,,,,,,,,
ton_full,never,n/a,xvd_b2_ton_full_never,7027,0.849296875,0.867195214581446,,,0,0,0,0,0,0,0,,,,,,,,,,,,,,
ton_full,never,n/a,xvd_b2_ton_full_never,7028,0.8515625,0.8691609609123845,,,0,0,0,0,0,0,0,,,,,,,,,,,,,,
ton_full,never,n/a,xvd_b2_ton_full_never,7029,0.801171875,0.8150431100290285,,,0,0,0,0,0,0,0,,,,,,,,,,,,,,
ton_full,never,n/a,xvd_b2_ton_full_never,7030,0.820234375,0.837043103297717,,,0,0,0,0,0,0,0,,,,,,,,,,,,,,
ton_full,naive,512,xvd_b2_ton_full_naive_512,7001,0.84421875,0.8627204195234645,0.975,0.2865625,2,2,2,0,0,0,2048,2.0,2.0,-0.00390625,1.0,0.0,-0.0091145833333332,2.0,0.0,-0.00781249999999995,2.0,0.0,-0.00703124999999995,2.0,0.0
ton_full,naive,512,xvd_b2_ton_full_naive_512,7002,0.836015625,0.8565014559213238,0.975,0.30296875,2,2,2,0,0,0,2048,2.0,2.0,-0.0078125,2.0,0.0,-0.0052083333333333495,2.0,0.0,-0.009375,2.0,0.0,-0.0078124999999999,2.0,0.0
ton_full,naive,512,xvd_b2_ton_full_naive_512,7003,0.838203125,0.8584469722863222,0.97765625,0.30125,2,2,2,0,0,0,2048,2.0,2.0,-0.00390625,1.0,0.0,-0.0065104166666666,2.0,0.0,-0.00781249999999995,2.0,0.0,-0.010156249999999999,2.0,0.0
ton_full,naive,512,xvd_b2_ton_full_naive_512,7004,0.845078125,0.8632861400896652,0.9746875,0.28453125,3,3,3,0,0,0,3072,3.0,3.0,0.0026041666666666665,1.0,0.0,0.0,1.0,0.0,0.0020833333333333,1.0,0.0,0.0013020833333333998,2.0,0.0
ton_full,naive,512,xvd_b2_ton_full_naive_512,7005,0.84,0.859831409252129,0.978125,0.298125,2,2,2,0,0,0,2048,2.0,2.0,-0.00390625,1.0,0.0,-0.0078125,2.0,0.0,-0.00625,2.0,0.0,-0.0031249999999999,2.0,0.0
ton_full,naive,512,xvd_b2_ton_full_naive_512,7006,0.8425,0.8615720128190988,0.9771875,0.2921875,2,2,2,0,0,0,2048,2.0,2.0,0.00390625,0.0,0.0,-0.0013020833333333,1.0,0.0,-0.00156249999999995,1.0,0.0,-0.0023437499999999,2.0,0.0
ton_full,naive,512,xvd_b2_ton_full_naive_512,7007,0.830234375,0.8482813078771507,0.9490625,0.28859375,1,1,1,0,0,0,1024,1.0,1.0,0.0703125,0.0,0.0,0.0338541666666667,0.0,0.0,0.028125,0.0,0.0,0.03671875,0.0,0.0
ton_full,naive,512,xvd_b2_ton_full_naive_512,7008,0.843515625,0.8624626702951999,0.97765625,0.290625,3,3,3,0,0,0,3072,3.0,3.0,-0.005208333333333333,1.0,0.0,-0.0026041666666666665,1.0,0.0,-0.0026041666666666336,2.0,0.0,-0.0013020833333333333,1.0,0.0
ton_full,naive,512,xvd_b2_ton_full_naive_512,7009,0.840859375,0.8608028381853292,0.97875,0.29703125,1,1,1,0,0,0,1024,1.0,1.0,0.0,0.0,0.0,-0.0078125,1.0,0.0,-0.0109375,1.0,0.0,-0.01015625,1.0,0.0
ton_full,naive,512,xvd_b2_ton_full_naive_512,7010,0.838046875,0.8584782375822162,0.97921875,0.303125,1,1,1,0,0,0,1024,1.0,1.0,0.0,0.0,0.0,0.0026041666666666,0.0,0.0,0.0015625,0.0,0.0,-0.00078125,1.0,0.0
ton_full,naive,512,xvd_b2_ton_full_naive_512,7011,0.851015625,0.8687354212369837,0.97609375,0.2740625,3,3,3,0,0,0,3072,3.0,3.0,0.044270833333333336,1.0,0.0,0.039062499999999965,1.0,0.0,0.043750000000000004,1.0,0.0,0.0007812499999999504,1.0,1.0
ton_full,naive,512,xvd_b2_ton_full_naive_512,7012,0.847890625,0.8660130446315293,0.979375,0.28359375,1,1,1,0,0,0,1024,1.0,1.0,0.0,0.0,0.0,-0.0078125,1.0,0.0,-0.0078125,1.0,0.0,-0.0046875,1.0,0.0
ton_full,naive,512,xvd_b2_ton_full_naive_512,7013,0.840859375,0.860398121166222,0.97625,0.29453125,2,2,2,0,0,0,2048,2.0,2.0,0.00390625,0.0,0.0,-0.00130208333333335,1.0,0.0,-0.0015624999999999999,1.0,0.0,-0.00117187499999995,1.0,0.0
ton_full,naive,512,xvd_b2_ton_full_naive_512,7014,0.83921875,0.8591387522102856,0.97671875,0.29828125,2,2,2,0,0,0,2048,2.0,2.0,0.0,0.0,0.0,0.0,1.0,0.0,0.00234375000000005,1.0,0.0,0.0011718749999999499,1.0,0.0
ton_full,naive,512,xvd_b2_ton_full_naive_512,7015,0.838828125,0.8586585741816909,0.975625,0.29796875,2,2,2,0,0,0,2048,2.0,2.0,0.00390625,0.0,0.0,-0.0104166666666666,2.0,0.0,-0.01093749999999995,2.0,0.0,-0.0101562499999999,2.0,0.0
ton_full,naive,512,xvd_b2_ton_full_naive_512,7016,0.836640625,0.8565743159524508,0.97265625,0.299375,3,3,3,0,0,0,3072,3.0,3.0,-0.010416666666666666,1.0,0.0,-0.009548611111111067,2.0,0.0,-0.006250000000000033,2.0,0.0,-0.0031249999999999668,2.0,0.0
ton_full,naive,512,xvd_b2_ton_full_naive_512,7017,0.849296875,0.8652331994833385,0.96125,0.26265625,3,3,3,0,0,0,3072,3.0,3.0,0.052083333333333336,1.0,0.0,0.033854166666666664,1.0,0.0,0.02864583333333337,1.0,0.0,0.03281249999999997,1.0,0.0
ton_full,naive,512,xvd_b2_ton_full_naive_512,7018,0.844375,0.8620428014603498,0.96671875,0.27796875,2,2,2,0,0,0,2048,2.0,2.0,0.03125,1.0,0.0,0.0351562499999999,0.0,0.0,0.02734375,0.0,0.0,0.02578125,0.0,0.0
ton_full,naive,512,xvd_b2_ton_full_naive_512,7019,0.839921875,0.8594966631057845,0.97578125,0.2959375,2,2,2,0,0,0,2048,2.0,2.0,-0.00390625,1.0,0.0,-0.0065104166666666,2.0,0.0,-0.00390625,1.0,0.0,-0.00195312499999995,1.0,0.0
ton_full,naive,512,xvd_b2_ton_full_naive_512,7020,0.845234375,0.8642472791250014,0.98046875,0.29,2,2,2,0,0,0,2048,2.0,2.0,0.00390625,0.0,0.0,0.00260416666666665,0.0,0.0,-5.0090140368830305e-17,1.0,0.0,0.001171875,1.0,0.0
ton_full,naive,512,xvd_b2_ton_full_naive_512,7021,0.84203125,0.860774498373145,0.9725,0.2884375,2,2,2,0,0,0,2048,2.0,2.0,-0.00390625,1.0,0.0,0.0,1.0,0.0,-0.0046875,1.0,0.0,-0.0007812499999999998,1.0,0.0
ton_full,naive,512,xvd_b2_ton_full_naive_512,7022,0.845703125,0.8645988471482887,0.9809375,0.28953125,2,2,2,0,0,0,2048,2.0,2.0,0.0,0.0,0.0,0.00390624999999995,1.0,0.0,0.0031250000000000505,1.0,0.0,-0.0046875,1.0,1.0
ton_full,naive,512,xvd_b2_ton_full_naive_512,7023,0.867890625,0.872516911213726,0.90515625,0.169375,2,2,2,0,0,0,2048,2.0,2.0,0.0703125,0.0,0.0,0.078125,0.0,0.0,0.09140625,0.0,0.0,0.09804687499999999,0.0,0.0
ton_full,naive,512,xvd_b2_ton_full_naive_512,7024,0.848671875,0.867037398304801,0.98234375,0.285,1,1,1,0,0,0,1024,1.0,1.0,0.0,0.0,0.0,-0.0026041666666666,1.0,0.0,-0.0078125,1.0,0.0,-0.00546875,1.0,0.0
ton_full,naive,512,xvd_b2_ton_full_naive_512,7025,0.839921875,0.8591038185462945,0.9725,0.29265625,2,2,2,0,0,0,2048,2.0,2.0,0.01171875,1.0,0.0,0.01041666666666665,0.0,0.0,0.0054687500000000005,1.0,0.0,0.00234375000000005,1.0,0.0
ton_full,naive,512,xvd_b2_ton_full_naive_512,7026,0.868359375,0.8833096196821678,0.97359375,0.236875,3,3,3,0,0,0,3072,3.0,3.0,0.0546875,1.0,0.0,0.04947916666666663,1.0,0.0,0.04479166666666667,1.0,0.0,0.047135416666666596,0.0,0.0
ton_full,naive,512,xvd_b2_ton_full_naive_512,7027,0.845,0.8632162724428204,0.97546875,0.28546875,2,2,2,0,0,0,2048,2.0,2.0,-0.0078125,1.0,0.0,-0.00390625,1.0,0.0,-0.0023437500000000003,1.0,0.0,-0.001953125,1.0,0.0
ton_full,naive,512,xvd_b2_ton_full_naive_512,7028,0.84734375,0.8652416726197165,0.97671875,0.28203125,2,2,2,0,0,0,2048,2.0,2.0,-0.0078125,2.0,0.0,-0.0039062500000000494,1.0,0.0,-0.0007812499999999998,1.0,0.0,-0.00039062499999995004,1.0,0.0
ton_full,naive,512,xvd_b2_ton_full_naive_512,7029,0.840078125,0.857851823007324,0.96296875,0.2828125,2,2,2,0,0,0,2048,2.0,2.0,0.0,1.0,0.0,0.015625,0.0,0.0,0.01640625,0.0,0.0,0.019140625,0.0,0.0
ton_full,naive,512,xvd_b2_ton_full_naive_512,7030,0.838359375,0.8566407447561417,0.9625,0.28578125,2,2,2,0,0,0,2048,2.0,2.0,0.01171875,0.0,0.0,0.01822916666666665,0.0,0.0,0.019531249999999948,0.0,0.0,0.01601562499999995,0.0,0.0
ton_full,naive,2000,xvd_b2_ton_full_naive_2000,7001,0.850546875,0.8680026105923937,0.97859375,0.2775,2,2,2,0,0,0,8000,2.0,2.0,-0.0078125,2.0,0.0,-0.0013020833333333,1.0,0.0,-0.00156249999999995,2.0,0.0,-0.0015624999999999001,2.0,0.0
ton_full,naive,2000,xvd_b2_ton_full_naive_2000,7002,0.8421875,0.8611553851654886,0.97515625,0.29078125,2,2,2,0,0,0,8000,2.0,2.0,-0.00390625,1.0,0.0,0.00130208333333335,0.0,0.0,0.0,0.0,0.0,5.003593026020603e-17,1.0,0.0
ton_full,naive,2000,xvd_b2_ton_full_naive_2000,7003,0.84984375,0.8677580604379064,0.98171875,0.28203125,2,2,2,0,0,0,8000,2.0,2.0,0.00390625,0.0,0.0,0.0013020833333333,0.0,0.0,-0.00234374999999995,2.0,0.0,-0.00078125,1.0,0.0
ton_full,naive,2000,xvd_b2_ton_full_naive_2000,7004,0.856484375,0.8725964835097408,0.97515625,0.2621875,3,3,3,0,0,0,12000,3.0,3.0,0.028645833333333332,0.0,0.0,0.026909722222222234,0.0,0.0,0.024999999999999967,0.0,0.0,0.0221354166666666,0.0,0.0
ton_full,naive,2000,xvd_b2_ton_full_naive_2000,7005,0.8425,0.8618713094333121,0.979375,0.294375,2,2,2,0,0,0,8000,2.0,2.0,0.0,0.0,0.0,0.0,1.0,0.0,0.0,1.0,0.0,-0.0011718749999999499,1.0,0.0
ton_full,naive,2000,xvd_b2_ton_full_naive_2000,7006,0.845546875,0.8640774225657065,0.97890625,0.2878125,2,2,2,0,0,0,8000,2.0,2.0,0.0,0.0,0.0,0.0013020833333333,0.0,0.0,0.0023437500000000003,0.0,0.0,0.0015625000000000497,1.0,0.0
ton_full,naive,2000,xvd_b2_ton_full_naive_2000,7007,0.835625,0.8532717126558623,0.95625,0.285,1,1,1,0,0,0,4000,1.0,1.0,0.078125,0.0,0.0,0.046875,0.0,0.0,0.0390625,0.0,0.0,0.0492187499999999,0.0,0.0
ton_full,naive,2000,xvd_b2_ton_full_naive_2000,7008,0.84640625,0.8646803039438332,0.9778125,0.285,3,3,3,0,0,0,12000,3.0,3.0,-0.0078125,1.0,0.0,-0.0008680555555555667,1.0,0.0,-0.0015624999999999667,1.0,0.0,-0.0007812499999999999,1.0,0.0
ton_full,naive,2000,xvd_b2_ton_full_naive_2000,7009,0.84265625,0.8621814613016605,0.97875,0.2934375,1,1,1,0,0,0,4000,1.0,1.0,0.0,0.0,0.0,-0.0026041666666666,1.0,0.0,-0.00625,1.0,0.0,-0.00546875,1.0,0.0
ton_full,naive,2000,xvd_b2_ton_full_naive_2000,7010,0.841796875,0.8615443941396081,0.98140625,0.2978125,1,1,1,0,0,0,4000,1.0,1.0,0.0,0.0,0.0,0.0026041666666666,0.0,0.0,0.0015625,0.0,0.0,0.0007812499999999,0.0,0.0
ton_full,naive,2000,xvd_b2_ton_full_naive_2000,7011,0.84796875,0.866071470298042,0.97875,0.2828125,3,3,3,0,0,0,12000,3.0,3.0,0.0,0.0,0.0,0.0034722222222222,0.0,0.0,0.004166666666666634,0.0,0.0,0.0019531249999999501,1.0,1.0
ton_full,naive,2000,xvd_b2_ton_full_naive_2000,7012,0.84921875,0.8671137269437011,0.98,0.2815625,1,1,1,0,0,0,4000,1.0,1.0,0.0,0.0,0.0,0.0,0.0,0.0,0.0,0.0,0.0,0.0007812499999999,0.0,0.0
ton_full,naive,2000,xvd_b2_ton_full_naive_2000,7013,0.844765625,0.8634915791951201,0.97703125,0.2875,2,2,2,0,0,0,8000,2.0,2.0,0.0,0.0,0.0,-0.00130208333333335,1.0,0.0,-0.0015625,1.0,0.0,0.0,1.0,0.0
ton_full,naive,2000,xvd_b2_ton_full_naive_2000,7014,0.846875,0.8650224087805465,0.97765625,0.28390625,2,2,2,0,0,0,8000,2.0,2.0,0.01171875,0.0,0.0,0.0052083333333333,0.0,0.0,0.00390625,0.0,0.0,0.005078125,0.0,0.0
ton_full,naive,2000,xvd_b2_ton_full_naive_2000,7015,0.845625,0.8642523894737775,0.97921875,0.28796875,2,2,2,0,0,0,8000,2.0,2.0,0.0,0.0,0.0,-0.0052083333333333,2.0,0.0,-0.00312499999999995,2.0,0.0,-0.00078125,1.0,0.0
ton_full,naive,2000,xvd_b2_ton_full_naive_2000,7016,0.842265625,0.8608885625153024,0.9734375,0.28890625,3,3,3,0,0,0,12000,3.0,3.0,0.005208333333333333,0.0,0.0,0.003472222222222233,0.0,0.0,0.0015624999999999999,1.0,0.0,-0.0005208333333333666,1.0,0.0
ton_full,naive,2000,xvd_b2_ton_full_naive_2000,7017,0.870390625,0.8842697422217373,0.96390625,0.223125,3,3,3,0,0,0,12000,3.0,3.0,0.08072916666666667,0.0,0.0,0.06336805555555552,0.0,0.0,0.06041666666666667,1.0,0.0,0.06145833333333334,1.0,0.0
ton_full,naive,2000,xvd_b2_ton_full_naive_2000,7018,0.84265625,0.8609967557065694,0.9709375,0.285625,2,2,2,0,0,0,8000,2.0,2.0,0.0234375,0.0,0.0,0.0169270833333333,0.0,0.0,0.0124999999999999,0.0,0.0,0.01015625,0.0,0.0
ton_full,naive,2000,xvd_b2_ton_full_naive_2000,7019,0.842578125,0.8617480722968967,0.97796875,0.2928125,2,2,2,0,0,0,8000,2.0,2.0,-0.0078125,2.0,0.0,-0.00260416666666665,1.0,0.0,-0.00234375,1.0,0.0,-0.0007812499999999501,1.0,0.0
ton_full,naive,2000,xvd_b2_ton_full_naive_2000,7020,0.84921875,0.8676512847471595,0.9834375,0.285,2,2,2,0,0,0,8000,2.0,2.0,0.0,0.0,0.0,-0.0013020833333333,1.0,0.0,-0.00078125,1.0,0.0,0.0,0.0,0.0
ton_full,naive,2000,xvd_b2_ton_full_naive_2000,7021,0.84515625,0.8635633300499548,0.97546875,0.28515625,2,2,2,0,0,0,8000,2.0,2.0,-0.00390625,1.0,0.0,-0.0026041666666666,2.0,0.0,-0.0015625,2.0,0.0,-0.0007812499999999,2.0,0.0
ton_full,naive,2000,xvd_b2_ton_full_naive_2000,7022,0.8471875,0.86584100037591,0.981875,0.2875,2,2,2,0,0,0,8000,2.0,2.0,0.0,0.0,0.0,0.0039062499999999003,0.0,0.0,0.00390625,0.0,0.0,0.0,0.0,1.0
ton_full,naive,2000,xvd_b2_ton_full_naive_2000,7023,0.869296875,0.8736018860130547,0.9053125,0.16671875,2,2,2,0,0,0,8000,2.0,2.0,0.07421875,0.0,0.0,0.0833333333333333,0.0,0.0,0.09374999999999994,0.0,0.0,0.099609375,0.0,0.0
ton_full,naive,2000,xvd_b2_ton_full_naive_2000,7024,0.85,0.8682530712611947,0.98375,0.28375,1,1,1,0,0,0,4000,1.0,1.0,0.0078125,0.0,0.0,0.0026041666666667,0.0,0.0,-0.0015625,1.0,0.0,-0.0015625,1.0,0.0
ton_full,naive,2000,xvd_b2_ton_full_naive_2000,7025,0.843515625,0.8618080115230946,0.97234375,0.2853125,2,2,2,0,0,0,8000,2.0,2.0,0.015625,0.0,0.0,0.0091145833333333,0.0,0.0,0.00859375,0.0,0.0,0.0078125,1.0,0.0
ton_full,naive,2000,xvd_b2_ton_full_naive_2000,7026,0.858515625,0.8741301790798042,0.975,0.25796875,3,3,3,0,0,0,12000,3.0,3.0,0.033854166666666664,0.0,0.0,0.027777777777777735,0.0,0.0,0.028125,0.0,0.0,0.027604166666666635,0.0,0.0
ton_full,naive,2000,xvd_b2_ton_full_naive_2000,7027,0.84734375,0.865316197510971,0.978125,0.2834375,2,2,2,0,0,0,8000,2.0,2.0,-0.00390625,1.0,0.0,-0.0026041666666666,2.0,0.0,-0.00390624999999995,2.0,0.0,-0.0019531249999999501,2.0,0.0
ton_full,naive,2000,xvd_b2_ton_full_naive_2000,7028,0.8496875,0.8670032479114594,0.97671875,0.27734375,2,2,2,0,0,0,8000,2.0,2.0,-0.0078125,1.0,0.0,-0.00390625000000005,1.0,0.0,-0.0015624999999999999,1.0,0.0,0.0,1.0,0.0
ton_full,naive,2000,xvd_b2_ton_full_naive_2000,7029,0.84203125,0.8594507042853848,0.96375,0.2796875,2,2,2,0,0,0,8000,2.0,2.0,0.015625,0.0,0.0,0.02083333333333335,0.0,0.0,0.0203125,0.0,0.0,0.020703125000000003,0.0,0.0
ton_full,naive,2000,xvd_b2_ton_full_naive_2000,7030,0.841875,0.8595766985364395,0.9646875,0.2809375,2,2,2,0,0,0,8000,2.0,2.0,0.01171875,0.0,0.0,0.01822916666666665,0.0,0.0,0.02109374999999995,0.0,0.0,0.01718749999999995,0.0,0.0
ton_full,point,512,xvd_b2_ton_full_point_512,7001,0.8496875,0.8673157493231392,0.9784375,0.2790625,3,3,2,1,96,96,3072,3.0,2.0,-0.00390625,1.0,0.0,0.0,1.0,0.0,0.0,1.0,0.0,0.0003906250000000502,1.0,0.0
ton_full,point,512,xvd_b2_ton_full_point_512,7002,0.836015625,0.8565014559213238,0.975,0.30296875,2,2,2,0,64,64,2048,2.0,2.0,-0.0078125,2.0,0.0,-0.0052083333333333495,2.0,0.0,-0.009375,2.0,0.0,-0.0078124999999999,2.0,0.0
ton_full,point,512,xvd_b2_ton_full_point_512,7003,0.8425,0.8615897466074621,0.97703125,0.29203125,3,3,2,1,96,96,3072,3.0,2.0,0.0,1.0,0.0,-0.00781249999999995,2.0,0.0,-0.0124999999999999,2.0,0.0,-0.009375,2.0,0.0
ton_full,point,512,xvd_b2_ton_full_point_512,7004,0.845078125,0.8632861400896652,0.9746875,0.28453125,3,3,3,0,96,96,3072,3.0,3.0,0.0026041666666666665,1.0,0.0,0.0,1.0,0.0,0.0020833333333333,1.0,0.0,0.0013020833333333998,2.0,0.0
ton_full,point,512,xvd_b2_ton_full_point_512,7005,0.84,0.859831409252129,0.978125,0.298125,2,2,2,0,64,64,2048,2.0,2.0,-0.00390625,1.0,0.0,-0.0078125,2.0,0.0,-0.00625,2.0,0.0,-0.0031249999999999,2.0,0.0
ton_full,point,512,xvd_b2_ton_full_point_512,7006,0.8425,0.8615720128190988,0.9771875,0.2921875,2,2,2,0,64,64,2048,2.0,2.0,0.00390625,0.0,0.0,-0.0013020833333333,1.0,0.0,-0.00156249999999995,1.0,0.0,-0.0023437499999999,2.0,0.0
ton_full,point,512,xvd_b2_ton_full_point_512,7007,0.830234375,0.8482813078771507,0.9490625,0.28859375,1,1,1,0,32,32,1024,1.0,1.0,0.0703125,0.0,0.0,0.0338541666666667,0.0,0.0,0.028125,0.0,0.0,0.03671875,0.0,0.0
ton_full,point,512,xvd_b2_ton_full_point_512,7008,0.843515625,0.8624626702951999,0.97765625,0.290625,3,3,3,0,96,96,3072,3.0,3.0,-0.005208333333333333,1.0,0.0,-0.0026041666666666665,1.0,0.0,-0.0026041666666666336,2.0,0.0,-0.0013020833333333333,1.0,0.0
ton_full,point,512,xvd_b2_ton_full_point_512,7009,0.840859375,0.8608028381853292,0.97875,0.29703125,1,1,1,0,32,32,1024,1.0,1.0,0.0,0.0,0.0,-0.0078125,1.0,0.0,-0.0109375,1.0,0.0,-0.01015625,1.0,0.0
ton_full,point,512,xvd_b2_ton_full_point_512,7010,0.838046875,0.8584782375822162,0.97921875,0.303125,1,1,1,0,32,32,1024,1.0,1.0,0.0,0.0,0.0,0.0026041666666666,0.0,0.0,0.0015625,0.0,0.0,-0.00078125,1.0,0.0
ton_full,point,512,xvd_b2_ton_full_point_512,7011,0.851015625,0.8687354212369837,0.97609375,0.2740625,3,3,3,0,96,96,3072,3.0,3.0,0.044270833333333336,1.0,0.0,0.039062499999999965,1.0,0.0,0.043750000000000004,1.0,0.0,0.0007812499999999504,1.0,1.0
ton_full,point,512,xvd_b2_ton_full_point_512,7012,0.847890625,0.8660130446315293,0.979375,0.28359375,1,1,1,0,32,32,1024,1.0,1.0,0.0,0.0,0.0,-0.0078125,1.0,0.0,-0.0078125,1.0,0.0,-0.0046875,1.0,0.0
ton_full,point,512,xvd_b2_ton_full_point_512,7013,0.840859375,0.860398121166222,0.97625,0.29453125,2,2,2,0,64,64,2048,2.0,2.0,0.00390625,0.0,0.0,-0.00130208333333335,1.0,0.0,-0.0015624999999999999,1.0,0.0,-0.00117187499999995,1.0,0.0
ton_full,point,512,xvd_b2_ton_full_point_512,7014,0.83921875,0.8591387522102856,0.97671875,0.29828125,2,2,2,0,64,64,2048,2.0,2.0,0.0,0.0,0.0,0.0,1.0,0.0,0.00234375000000005,1.0,0.0,0.0011718749999999499,1.0,0.0
ton_full,point,512,xvd_b2_ton_full_point_512,7015,0.86625,0.8824405698066669,0.97859375,0.24609375,3,3,2,1,96,96,3072,3.0,2.0,0.0546875,0.0,0.0,0.0638020833333334,1.0,0.0,0.07500000000000005,1.0,0.0,0.07070312500000005,1.0,0.0
ton_full,point,512,xvd_b2_ton_full_point_512,7016,0.836640625,0.8565743159524508,0.97265625,0.299375,3,3,3,0,96,96,3072,3.0,3.0,-0.010416666666666666,1.0,0.0,-0.009548611111111067,2.0,0.0,-0.006250000000000033,2.0,0.0,-0.0031249999999999668,2.0,0.0
ton_full,point,512,xvd_b2_ton_full_point_512,7017,0.849296875,0.8652331994833385,0.96125,0.26265625,3,3,3,0,96,96,3072,3.0,3.0,0.052083333333333336,1.0,0.0,0.033854166666666664,1.0,0.0,0.02864583333333337,1.0,0.0,0.03281249999999997,1.0,0.0
ton_full,point,512,xvd_b2_ton_full_point_512,7018,0.844375,0.8620428014603498,0.96671875,0.27796875,2,2,2,0,64,64,2048,2.0,2.0,0.03125,1.0,0.0,0.0351562499999999,0.0,0.0,0.02734375,0.0,0.0,0.02578125,0.0,0.0
ton_full,point,512,xvd_b2_ton_full_point_512,7019,0.839921875,0.8594966631057845,0.97578125,0.2959375,2,2,2,0,64,64,2048,2.0,2.0,-0.00390625,1.0,0.0,-0.0065104166666666,2.0,0.0,-0.00390625,1.0,0.0,-0.00195312499999995,1.0,0.0
ton_full,point,512,xvd_b2_ton_full_point_512,7020,0.845234375,0.8642472791250014,0.98046875,0.29,2,2,2,0,64,64,2048,2.0,2.0,0.00390625,0.0,0.0,0.00260416666666665,0.0,0.0,-5.0090140368830305e-17,1.0,0.0,0.001171875,1.0,0.0
ton_full,point,512,xvd_b2_ton_full_point_512,7021,0.83828125,0.8579335089401603,0.9725,0.2959375,3,3,2,1,96,96,3072,3.0,2.0,-0.01171875,2.0,0.0,-0.00390625,2.0,0.0,-0.00625,2.0,0.0,-0.00937499999999995,2.0,0.0
ton_full,point,512,xvd_b2_ton_full_point_512,7022,0.845703125,0.8645988471482887,0.9809375,0.28953125,2,2,2,0,64,64,2048,2.0,2.0,0.0,0.0,0.0,0.00390624999999995,1.0,0.0,0.0031250000000000505,1.0,0.0,-0.0046875,1.0,1.0
ton_full,point,512,xvd_b2_ton_full_point_512,7023,0.867890625,0.872516911213726,0.90515625,0.169375,2,2,2,0,64,64,2048,2.0,2.0,0.0703125,0.0,0.0,0.078125,0.0,0.0,0.09140625,0.0,0.0,0.09804687499999999,0.0,0.0
ton_full,point,512,xvd_b2_ton_full_point_512,7024,0.848359375,0.8669958101244568,0.98375,0.28703125,2,2,1,1,64,64,2048,2.0,1.0,-0.03125,1.0,0.0,-0.0026041666666667,1.0,0.0,-0.0046875,1.0,0.0,-0.0062499999999999,1.0,0.0
ton_full,point,512,xvd_b2_ton_full_point_512,7025,0.843984375,0.862322259802917,0.9725,0.28453125,5,5,2,3,160,160,5120,5.0,2.0,0.0703125,0.0,0.0,0.0208333333333333,0.0,1.0,0.0171875,0.0,1.0,0.01328125,0.0,1.0
ton_full,point,512,xvd_b2_ton_full_point_512,7026,0.868359375,0.8833096196821678,0.97359375,0.236875,3,3,3,0,96,96,3072,3.0,3.0,0.0546875,1.0,0.0,0.04947916666666663,1.0,0.0,0.04479166666666667,1.0,0.0,0.047135416666666596,0.0,0.0
ton_full,point,512,xvd_b2_ton_full_point_512,7027,0.889140625,0.9013983960664855,0.97609375,0.1978125,3,3,2,1,96,96,3072,3.0,2.0,0.05859375,0.0,0.0,0.05859375,1.0,0.0,0.06953125,1.0,0.0,0.06796875,1.0,0.0
ton_full,point,512,xvd_b2_ton_full_point_512,7028,0.856171875,0.8726889244893223,0.97703125,0.2646875,3,3,2,1,96,96,3072,3.0,2.0,0.04296875,1.0,0.0,0.05338541666666665,1.0,0.0,0.05468750000000005,1.0,0.0,-0.00859375,1.0,1.0
ton_full,point,512,xvd_b2_ton_full_point_512,7029,0.840078125,0.857851823007324,0.96296875,0.2828125,2,2,2,0,64,64,2048,2.0,2.0,0.0,1.0,0.0,0.015625,0.0,0.0,0.01640625,0.0,0.0,0.019140625,0.0,0.0
ton_full,point,512,xvd_b2_ton_full_point_512,7030,0.838359375,0.8566407447561417,0.9625,0.28578125,2,2,2,0,64,64,2048,2.0,2.0,0.01171875,0.0,0.0,0.01822916666666665,0.0,0.0,0.019531249999999948,0.0,0.0,0.01601562499999995,0.0,0.0
ton_full,point,2000,xvd_b2_ton_full_point_2000,7001,0.850703125,0.8681958294724643,0.97921875,0.2778125,3,3,2,1,96,96,12000,3.0,2.0,-0.00390625,1.0,0.0,-0.0026041666666666,1.0,0.0,-0.0015625,1.0,0.0,0.0,1.0,0.0
ton_full,point,2000,xvd_b2_ton_full_point_2000,7002,0.8421875,0.8611553851654886,0.97515625,0.29078125,2,2,2,0,64,64,8000,2.0,2.0,-0.00390625,1.0,0.0,0.00130208333333335,0.0,0.0,0.0,0.0,0.0,5.003593026020603e-17,1.0,0.0
ton_full,point,2000,xvd_b2_ton_full_point_2000,7003,0.84984375,0.8677580604379064,0.98171875,0.28203125,2,2,2,0,64,64,8000,2.0,2.0,0.00390625,0.0,0.0,0.0013020833333333,0.0,0.0,-0.00234374999999995,2.0,0.0,-0.00078125,1.0,0.0
ton_full,point,2000,xvd_b2_ton_full_point_2000,7004,0.856484375,0.8725964835097408,0.97515625,0.2621875,3,3,3,0,96,96,12000,3.0,3.0,0.028645833333333332,0.0,0.0,0.026909722222222234,0.0,0.0,0.024999999999999967,0.0,0.0,0.0221354166666666,0.0,0.0
ton_full,point,2000,xvd_b2_ton_full_point_2000,7005,0.8425,0.8618713094333121,0.979375,0.294375,2,2,2,0,64,64,8000,2.0,2.0,0.0,0.0,0.0,0.0,1.0,0.0,0.0,1.0,0.0,-0.0011718749999999499,1.0,0.0
ton_full,point,2000,xvd_b2_ton_full_point_2000,7006,0.845546875,0.8640774225657065,0.97890625,0.2878125,2,2,2,0,64,64,8000,2.0,2.0,0.0,0.0,0.0,0.0013020833333333,0.0,0.0,0.0023437500000000003,0.0,0.0,0.0015625000000000497,1.0,0.0
ton_full,point,2000,xvd_b2_ton_full_point_2000,7007,0.835625,0.8532717126558623,0.95625,0.285,1,1,1,0,32,32,4000,1.0,1.0,0.078125,0.0,0.0,0.046875,0.0,0.0,0.0390625,0.0,0.0,0.0492187499999999,0.0,0.0
ton_full,point,2000,xvd_b2_ton_full_point_2000,7008,0.84640625,0.8646803039438332,0.9778125,0.285,3,3,3,0,96,96,12000,3.0,3.0,-0.0078125,1.0,0.0,-0.0008680555555555667,1.0,0.0,-0.0015624999999999667,1.0,0.0,-0.0007812499999999999,1.0,0.0
ton_full,point,2000,xvd_b2_ton_full_point_2000,7009,0.84265625,0.8621814613016605,0.97875,0.2934375,1,1,1,0,32,32,4000,1.0,1.0,0.0,0.0,0.0,-0.0026041666666666,1.0,0.0,-0.00625,1.0,0.0,-0.00546875,1.0,0.0
ton_full,point,2000,xvd_b2_ton_full_point_2000,7010,0.841796875,0.8615443941396081,0.98140625,0.2978125,1,1,1,0,32,32,4000,1.0,1.0,0.0,0.0,0.0,0.0026041666666666,0.0,0.0,0.0015625,0.0,0.0,0.0007812499999999,0.0,0.0
ton_full,point,2000,xvd_b2_ton_full_point_2000,7011,0.84796875,0.866071470298042,0.97875,0.2828125,3,3,3,0,96,96,12000,3.0,3.0,0.0,0.0,0.0,0.0034722222222222,0.0,0.0,0.004166666666666634,0.0,0.0,0.0019531249999999501,1.0,1.0
ton_full,point,2000,xvd_b2_ton_full_point_2000,7012,0.84921875,0.8671137269437011,0.98,0.2815625,1,1,1,0,32,32,4000,1.0,1.0,0.0,0.0,0.0,0.0,0.0,0.0,0.0,0.0,0.0,0.0007812499999999,0.0,0.0
ton_full,point,2000,xvd_b2_ton_full_point_2000,7013,0.844765625,0.8634915791951201,0.97703125,0.2875,2,2,2,0,64,64,8000,2.0,2.0,0.0,0.0,0.0,-0.00130208333333335,1.0,0.0,-0.0015625,1.0,0.0,0.0,1.0,0.0
ton_full,point,2000,xvd_b2_ton_full_point_2000,7014,0.846875,0.8650224087805465,0.97765625,0.28390625,2,2,2,0,64,64,8000,2.0,2.0,0.01171875,0.0,0.0,0.0052083333333333,0.0,0.0,0.00390625,0.0,0.0,0.005078125,0.0,0.0
ton_full,point,2000,xvd_b2_ton_full_point_2000,7015,0.845625,0.8642523894737775,0.97921875,0.28796875,2,2,2,0,64,64,8000,2.0,2.0,0.0,0.0,0.0,-0.0052083333333333,2.0,0.0,-0.00312499999999995,2.0,0.0,-0.00078125,1.0,0.0
ton_full,point,2000,xvd_b2_ton_full_point_2000,7016,0.842265625,0.8608885625153024,0.9734375,0.28890625,3,3,3,0,96,96,12000,3.0,3.0,0.005208333333333333,0.0,0.0,0.003472222222222233,0.0,0.0,0.0015624999999999999,1.0,0.0,-0.0005208333333333666,1.0,0.0
ton_full,point,2000,xvd_b2_ton_full_point_2000,7017,0.870390625,0.8842697422217373,0.96390625,0.223125,3,3,3,0,96,96,12000,3.0,3.0,0.08072916666666667,0.0,0.0,0.06336805555555552,0.0,0.0,0.06041666666666667,1.0,0.0,0.06145833333333334,1.0,0.0
ton_full,point,2000,xvd_b2_ton_full_point_2000,7018,0.84109375,0.859538761789873,0.96890625,0.28671875,3,3,2,1,96,96,12000,3.0,2.0,0.0234375,0.0,0.0,0.01041666666666665,1.0,0.0,0.01406249999999995,0.0,0.0,0.0101562499999999,0.0,0.0
ton_full,point,2000,xvd_b2_ton_full_point_2000,7019,0.842578125,0.8617480722968967,0.97796875,0.2928125,2,2,2,0,64,64,8000,2.0,2.0,-0.0078125,2.0,0.0,-0.00260416666666665,1.0,0.0,-0.00234375,1.0,0.0,-0.0007812499999999501,1.0,0.0
ton_full,point,2000,xvd_b2_ton_full_point_2000,7020,0.84921875,0.8676512847471595,0.9834375,0.285,2,2,2,0,64,64,8000,2.0,2.0,0.0,0.0,0.0,-0.0013020833333333,1.0,0.0,-0.00078125,1.0,0.0,0.0,0.0,0.0
ton_full,point,2000,xvd_b2_ton_full_point_2000,7021,0.84515625,0.8635633300499548,0.97546875,0.28515625,2,2,2,0,64,64,8000,2.0,2.0,-0.00390625,1.0,0.0,-0.0026041666666666,2.0,0.0,-0.0015625,2.0,0.0,-0.0007812499999999,2.0,0.0
ton_full,point,2000,xvd_b2_ton_full_point_2000,7022,0.8471875,0.86584100037591,0.981875,0.2875,2,2,2,0,64,64,8000,2.0,2.0,0.0,0.0,0.0,0.0039062499999999003,0.0,0.0,0.00390625,0.0,0.0,0.0,0.0,1.0
ton_full,point,2000,xvd_b2_ton_full_point_2000,7023,0.869296875,0.8736018860130547,0.9053125,0.16671875,2,2,2,0,64,64,8000,2.0,2.0,0.07421875,0.0,0.0,0.0833333333333333,0.0,0.0,0.09374999999999994,0.0,0.0,0.099609375,0.0,0.0
ton_full,point,2000,xvd_b2_ton_full_point_2000,7024,0.849609375,0.8679526872746669,0.98375,0.28453125,2,2,1,1,64,64,8000,2.0,1.0,-0.015625,1.0,0.0,0.0026041666666666,0.0,0.0,0.0,0.0,0.0,-0.0015624999999999,1.0,0.0
ton_full,point,2000,xvd_b2_ton_full_point_2000,7025,0.843515625,0.8618080115230946,0.97234375,0.2853125,2,2,2,0,64,64,8000,2.0,2.0,0.015625,0.0,0.0,0.0091145833333333,0.0,0.0,0.00859375,0.0,0.0,0.0078125,1.0,0.0
ton_full,point,2000,xvd_b2_ton_full_point_2000,7026,0.858515625,0.8741301790798042,0.975,0.25796875,3,3,3,0,96,96,12000,3.0,3.0,0.033854166666666664,0.0,0.0,0.027777777777777735,0.0,0.0,0.028125,0.0,0.0,0.027604166666666635,0.0,0.0
ton_full,point,2000,xvd_b2_ton_full_point_2000,7027,0.84734375,0.865316197510971,0.978125,0.2834375,2,2,2,0,64,64,8000,2.0,2.0,-0.00390625,1.0,0.0,-0.0026041666666666,2.0,0.0,-0.00390624999999995,2.0,0.0,-0.0019531249999999501,2.0,0.0
ton_full,point,2000,xvd_b2_ton_full_point_2000,7028,0.8503125,0.8676702926348713,0.97828125,0.27765625,3,3,2,1,96,96,12000,3.0,2.0,-0.00390625,1.0,0.0,-0.00260416666666665,1.0,0.0,-0.00078125,1.0,0.0,-0.0046875,1.0,1.0
ton_full,point,2000,xvd_b2_ton_full_point_2000,7029,0.84203125,0.8594507042853848,0.96375,0.2796875,2,2,2,0,64,64,8000,2.0,2.0,0.015625,0.0,0.0,0.02083333333333335,0.0,0.0,0.0203125,0.0,0.0,0.020703125000000003,0.0,0.0
ton_full,point,2000,xvd_b2_ton_full_point_2000,7030,0.842265625,0.8601379244982073,0.96703125,0.2825,3,3,2,1,96,96,12000,3.0,2.0,0.0078125,0.0,0.0,0.018229166666666602,0.0,0.0,0.02031249999999995,0.0,0.0,0.01679687499999995,0.0,0.0
ton_full,strict,512,xvd_b2_ton_full_strict_512,7001,0.850703125,0.8681301053042914,0.97890625,0.2775,5,5,1,4,160,160,5120,5.0,1.0,-0.0078125,1.0,0.0,0.0026041666666667,0.0,0.0,-0.0015625,1.0,0.0,0.00234375,0.0,0.0
ton_full,strict,512,xvd_b2_ton_full_strict_512,7002,0.8421875,0.8609363444045366,0.97328125,0.28890625,4,4,1,3,128,128,4096,4.0,1.0,0.0,0.0,0.0,-0.0026041666666666,1.0,0.0,0.0031249999999999,0.0,0.0,-0.0023437499999999,1.0,0.0
ton_full,strict,512,xvd_b2_ton_full_strict_512,7003,0.845546875,0.8639830117858134,0.9775,0.28640625,6,6,1,5,192,192,6144,6.0,1.0,0.0078125,0.0,0.0,-0.0026041666666666,1.0,0.0,-0.0062499999999999,1.0,0.0,-0.00546875,1.0,0.0
ton_full,strict,512,xvd_b2_ton_full_strict_512,7004,0.843984375,0.8625652739877377,0.97578125,0.2878125,5,5,1,4,160,160,5120,5.0,1.0,0.0,0.0,0.0,0.0,0.0,0.0,0.003125,0.0,0.0,-0.0007812499999999,1.0,0.0
ton_full,strict,512,xvd_b2_ton_full_strict_512,7005,0.84375,0.8629614831407253,0.98078125,0.29328125,7,7,0,7,224,224,7168,7.0,0.0,,0.0,0.0,,0.0,0.0,,0.0,0.0,,0.0,0.0
ton_full,strict,512,xvd_b2_ton_full_strict_512,7006,0.845703125,0.8639959105227278,0.97734375,0.2859375,5,5,1,4,160,160,5120,5.0,1.0,0.0078125,0.0,0.0,0.0078125,0.0,0.0,0.0046874999999999,0.0,0.0,-0.00078125,1.0,0.0
ton_full,strict,512,xvd_b2_ton_full_strict_512,7007,0.819375,0.8363037552943243,0.925625,0.286875,3,3,1,2,96,96,3072,3.0,1.0,0.0703125,0.0,0.0,0.0703125,0.0,0.0,0.0640624999999999,0.0,0.0,0.0789062499999999,0.0,0.0
ton_full,strict,512,xvd_b2_ton_full_strict_512,7008,0.847578125,0.8661557536317699,0.9828125,0.28765625,6,6,0,6,192,192,6144,6.0,0.0,,0.0,0.0,,0.0,0.0,,0.0,0.0,,0.0,0.0
ton_full,strict,512,xvd_b2_ton_full_strict_512,7009,0.83890625,0.859583891634059,0.9809375,0.303125,3,3,1,2,96,96,3072,3.0,1.0,-0.0234375,1.0,0.0,-0.0052083333333333,1.0,0.0,-0.0078125,1.0,0.0,-0.01171875,1.0,0.0
ton_full,strict,512,xvd_b2_ton_full_strict_512,7010,0.840234375,0.8604859431371359,0.9821875,0.30171875,5,5,0,5,160,160,5120,5.0,0.0,,0.0,0.0,,0.0,0.0,,0.0,0.0,,0.0,0.0
ton_full,strict,512,xvd_b2_ton_full_strict_512,7011,0.845546875,0.8643584779149687,0.9796875,0.28859375,6,6,0,6,192,192,6144,6.0,0.0,,0.0,0.0,,0.0,0.0,,0.0,0.0,,0.0,0.0
ton_full,strict,512,xvd_b2_ton_full_strict_512,7012,0.8503125,0.8683919034618975,0.98375,0.283125,4,4,0,4,128,128,4096,4.0,0.0,,0.0,0.0,,0.0,0.0,,0.0,0.0,,0.0,0.0
ton_full,strict,512,xvd_b2_ton_full_strict_512,7013,0.844375,0.863518493700449,0.97984375,0.29109375,6,6,0,6,192,192,6144,6.0,0.0,,0.0,0.0,,0.0,0.0,,0.0,0.0,,0.0,0.0
ton_full,strict,512,xvd_b2_ton_full_strict_512,7014,0.8425,0.86127497850269,0.974375,0.289375,5,5,1,4,160,160,5120,5.0,1.0,0.0,0.0,0.0,-0.015625,1.0,0.0,0.0,0.0,0.0,-0.0007812499999999,1.0,0.0
ton_full,strict,512,xvd_b2_ton_full_strict_512,7015,0.847890625,0.8666500907820942,0.9846875,0.28890625,7,7,0,7,224,224,7168,7.0,0.0,,0.0,0.0,,0.0,0.0,,0.0,0.0,,0.0,0.0
ton_full,strict,512,xvd_b2_ton_full_strict_512,7016,0.84359375,0.8626285421160866,0.979375,0.2921875,6,6,0,6,192,192,6144,6.0,0.0,,0.0,0.0,,0.0,0.0,,0.0,0.0,,0.0,0.0
ton_full,strict,512,xvd_b2_ton_full_strict_512,7017,0.871328125,0.8818416869957189,0.95140625,0.20875,2,2,1,1,64,64,2048,2.0,1.0,0.171875,0.0,0.0,0.1302083333333333,0.0,0.0,0.1468749999999999,0.0,0.0,0.1312499999999999,0.0,0.0
ton_full,strict,512,xvd_b2_ton_full_strict_512,7018,0.845,0.8625200565080435,0.96703125,0.27703125,3,3,2,1,96,96,3072,3.0,2.0,0.0390625,0.0,0.0,0.03255208333333335,1.0,0.0,0.029687500000000002,0.0,0.0,0.0242187499999999,0.0,0.0
ton_full,strict,512,xvd_b2_ton_full_strict_512,7019,0.84421875,0.8628891299462994,0.97734375,0.28890625,6,6,0,6,192,192,6144,6.0,0.0,,0.0,0.0,,0.0,0.0,,0.0,0.0,,0.0,0.0
ton_full,strict,512,xvd_b2_ton_full_strict_512,7020,0.847421875,0.8661095184706396,0.98203125,0.2871875,7,7,0,7,224,224,7168,7.0,0.0,,0.0,0.0,,0.0,0.0,,0.0,0.0,,0.0,0.0
ton_full,strict,512,xvd_b2_ton_full_strict_512,7021,0.8709375,0.8859697467125222,0.9759375,0.2340625,6,6,1,5,192,192,6144,6.0,1.0,0.125,0.0,0.0,0.1302083333333333,0.0,0.0,0.11875,0.0,0.0,0.1234375,0.0,0.0
ton_full,strict,512,xvd_b2_ton_full_strict_512,7022,0.847109375,0.8659856741719685,0.98359375,0.289375,5,5,0,5,160,160,5120,5.0,0.0,,0.0,0.0,,0.0,0.0,,0.0,0.0,,0.0,0.0
ton_full,strict,512,xvd_b2_ton_full_strict_512,7023,0.83953125,0.8477012877981032,0.905625,0.2265625,2,2,1,1,64,64,2048,2.0,1.0,0.03125,0.0,0.0,0.0390625,0.0,0.0,0.040625,0.0,0.0,0.05234375,0.0,0.0
ton_full,strict,512,xvd_b2_ton_full_strict_512,7024,0.850078125,0.8686242122105193,0.9865625,0.28640625,4,4,0,4,128,128,4096,4.0,0.0,,0.0,0.0,,0.0,0.0,,0.0,0.0,,0.0,0.0
ton_full,strict,512,xvd_b2_ton_full_strict_512,7025,0.842890625,0.8613363443099593,0.9725,0.28671875,5,5,1,4,160,160,5120,5.0,1.0,0.03125,0.0,0.0,0.0208333333333333,0.0,0.0,0.0171875,0.0,0.0,0.01328125,0.0,0.0
ton_full,strict,512,xvd_b2_ton_full_strict_512,7026,0.839296875,0.8578226549531098,0.9665625,0.28796875,4,4,1,3,128,128,4096,4.0,1.0,0.0546875,0.0,0.0,0.0260416666666666,0.0,0.0,0.01875,0.0,0.0,0.01171875,0.0,0.0
ton_full,strict,512,xvd_b2_ton_full_strict_512,7027,0.849296875,0.867195214581446,0.98140625,0.2828125,6,6,0,6,192,192,6144,6.0,0.0,,0.0,0.0,,0.0,0.0,,0.0,0.0,,0.0,0.0
ton_full,strict,512,xvd_b2_ton_full_strict_512,7028,0.8515625,0.8691609609123845,0.98265625,0.27953125,6,6,0,6,192,192,6144,6.0,0.0,,0.0,0.0,,0.0,0.0,,0.0,0.0,,0.0,0.0
ton_full,strict,512,xvd_b2_ton_full_strict_512,7029,0.838671875,0.8567636505946586,0.96296875,0.285625,5,5,1,4,160,160,5120,5.0,1.0,0.0078125,0.0,0.0,0.0234375,0.0,0.0,0.0265625,0.0,0.0,0.03125,0.0,0.0
ton_full,strict,512,xvd_b2_ton_full_strict_512,7030,0.836015625,0.8538750503953868,0.95546875,0.2834375,4,4,1,3,128,128,4096,4.0,1.0,0.0390625,0.0,0.0,0.0338541666666666,0.0,0.0,0.025,0.0,0.0,0.02109375,0.0,0.0
ton_full,strict,2000,xvd_b2_ton_full_strict_2000,7001,0.868984375,0.884111123441611,0.97921875,0.24125,5,5,1,4,160,160,20000,5.0,1.0,0.1328125,0.0,0.0,0.140625,0.0,0.0,0.1421875,0.0,0.0,0.1390625000000001,0.0,0.0
ton_full,strict,2000,xvd_b2_ton_full_strict_2000,7002,0.8421875,0.8611253346054731,0.975,0.290625,6,6,0,6,192,192,24000,6.0,0.0,,0.0,0.0,,0.0,0.0,,0.0,0.0,,0.0,0.0
ton_full,strict,2000,xvd_b2_ton_full_strict_2000,7003,0.848828125,0.8665301808999984,0.9778125,0.28015625,4,4,2,2,128,128,16000,4.0,2.0,0.00390625,0.0,0.0,0.0039062499999999003,0.0,0.0,0.00078125,1.0,0.0,0.0015624999999999999,1.0,0.0
ton_full,strict,2000,xvd_b2_ton_full_strict_2000,7004,0.846953125,0.864858235108446,0.97609375,0.2821875,5,5,1,4,160,160,20000,5.0,1.0,0.0,0.0,0.0,0.0,0.0,0.0,0.003125,0.0,0.0,0.0007812499999999,0.0,0.0
ton_full,strict,2000,xvd_b2_ton_full_strict_2000,7005,0.84375,0.8628624625576026,0.97984375,0.29234375,5,5,1,4,160,160,20000,5.0,1.0,0.0,0.0,0.0,0.0026041666666667,0.0,0.0,0.0031249999999999,0.0,0.0,0.0023437499999999,0.0,0.0
ton_full,strict,2000,xvd_b2_ton_full_strict_2000,7006,0.846171875,0.8643623765834859,0.97734375,0.285,5,5,1,4,160,160,20000,5.0,1.0,0.0,0.0,0.0,0.0026041666666666,0.0,0.0,0.0015624999999999,0.0,0.0,0.0007812499999999,0.0,0.0
ton_full,strict,2000,xvd_b2_ton_full_strict_2000,7007,0.821328125,0.8382151930259285,0.92921875,0.2865625,3,3,1,2,96,96,12000,3.0,1.0,0.0703125,0.0,0.0,0.0703125,0.0,0.0,0.0640624999999999,0.0,0.0,0.0812499999999999,0.0,0.0
ton_full,strict,2000,xvd_b2_ton_full_strict_2000,7008,0.847578125,0.8661557536317699,0.9828125,0.28765625,6,6,0,6,192,192,24000,6.0,0.0,,0.0,0.0,,0.0,0.0,,0.0,0.0,,0.0,0.0
ton_full,strict,2000,xvd_b2_ton_full_strict_2000,7009,0.844609375,0.8640394848282555,0.98171875,0.2925,4,4,1,3,128,128,16000,4.0,1.0,0.0,0.0,0.0,-0.0026041666666667,1.0,0.0,-0.0046874999999999,1.0,0.0,-0.00546875,1.0,0.0
ton_full,strict,2000,xvd_b2_ton_full_strict_2000,7010,0.840234375,0.8604859431371359,0.9821875,0.30171875,5,5,0,5,160,160,20000,5.0,0.0,,0.0,0.0,,0.0,0.0,,0.0,0.0,,0.0,0.0
ton_full,strict,2000,xvd_b2_ton_full_strict_2000,7011,0.845546875,0.8643584779149687,0.9796875,0.28859375,6,6,0,6,192,192,24000,6.0,0.0,,0.0,0.0,,0.0,0.0,,0.0,0.0,,0.0,0.0
ton_full,strict,2000,xvd_b2_ton_full_strict_2000,7012,0.855859375,0.8728238707359517,0.98359375,0.271875,4,4,1,3,128,128,16000,4.0,1.0,0.046875,0.0,0.0,0.0546875,0.0,0.0,0.075,0.0,0.0,,0.0,1.0
ton_full,strict,2000,xvd_b2_ton_full_strict_2000,7013,0.844375,0.863518493700449,0.97984375,0.29109375,6,6,0,6,192,192,24000,6.0,0.0,,0.0,0.0,,0.0,0.0,,0.0,0.0,,0.0,0.0
ton_full,strict,2000,xvd_b2_ton_full_strict_2000,7014,0.846484375,0.8647823866858555,0.97828125,0.2853125,4,4,2,2,128,128,16000,4.0,2.0,0.0078125,0.0,0.0,0.009114583333333301,0.0,0.0,0.0062499999999999995,0.0,0.0,0.006640625,0.0,0.0
ton_full,strict,2000,xvd_b2_ton_full_strict_2000,7015,0.847890625,0.8666500907820942,0.9846875,0.28890625,7,7,0,7,224,224,28000,7.0,0.0,,0.0,0.0,,0.0,0.0,,0.0,0.0,,0.0,0.0
ton_full,strict,2000,xvd_b2_ton_full_strict_2000,7016,0.84359375,0.8626285421160866,0.979375,0.2921875,6,6,0,6,192,192,24000,6.0,0.0,,0.0,0.0,,0.0,0.0,,0.0,0.0,,0.0,0.0
ton_full,strict,2000,xvd_b2_ton_full_strict_2000,7017,0.842734375,0.8599496842671042,0.96359375,0.278125,6,6,1,5,192,192,24000,6.0,1.0,0.0546875,0.0,0.0,0.0442708333333333,0.0,0.0,0.0421875,0.0,0.0,0.04296875,0.0,0.0
ton_full,strict,2000,xvd_b2_ton_full_strict_2000,7018,0.84109375,0.859538761789873,0.96890625,0.28671875,3,3,2,1,96,96,12000,3.0,2.0,0.0234375,0.0,0.0,0.01041666666666665,1.0,0.0,0.01406249999999995,0.0,0.0,0.0101562499999999,0.0,0.0
ton_full,strict,2000,xvd_b2_ton_full_strict_2000,7019,0.84421875,0.8628891299462994,0.97734375,0.28890625,6,6,0,6,192,192,24000,6.0,0.0,,0.0,0.0,,0.0,0.0,,0.0,0.0,,0.0,0.0
ton_full,strict,2000,xvd_b2_ton_full_strict_2000,7020,0.847421875,0.8661095184706396,0.98203125,0.2871875,7,7,0,7,224,224,28000,7.0,0.0,,0.0,0.0,,0.0,0.0,,0.0,0.0,,0.0,0.0
ton_full,strict,2000,xvd_b2_ton_full_strict_2000,7021,0.84625,0.8645767294412313,0.976875,0.284375,6,6,1,5,192,192,24000,6.0,1.0,0.0,0.0,0.0,-0.0026041666666666,1.0,0.0,-0.0015625,1.0,0.0,-0.0015624999999999,1.0,0.0
ton_full,strict,2000,xvd_b2_ton_full_strict_2000,7022,0.847109375,0.8659856741719685,0.98359375,0.289375,5,5,0,5,160,160,20000,5.0,0.0,,0.0,0.0,,0.0,0.0,,0.0,0.0,,0.0,0.0
ton_full,strict,2000,xvd_b2_ton_full_strict_2000,7023,0.841640625,0.849292292110468,0.90546875,0.2221875,2,2,1,1,64,64,8000,2.0,1.0,0.0390625,0.0,0.0,0.0520833333333333,0.0,0.0,0.0515624999999999,0.0,0.0,0.059375,0.0,0.0
ton_full,strict,2000,xvd_b2_ton_full_strict_2000,7024,0.850078125,0.8686242122105193,0.9865625,0.28640625,4,4,0,4,128,128,16000,4.0,0.0,,0.0,0.0,,0.0,0.0,,0.0,0.0,,0.0,0.0
ton_full,strict,2000,xvd_b2_ton_full_strict_2000,7025,0.84375,0.8619863240210089,0.97234375,0.28484375,5,5,1,4,160,160,20000,5.0,1.0,0.03125,0.0,0.0,0.0182291666666666,0.0,0.0,0.0171875,0.0,0.0,0.0164062499999999,0.0,0.0
ton_full,strict,2000,xvd_b2_ton_full_strict_2000,7026,0.8409375,0.8590626145850293,0.9665625,0.2846875,4,4,1,3,128,128,16000,4.0,1.0,0.0546875,0.0,0.0,0.03125,0.0,0.0,0.0218749999999999,0.0,0.0,0.0171874999999999,0.0,0.0
ton_full,strict,2000,xvd_b2_ton_full_strict_2000,7027,0.849296875,0.867195214581446,0.98140625,0.2828125,6,6,0,6,192,192,24000,6.0,0.0,,0.0,0.0,,0.0,0.0,,0.0,0.0,,0.0,0.0
ton_full,strict,2000,xvd_b2_ton_full_strict_2000,7028,0.8515625,0.8691609609123845,0.98265625,0.27953125,6,6,0,6,192,192,24000,6.0,0.0,,0.0,0.0,,0.0,0.0,,0.0,0.0,,0.0,0.0
ton_full,strict,2000,xvd_b2_ton_full_strict_2000,7029,0.839921875,0.8577909287455588,0.96359375,0.28375,5,5,1,4,160,160,20000,5.0,1.0,0.03125,0.0,0.0,0.03125,0.0,0.0,0.03125,0.0,0.0,0.034375,0.0,0.0
ton_full,strict,2000,xvd_b2_ton_full_strict_2000,7030,0.836875,0.8545967092363794,0.95609375,0.28234375,4,4,1,3,128,128,16000,4.0,1.0,0.0390625,0.0,0.0,0.03125,0.0,0.0,0.028125,0.0,0.0,0.02109375,0.0,0.0
