baseline,lambda_cost,eta_cost,gamma_cost,nuisance_mode,mean_actionable_utility_diff_qk_minus_baseline,ci95_low,ci95_high,prob_diff_gt_0,qk_better_ci95
Energy distance,0.0,0.0,0.0,total,0.01015625,-0.5654036458333332,0.6521093749999997,0.4,False
MMD-RBF,0.0,0.0,0.0,total,0.4921875,-0.16745442708333333,1.3018424479166664,0.5,False
KS-max,0.0,0.0,0.0,total,0.7609375,-0.04375,1.890130208333333,0.5,False
JSD,0.0,0.0,0.0,total,0.38333333333333336,-0.26875651041666665,1.2677213541666665,0.6,False
QK-MMD PauliXZ,0.0,0.0,0.0,total,0.63515625,-0.12395833333333334,1.593509114583333,0.5,False
Energy distance,0.0,0.0,0.01,total,-0.15562977793067698,-0.7324579632218626,0.48776928835058997,0.36666666666666664,False
MMD-RBF,0.0,0.0,0.01,total,0.36441694643461003,-0.295402019694039,1.173474059582489,0.4666666666666667,False
KS-max,0.0,0.0,0.01,total,0.5981892589678754,-0.20569834095449285,1.7270291381002405,0.4666666666666667,False
JSD,0.0,0.0,0.01,total,0.2167936524346394,-0.4356288057437933,1.1019860493908098,0.5,False
QK-MMD PauliXZ,0.0,0.0,0.01,total,0.6464875802013947,-0.11321006242846753,1.6052206450790354,0.5,False
Energy distance,0.0,0.0,0.05,total,-0.8187738896533847,-1.3986595788050276,-0.17152662232005025,0.23333333333333334,False
MMD-RBF,0.0,0.0,0.05,total,-0.1466652678269505,-0.8061730192241957,0.66326076896461,0.3333333333333333,False
KS-max,0.0,0.0,0.05,total,-0.052803705160622626,-0.8566280533368555,1.0762575800977836,0.23333333333333334,False
JSD,0.0,0.0,0.05,total,-0.44936507116013674,-1.103237984540237,0.4348411822170309,0.2,False
QK-MMD PauliXZ,0.0,0.0,0.05,total,0.6918129010069729,-0.0693705809941409,1.6512371536935335,0.5333333333333333,False
Energy distance,0.0,0.0,0.1,total,-1.6477040293067693,-2.230584549601947,-0.9983264203412789,0.13333333333333333,False
MMD-RBF,0.0,0.0,0.1,total,-0.785518035653901,-1.444922205712491,0.02466727394021697,0.2,False
KS-max,0.0,0.0,0.1,total,-0.866544910321245,-1.6676454147224142,0.2587469361430072,0.16666666666666666,False
JSD,0.0,0.0,0.1,total,-1.2820634756536067,-1.9356282946164625,-0.39942018099647275,0.06666666666666667,False
QK-MMD PauliXZ,0.0,0.0,0.1,total,0.7484695520139452,-0.016242034025888204,1.7089782562922036,0.5333333333333333,False
Energy distance,0.0,0.25,0.0,total,-0.08151041666666667,-0.6455794270833334,0.5562695312499998,0.4,False
MMD-RBF,0.0,0.25,0.0,total,0.3171875,-0.33776692708333333,1.1278776041666665,0.4666666666666667,False
KS-max,0.0,0.25,0.0,total,0.6192708333333333,-0.21328776041666667,1.8022265624999978,0.43333333333333335,False
JSD,0.0,0.25,0.0,total,0.44166666666666665,-0.19115234374999998,1.2671875,0.6,False
QK-MMD PauliXZ,0.0,0.25,0.0,total,0.5684895833333333,-0.15729166666666666,1.4937890624999994,0.43333333333333335,False
Energy distance,0.0,0.25,0.01,total,-0.2472964445973436,-0.8117203315226613,0.38992339064369086,0.3,False
MMD-RBF,0.0,0.25,0.01,total,0.18941694643461,-0.46557131810906865,0.9990167334551359,0.43333333333333335,False
KS-max,0.0,0.25,0.01,total,0.45652259230120884,-0.37612013658794075,1.640143897333672,0.43333333333333335,False
JSD,0.0,0.25,0.01,total,0.27512698576797273,-0.35766762006313835,1.1011513380394728,0.5,False
QK-MMD PauliXZ,0.0,0.25,0.01,total,0.5798209135347281,-0.14687621627192787,1.5055518467583129,0.43333333333333335,False
Energy distance,0.0,0.25,0.05,total,-0.9104405563200514,-1.4756668971229714,-0.27037788654397726,0.23333333333333334,False
MMD-RBF,0.0,0.25,0.05,total,-0.3216652678269505,-0.9764955773063944,0.48734207309860095,0.2,False
KS-max,0.0,0.25,0.05,total,-0.1944703718272893,-1.0261185596218472,0.9848868568651645,0.16666666666666666,False
JSD,0.0,0.25,0.05,total,-0.3910317378268034,-1.0221422840663148,0.43572524151208886,0.3,False
QK-MMD PauliXZ,0.0,0.25,0.05,total,0.6251462343403063,-0.10235760204795696,1.5524945911549095,0.43333333333333335,False
Energy distance,0.0,0.25,0.1,total,-1.7393706959734359,-2.3078270032290407,-1.0974618313320295,0.13333333333333333,False
MMD-RBF,0.0,0.25,0.1,total,-0.960518035653901,-1.6154486848806844,-0.1518216920513274,0.16666666666666666,False
KS-max,0.0,0.25,0.1,total,-1.0082115769879116,-1.837687713111188,0.16979327098957203,0.16666666666666666,False
JSD,0.0,0.25,0.1,total,-1.2237301423202738,-1.8542699446926318,-0.39991522199829393,0.06666666666666667,False
QK-MMD PauliXZ,0.0,0.25,0.1,total,0.6818028853472785,-0.04683271683210229,1.6111908294338202,0.5,False
Energy distance,0.0,0.5,0.0,total,-0.17317708333333334,-0.7476627604166667,0.47396484374999986,0.3333333333333333,False
MMD-RBF,0.0,0.5,0.0,total,0.1421875,-0.52265625,0.9588736979166664,0.4666666666666667,False
KS-max,0.0,0.5,0.0,total,0.47760416666666666,-0.3966145833333333,1.7239713541666664,0.36666666666666664,False
JSD,0.0,0.5,0.0,total,0.5,-0.12865885416666664,1.27552734375,0.6,False
QK-MMD PauliXZ,0.0,0.5,0.0,total,0.5018229166666667,-0.20755859375,1.38802734375,0.5,False
Energy distance,0.0,0.5,0.01,total,-0.3389631112640103,-0.9136790386599353,0.3085732551744051,0.3,False
MMD-RBF,0.0,0.5,0.01,total,0.01441694643461,-0.6504930748322649,0.8300811626423732,0.43333333333333335,False
KS-max,0.0,0.5,0.01,total,0.3148559256345422,-0.5588972188412615,1.5596956692738633,0.36666666666666664,False
JSD,0.0,0.5,0.01,total,0.3334603191013061,-0.2952860812858697,1.109222748125555,0.5,False
QK-MMD PauliXZ,0.0,0.5,0.01,total,0.5131542468680614,-0.19645634548687735,1.399673069470017,0.5,False
Energy distance,0.0,0.5,0.05,total,-1.002107222986718,-1.5776243226112519,-0.3533552035428493,0.23333333333333334,False
MMD-RBF,0.0,0.5,0.05,total,-0.4966652678269505,-1.1603723558649945,0.3178951673429983,0.2,False
KS-max,0.0,0.5,0.05,total,-0.336137038493956,-1.20849736533299,0.9042961619786604,0.16666666666666666,False
JSD,0.0,0.5,0.05,total,-0.3326984044934701,-0.9604285845140741,0.4427450519336174,0.36666666666666664,False
QK-MMD PauliXZ,0.0,0.5,0.05,total,0.5584795676736394,-0.1541038222595428,1.4456599311431977,0.5,False
Energy distance,0.0,0.5,0.1,total,-1.8310373626401026,-2.4077293495268868,-1.1796831544437638,0.16666666666666666,False
MMD-RBF,0.0,0.5,0.1,total,-1.135518035653901,-1.7996573168678056,-0.3220162623732277,0.16666666666666666,False
KS-max,0.0,0.5,0.1,total,-1.1498782436545782,-2.0227610357200416,0.09220973345034872,0.13333333333333333,False
JSD,0.0,0.5,0.1,total,-1.1653968089869404,-1.7941551075277191,-0.3897451749944506,0.1,False
QK-MMD PauliXZ,0.0,0.5,0.1,total,0.6151362186806117,-0.0986398125653602,1.5045816650819128,0.5333333333333333,False
Energy distance,0.0,1.0,0.0,total,-0.35651041666666666,-0.9779231770833333,0.33985677083333315,0.3333333333333333,False
MMD-RBF,0.0,1.0,0.0,total,-0.2078125,-0.9263151041666666,0.6627734374999997,0.36666666666666664,False
KS-max,0.0,1.0,0.0,total,0.19427083333333334,-0.7989583333333333,1.573977864583333,0.3333333333333333,False
JSD,0.0,1.0,0.0,total,0.6166666666666667,-0.05106119791666665,1.3526432291666661,0.6666666666666666,False
QK-MMD PauliXZ,0.0,1.0,0.0,total,0.3684895833333333,-0.34297526041666665,1.2250195312499998,0.5,False
Energy distance,0.0,1.0,0.01,total,-0.5222964445973436,-1.144957017449317,0.174841834658263,0.26666666666666666,False
MMD-RBF,0.0,1.0,0.01,total,-0.33558305356539003,-1.053672914932158,0.534174951989547,0.3333333333333333,False
KS-max,0.0,1.0,0.01,total,0.031522592301208796,-0.9611311612894228,1.4107494601176882,0.3,False
JSD,0.0,1.0,0.01,total,0.4501269857679727,-0.21721271413311002,1.1854201156810023,0.5666666666666667,False
QK-MMD PauliXZ,0.0,1.0,0.01,total,0.379820913534728,-0.3319028332726019,1.2369382963688407,0.5,False
Energy distance,0.0,1.0,0.05,total,-1.1854405563200516,-1.810963832775073,-0.48587105510303386,0.23333333333333334,False
MMD-RBF,0.0,1.0,0.05,total,-0.8466652678269504,-1.562596536580347,0.021083391907663344,0.23333333333333334,False
KS-max,0.0,1.0,0.05,total,-0.6194703718272895,-1.612458340037105,0.7552445246056481,0.16666666666666666,False
JSD,0.0,1.0,0.05,total,-0.2160317378268034,-0.8823238383912688,0.520394819087829,0.4,False
QK-MMD PauliXZ,0.0,1.0,0.05,total,0.4251462343403061,-0.2865935402917723,1.2806427462072012,0.5,False
Energy distance,0.0,1.0,0.1,total,-2.0143706959734358,-2.641507228836902,-1.3147446692437712,0.13333333333333333,False
MMD-RBF,0.0,1.0,0.1,total,-1.4855180356539008,-2.200049114193738,-0.6174939157715225,0.13333333333333333,False
KS-max,0.0,1.0,0.1,total,-1.4332115769879117,-2.4238720245081553,-0.05705830129536771,0.13333333333333333,False
JSD,0.0,1.0,0.1,total,-1.0487301423202737,-1.7125262073316263,-0.31024252509878797,0.2,False
QK-MMD PauliXZ,0.0,1.0,0.1,total,0.4818028853472786,-0.23159812094655374,1.3373270326014208,0.5333333333333333,False
Energy distance,0.0,2.0,0.0,total,-0.7231770833333333,-1.5807291666666667,0.1823307291666661,0.3,False
MMD-RBF,0.0,2.0,0.0,total,-0.9078125,-1.8276041666666667,0.11958984374999915,0.3,False
KS-max,0.0,2.0,0.0,total,-0.3723958333333333,-1.67734375,1.30130859375,0.3,False
JSD,0.0,2.0,0.0,total,0.85,-0.024492187499999988,1.7148828124999995,0.7,False
QK-MMD PauliXZ,0.0,2.0,0.0,total,0.10182291666666667,-0.7638606770833333,1.02162109375,0.5,False
Energy distance,0.0,2.0,0.01,total,-0.8889631112640103,-1.7455518942419648,0.016959469509585406,0.26666666666666666,False
MMD-RBF,0.0,2.0,0.01,total,-1.03558305356539,-1.9541713164224825,-0.00876209352001167,0.26666666666666666,False
KS-max,0.0,2.0,0.01,total,-0.535144074365458,-1.8401582245139168,1.1374140551166432,0.3,False
JSD,0.0,2.0,0.01,total,0.6834603191013057,-0.1914351802451176,1.5475050000785529,0.6,False
QK-MMD PauliXZ,0.0,2.0,0.01,total,0.11315424686806118,-0.7521224506312738,1.0328727512671427,0.5,False
Energy distance,0.0,2.0,0.05,total,-1.5521072229867179,-2.40876901171777,-0.6480201048654082,0.23333333333333334,False
MMD-RBF,0.0,2.0,0.05,total,-1.54666526782695,-2.4645199320420117,-0.523804530575712,0.2,False
KS-max,0.0,2.0,0.05,total,-1.1861370384939562,-2.490389253898907,0.4821827300938019,0.16666666666666666,False
JSD,0.0,2.0,0.05,total,0.01730159550653004,-0.855790723149495,0.8817502228702746,0.5,False
QK-MMD PauliXZ,0.0,2.0,0.05,total,0.1584795676736395,-0.7068555513501147,1.0768547307227174,0.5,False
Energy distance,0.0,2.0,0.1,total,-2.3810373626401025,-3.238711234684296,-1.4779589573797034,0.13333333333333333,False
MMD-RBF,0.0,2.0,0.1,total,-2.185518035653901,-3.1017090421126343,-1.1639276253608988,0.16666666666666666,False
KS-max,0.0,2.0,0.1,total,-1.9998782436545781,-3.30089243084691,-0.333896514899505,0.13333333333333333,False
JSD,0.0,2.0,0.1,total,-0.8153968089869401,-1.6862441293536201,0.049340752589118325,0.36666666666666664,False
QK-MMD PauliXZ,0.0,2.0,0.1,total,0.21513621868061206,-0.6507929116922702,1.1324163237723015,0.5,False
Energy distance,0.1,0.0,0.0,total,0.22015624999999944,-0.3644348958333337,0.8720911458333327,0.4666666666666667,False
MMD-RBF,0.1,0.0,0.0,total,0.5855208333333332,-0.07109765625000032,1.389700520833333,0.5,False
KS-max,0.1,0.0,0.0,total,0.7909375,-0.0029218750000001847,1.9085481770833332,0.5333333333333333,False
JSD,0.1,0.0,0.0,total,0.4266666666666666,-0.22792057291666679,1.31463671875,0.6,False
QK-MMD PauliXZ,0.1,0.0,0.0,total,0.6384895833333334,-0.11913411458333328,1.6035091145833333,0.5,False
Energy distance,0.1,0.0,0.01,total,0.05437022206932249,-0.5302926744606756,0.7077576324839595,0.4,False
MMD-RBF,0.1,0.0,0.01,total,0.457750279767943,-0.19812787282153227,1.2607019025943171,0.4666666666666667,False
KS-max,0.1,0.0,0.01,total,0.6281892589678753,-0.16523701248862582,1.744834519983382,0.4666666666666667,False
JSD,0.1,0.0,0.01,total,0.26012698576797266,-0.39528224983681376,1.1486202902330793,0.5666666666666667,False
QK-MMD PauliXZ,0.1,0.0,0.01,total,0.6498209135347282,-0.10797311229550187,1.6152245551440083,0.5,False
Energy distance,0.1,0.0,0.05,total,-0.6087738896533854,-1.1952904341508408,0.04627716989357266,0.3333333333333333,False
MMD-RBF,0.1,0.0,0.05,total,-0.05333193449361747,-0.707663843657691,0.7501200331346476,0.36666666666666664,False
KS-max,0.1,0.0,0.05,total,-0.02280370516062282,-0.8148828740768613,1.0931678677955974,0.26666666666666666,False
JSD,0.1,0.0,0.05,total,-0.40603173782680363,-1.0616360487817778,0.48296169898430985,0.2,False
QK-MMD PauliXZ,0.1,0.0,0.05,total,0.6951462343403062,-0.06323366920479244,1.6615689470336459,0.5333333333333333,False
Energy distance,0.1,0.0,0.1,total,-1.43770402930677,-2.029152809509543,-0.7797457655925932,0.13333333333333333,False
MMD-RBF,0.1,0.0,0.1,total,-0.692184702320568,-1.3456815531628576,0.11028942659335209,0.2,False
KS-max,0.1,0.0,0.1,total,-0.8365449103212454,-1.6271972551428289,0.27591498089183913,0.16666666666666666,False
JSD,0.1,0.0,0.1,total,-1.238730142320274,-1.8933382582811757,-0.3479181893491677,0.06666666666666667,False
QK-MMD PauliXZ,0.1,0.0,0.1,total,0.7518028853472785,-0.010104675552652789,1.7181115883003508,0.5333333333333333,False
Energy distance,0.1,0.25,0.0,total,0.12848958333333277,-0.44589192708333386,0.7704609374999987,0.43333333333333335,False
MMD-RBF,0.1,0.25,0.0,total,0.4105208333333331,-0.23725000000000024,1.2129283854166655,0.5,False
KS-max,0.1,0.25,0.0,total,0.6492708333333332,-0.17026562500000017,1.8171927083333324,0.4666666666666667,False
JSD,0.1,0.25,0.0,total,0.48499999999999993,-0.14975911458333344,1.314170572916667,0.6,False
QK-MMD PauliXZ,0.1,0.25,0.0,total,0.5718229166666667,-0.15172395833333338,1.49437890625,0.43333333333333335,False
Energy distance,0.1,0.25,0.01,total,-0.03729644459734418,-0.6124036126751836,0.6052537689346172,0.4,False
MMD-RBF,0.1,0.25,0.01,total,0.28275027976794304,-0.3648630133234074,1.0851047311492292,0.43333333333333335,False
KS-max,0.1,0.25,0.01,total,0.48652259230120876,-0.3329498787463382,1.6532059480841104,0.43333333333333335,False
JSD,0.1,0.25,0.01,total,0.318460319101306,-0.3164764794940816,1.147710294763678,0.5666666666666667,False
QK-MMD PauliXZ,0.1,0.25,0.01,total,0.5831542468680614,-0.14038881772417405,1.5054953706343723,0.43333333333333335,False
Energy distance,0.1,0.25,0.05,total,-0.7004405563200521,-1.2784214616921872,-0.05719292130897094,0.26666666666666666,False
MMD-RBF,0.1,0.25,0.05,total,-0.22833193449361747,-0.8766071705246725,0.5754500756292635,0.3333333333333333,False
KS-max,0.1,0.25,0.05,total,-0.1644703718272895,-0.9825557149810921,0.9980949497814957,0.2,False
JSD,0.1,0.25,0.05,total,-0.3476984044934702,-0.9841062207331854,0.4800875754536048,0.3,False
QK-MMD PauliXZ,0.1,0.25,0.05,total,0.6284795676736395,-0.09601158639310843,1.5510797268692444,0.43333333333333335,False
Energy distance,0.1,0.25,0.1,total,-1.5293706959734368,-2.1095986675202254,-0.8817050938987437,0.13333333333333333,False
MMD-RBF,0.1,0.25,0.1,total,-0.867184702320568,-1.5154431049782635,-0.06394607173131553,0.16666666666666666,False
KS-max,0.1,0.25,0.1,total,-0.9782115769879121,-1.7933365618435786,0.18153822186092436,0.16666666666666666,False
JSD,0.1,0.25,0.1,total,-1.1803968089869405,-1.8150324157702369,-0.35382449576595376,0.06666666666666667,False
QK-MMD PauliXZ,0.1,0.25,0.1,total,0.6851362186806118,-0.04276504386914909,1.610831415459465,0.4666666666666667,False
Energy distance,0.1,0.5,0.0,total,0.0368229166666661,-0.5409947916666673,0.6879244791666662,0.4,False
MMD-RBF,0.1,0.5,0.0,total,0.23552083333333307,-0.41891796875000015,1.0429882812499993,0.4666666666666667,False
KS-max,0.1,0.5,0.0,total,0.5076041666666665,-0.3542825520833335,1.7397018229166663,0.4,False
JSD,0.1,0.5,0.0,total,0.5433333333333332,-0.0833880208333335,1.319450520833333,0.6,False
QK-MMD PauliXZ,0.1,0.5,0.0,total,0.50515625,-0.20490104166666667,1.3930468749999998,0.43333333333333335,False
Energy distance,0.1,0.5,0.01,total,-0.12896311126401078,-0.7074223342989877,0.5225154123205115,0.3333333333333333,False
MMD-RBF,0.1,0.5,0.01,total,0.10775027976794303,-0.5464136372496639,0.9148658788204997,0.43333333333333335,False
KS-max,0.1,0.5,0.01,total,0.3448559256345421,-0.5165355598470845,1.5762414834353184,0.36666666666666664,False
JSD,0.1,0.5,0.01,total,0.3767936524346393,-0.250470762999286,1.1527342226587085,0.5666666666666667,False
QK-MMD PauliXZ,0.1,0.5,0.01,total,0.5164875802013947,-0.1945149304332871,1.4053265371684294,0.4666666666666667,False
Energy distance,0.1,0.5,0.05,total,-0.7921072229867185,-1.3731250375390716,-0.13912075473862506,0.23333333333333334,False
MMD-RBF,0.1,0.5,0.05,total,-0.40333193449361743,-1.0569876743210487,0.4064249121721895,0.23333333333333334,False
KS-max,0.1,0.5,0.05,total,-0.3061370384939562,-1.16720442847131,0.9232649223615188,0.23333333333333334,False
JSD,0.1,0.5,0.05,total,-0.2893650711601369,-0.917438996928919,0.48767029198613626,0.36666666666666664,False
QK-MMD PauliXZ,0.1,0.5,0.05,total,0.5618129010069727,-0.14944740008370233,1.450641210751656,0.4666666666666667,False
Energy distance,0.1,0.5,0.1,total,-1.6210373626401033,-2.2031522366006695,-0.9681394109409891,0.16666666666666666,False
MMD-RBF,0.1,0.5,0.1,total,-1.0421847023205681,-1.6980941894731756,-0.2362816198345986,0.16666666666666666,False
KS-max,0.1,0.5,0.1,total,-1.1198782436545789,-1.9792600661767934,0.10548706056860427,0.13333333333333333,False
JSD,0.1,0.5,0.1,total,-1.1220634756536072,-1.7496433881531706,-0.341732157056987,0.13333333333333333,False
QK-MMD PauliXZ,0.1,0.5,0.1,total,0.6184695520139454,-0.09301977692941271,1.5093320744691199,0.5,False
Energy distance,0.1,1.0,0.0,total,-0.14651041666666723,-0.7779739583333342,0.554799479166666,0.36666666666666664,False
MMD-RBF,0.1,1.0,0.0,total,-0.11447916666666694,-0.8179466145833336,0.7499505208333332,0.4,False
KS-max,0.1,1.0,0.0,total,0.22427083333333314,-0.759026041666667,1.5813046874999979,0.36666666666666664,False
JSD,0.1,1.0,0.0,total,0.6600000000000001,-0.007662760416666805,1.3995585937499995,0.6666666666666666,False
QK-MMD PauliXZ,0.1,1.0,0.0,total,0.37182291666666667,-0.33408072916666653,1.2259453125,0.5,False
Energy distance,0.1,1.0,0.01,total,-0.3122964445973441,-0.9443288652462579,0.38896304558408895,0.3333333333333333,False
MMD-RBF,0.1,1.0,0.01,total,-0.242249720232057,-0.9464392577432071,0.6216934548369999,0.3333333333333333,False
KS-max,0.1,1.0,0.01,total,0.06152259230120866,-0.9218233820883736,1.418189751274825,0.3,False
JSD,0.1,1.0,0.01,total,0.49346031910130594,-0.1743746546504157,1.2324407943594402,0.6333333333333333,False
QK-MMD PauliXZ,0.1,1.0,0.01,total,0.3831542468680613,-0.3223113395635549,1.237383362422716,0.5,False
Energy distance,0.1,1.0,0.05,total,-0.9754405563200519,-1.6079409190230565,-0.27230486345354854,0.23333333333333334,False
MMD-RBF,0.1,1.0,0.05,total,-0.7533319344936175,-1.4573930249619444,0.10843961570902763,0.26666666666666666,False
KS-max,0.1,1.0,0.05,total,-0.5894703718272896,-1.5719363469214973,0.7657245788778317,0.2,False
JSD,0.1,1.0,0.05,total,-0.17269840449347018,-0.839653296378558,0.5666691079479496,0.4,False
QK-MMD PauliXZ,0.1,1.0,0.05,total,0.42847956767363937,-0.2783930362286675,1.2849388438164895,0.5,False
Energy distance,0.1,1.0,0.1,total,-1.8043706959734367,-2.4359822609345145,-1.097828489260458,0.13333333333333333,False
MMD-RBF,0.1,1.0,0.1,total,-1.392184702320568,-2.0928417304207305,-0.5334662912822001,0.13333333333333333,False
KS-max,0.1,1.0,0.1,total,-1.403211576987912,-2.3839071210885607,-0.048537129033260254,0.13333333333333333,False
JSD,0.1,1.0,0.1,total,-1.0053968089869405,-1.671123467564409,-0.2647348416295627,0.2,False
QK-MMD PauliXZ,0.1,1.0,0.1,total,0.48513621868061185,-0.22405192277376784,1.342940628946777,0.5333333333333333,False
Energy distance,0.1,2.0,0.0,total,-0.513177083333334,-1.376361979166667,0.39252864583333236,0.3333333333333333,False
MMD-RBF,0.1,2.0,0.0,total,-0.8144791666666669,-1.7242265625000002,0.20704557291666625,0.3,False
KS-max,0.1,2.0,0.0,total,-0.3423958333333335,-1.6471914062500002,1.3227343749999994,0.3333333333333333,False
JSD,0.1,2.0,0.0,total,0.8933333333333334,0.017432291666666624,1.7570507812499996,0.7,True
QK-MMD PauliXZ,0.1,2.0,0.0,total,0.10515624999999999,-0.7566158854166668,1.0162539062499998,0.5,False
Energy distance,0.1,2.0,0.01,total,-0.678963111264011,-1.5421851903017187,0.22713875006549383,0.3,False
MMD-RBF,0.1,2.0,0.01,total,-0.9422497202320572,-1.8503384379513292,0.07833633447613644,0.26666666666666666,False
KS-max,0.1,2.0,0.01,total,-0.5051440743654582,-1.8090593240002637,1.1595231129063563,0.3,False
JSD,0.1,2.0,0.01,total,0.7267936524346391,-0.14866546984444046,1.5899386000334268,0.6666666666666666,False
QK-MMD PauliXZ,0.1,2.0,0.01,total,0.1164875802013945,-0.7451300567823403,1.02703054163888,0.5,False
Energy distance,0.1,2.0,0.05,total,-1.3421072229867186,-2.2053768732944787,-0.43600462074634616,0.23333333333333334,False
MMD-RBF,0.1,2.0,0.05,total,-1.4533319344936175,-2.3581636000565442,-0.4371658432257785,0.23333333333333334,False
KS-max,0.1,2.0,0.05,total,-1.156137038493956,-2.4563584287286404,0.5059645457405851,0.2,False
JSD,0.1,2.0,0.05,total,0.060634928839863246,-0.8149973701779528,0.9246706395714088,0.5,False
QK-MMD PauliXZ,0.1,2.0,0.05,total,0.16181290100697282,-0.6992988005618775,1.0721185629350898,0.5,False
Energy distance,0.1,2.0,0.1,total,-2.1710373626401034,-3.0322821717666137,-1.2669542036694093,0.13333333333333333,False
MMD-RBF,0.1,2.0,0.1,total,-2.092184702320568,-2.9965656711280073,-1.0775549622955154,0.16666666666666666,False
KS-max,0.1,2.0,0.1,total,-1.969878243654578,-3.2655019594739523,-0.311498007829544,0.13333333333333333,False
JSD,0.1,2.0,0.1,total,-0.772063475653607,-1.6454098064458718,0.09187823421362527,0.36666666666666664,False
QK-MMD PauliXZ,0.1,2.0,0.1,total,0.21846955201394527,-0.6440728236787836,1.1292285041034529,0.5,False
Energy distance,0.25,0.0,0.0,total,0.53515625,-0.07188151041666666,1.20130859375,0.5333333333333333,False
MMD-RBF,0.25,0.0,0.0,total,0.7255208333333333,0.0762760416666667,1.5273502604166667,0.5333333333333333,True
KS-max,0.25,0.0,0.0,total,0.8359375,0.056503906250000006,1.934388020833333,0.6333333333333333,True
JSD,0.25,0.0,0.0,total,0.49166666666666664,-0.16380859374999998,1.3877669270833333,0.6333333333333333,False
QK-MMD PauliXZ,0.25,0.0,0.0,total,0.6434895833333333,-0.11380859374999999,1.6122395833333334,0.5,False
Energy distance,0.25,0.0,0.01,total,0.3693702220693231,-0.23816028847090878,1.0357297394724783,0.5,False
MMD-RBF,0.25,0.0,0.01,total,0.5977502797679434,-0.05115413519825271,1.3995246101239376,0.5,False
KS-max,0.25,0.0,0.01,total,0.6731892589678754,-0.10577176813211399,1.7705673352283304,0.5,False
JSD,0.25,0.0,0.01,total,0.3251269857679728,-0.3304894841404339,1.2208237592102817,0.5666666666666667,False
QK-MMD PauliXZ,0.25,0.0,0.01,total,0.654820913534728,-0.10329933067046011,1.6237060305039006,0.5,False
Energy distance,0.25,0.0,0.05,total,-0.29377388965338475,-0.9032675486623386,0.3728078082063049,0.3333333333333333,False
MMD-RBF,0.25,0.0,0.05,total,0.0866680655063828,-0.5623647298410018,0.8875545086729639,0.43333333333333335,False
KS-max,0.25,0.0,0.05,total,0.02219629483937737,-0.7543913734211191,1.1182067466958485,0.26666666666666666,False
JSD,0.25,0.0,0.05,total,-0.3410317378268034,-0.9967531362341202,0.5532748491474482,0.2,False
QK-MMD PauliXZ,0.25,0.0,0.05,total,0.7001462343403062,-0.05995929285266425,1.669472662453971,0.5333333333333333,False
Energy distance,0.25,0.0,0.1,total,-1.1227040293067694,-1.7346412918406617,-0.45783014011668305,0.16666666666666666,False
MMD-RBF,0.25,0.0,0.1,total,-0.5521847023205678,-1.2023907373299005,0.2459488610959283,0.26666666666666666,False
KS-max,0.25,0.0,0.1,total,-0.791544910321245,-1.5659061840246817,0.3047932117170026,0.16666666666666666,False
JSD,0.25,0.0,0.1,total,-1.1737301423202737,-1.829496640046515,-0.27972291843714475,0.06666666666666667,False
QK-MMD PauliXZ,0.25,0.0,0.1,total,0.7568028853472785,-0.005656265429337487,1.7266492762902532,0.5333333333333333,False
Energy distance,0.25,0.25,0.0,total,0.4434895833333333,-0.14792317708333333,1.096875,0.5,False
MMD-RBF,0.25,0.25,0.0,total,0.5505208333333333,-0.08906901041666666,1.3471549479166665,0.5666666666666667,False
KS-max,0.25,0.25,0.0,total,0.6942708333333333,-0.10782552083333333,1.8492578124999994,0.5333333333333333,False
JSD,0.25,0.25,0.0,total,0.55,-0.09270833333333334,1.388294270833333,0.6,False
QK-MMD PauliXZ,0.25,0.25,0.0,total,0.5768229166666666,-0.14922526041666667,1.4948111979166665,0.43333333333333335,False
Energy distance,0.25,0.25,0.01,total,0.2777035554026564,-0.3142706786358175,0.931328845072878,0.5,False
MMD-RBF,0.25,0.25,0.01,total,0.4227502797679434,-0.21717782340517328,1.219875332125118,0.5,False
KS-max,0.25,0.25,0.01,total,0.5315225923012088,-0.270617877244924,1.6858923996200441,0.4666666666666667,False
JSD,0.25,0.25,0.01,total,0.38346031910130607,-0.25926678693291777,1.220862004010354,0.5666666666666667,False
QK-MMD PauliXZ,0.25,0.25,0.01,total,0.5881542468680614,-0.13857928880373346,1.5067841757210614,0.43333333333333335,False
Energy distance,0.25,0.25,0.05,total,-0.38544055632005136,-0.9807092114831905,0.2688107609374319,0.3,False
MMD-RBF,0.25,0.25,0.05,total,-0.08833193449361719,-0.7303288968978937,0.7078035225360698,0.3333333333333333,False
KS-max,0.25,0.25,0.05,total,-0.1194703718272893,-0.9210580400877858,1.033564180895695,0.2,False
JSD,0.25,0.25,0.05,total,-0.2826984044934701,-0.9237738386104902,0.5547828724853167,0.3333333333333333,False
QK-MMD PauliXZ,0.25,0.25,0.05,total,0.6334795676736396,-0.09503434933481934,1.554589576572776,0.43333333333333335,False
Energy distance,0.25,0.25,0.1,total,-1.214370695973436,-1.8137127073367205,-0.5557814771282721,0.2,False
MMD-RBF,0.25,0.25,0.1,total,-0.7271847023205676,-1.3687860437819908,0.0666173110214097,0.2,False
KS-max,0.25,0.25,0.1,total,-0.9332115769879117,-1.733796886286272,0.21310935933415315,0.16666666666666666,False
JSD,0.25,0.25,0.1,total,-1.1153968089869404,-1.7550134936980228,-0.2778100576378349,0.06666666666666667,False
QK-MMD PauliXZ,0.25,0.25,0.1,total,0.6901362186806118,-0.04037461076397461,1.61346769058553,0.4666666666666667,False
Energy distance,0.25,0.5,0.0,total,0.35182291666666665,-0.24454427083333333,1.0182356770833334,0.43333333333333335,False
MMD-RBF,0.25,0.5,0.0,total,0.37552083333333336,-0.2705859375,1.1773632812499997,0.4666666666666667,False
KS-max,0.25,0.5,0.0,total,0.5526041666666667,-0.2942708333333333,1.768333333333332,0.43333333333333335,False
JSD,0.25,0.5,0.0,total,0.6083333333333333,-0.022395833333333334,1.3961328124999994,0.6,False
QK-MMD PauliXZ,0.25,0.5,0.0,total,0.51015625,-0.19351562499999997,1.3961328124999994,0.43333333333333335,False
Energy distance,0.25,0.5,0.01,total,0.1860368887359898,-0.41087146652897644,0.8528028020867291,0.43333333333333335,False
MMD-RBF,0.25,0.5,0.01,total,0.24775027976794337,-0.39850323775796287,1.0498360047979542,0.43333333333333335,False
KS-max,0.25,0.5,0.01,total,0.38985592563454213,-0.4556800719999046,1.6053538799180986,0.4,False
JSD,0.25,0.5,0.01,total,0.4417936524346394,-0.18820563135552226,1.2289538813259078,0.5666666666666667,False
QK-MMD PauliXZ,0.25,0.5,0.01,total,0.5214875802013947,-0.1830377927388041,1.408563973911691,0.43333333333333335,False
Energy distance,0.25,0.5,0.05,total,-0.4771072229867181,-1.0756601158665144,0.18956021504405343,0.3,False
MMD-RBF,0.25,0.5,0.05,total,-0.2633319344936172,-0.9092340480748147,0.5385771248505381,0.3,False
KS-max,0.25,0.5,0.05,total,-0.261137038493956,-1.1053273105984944,0.9552721440240711,0.23333333333333334,False
JSD,0.25,0.5,0.05,total,-0.22436507116013676,-0.8533806682876456,0.5629535342694671,0.4,False
QK-MMD PauliXZ,0.25,0.5,0.05,total,0.5668129010069727,-0.1403226970794689,1.4573104538464106,0.43333333333333335,False
Energy distance,0.25,0.5,0.1,total,-1.3060373626401025,-1.9063784180132017,-0.6381478214400509,0.2,False
MMD-RBF,0.25,0.5,0.1,total,-0.9021847023205679,-1.5482766450687198,-0.10197872612846604,0.16666666666666666,False
KS-max,0.25,0.5,0.1,total,-1.0748782436545783,-1.9175887374709903,0.13882196327138785,0.13333333333333333,False
JSD,0.25,0.5,0.1,total,-1.057063475653607,-1.6859087626527862,-0.26800420172094475,0.13333333333333333,False
QK-MMD PauliXZ,0.25,0.5,0.1,total,0.6234695520139454,-0.08793438696842842,1.5180060384379461,0.5,False
Energy distance,0.25,1.0,0.0,total,0.16848958333333333,-0.48021484375,0.8799479166666667,0.4666666666666667,False
MMD-RBF,0.25,1.0,0.0,total,0.025520833333333333,-0.6679752604166667,0.8750260416666663,0.4666666666666667,False
KS-max,0.25,1.0,0.0,total,0.26927083333333335,-0.69974609375,1.6088606770833334,0.4,False
JSD,0.25,1.0,0.0,total,0.725,0.05234375,1.4705924479166663,0.6666666666666666,True
QK-MMD PauliXZ,0.25,1.0,0.0,total,0.3768229166666667,-0.3247526041666667,1.2263281249999995,0.5,False
Energy distance,0.25,1.0,0.01,total,0.0027035554026564176,-0.6462685130212933,0.7137921428072206,0.43333333333333335,False
MMD-RBF,0.25,1.0,0.01,total,-0.10224972023205675,-0.7960383411950461,0.7468542710243032,0.4,False
KS-max,0.25,1.0,0.01,total,0.10652259230120874,-0.8623138159841014,1.44552752093787,0.3333333333333333,False
JSD,0.25,1.0,0.01,total,0.5584603191013059,-0.11392590950666823,1.3039585755625813,0.6333333333333333,False
QK-MMD PauliXZ,0.25,1.0,0.01,total,0.3881542468680612,-0.3142847660504599,1.2372667973595075,0.5,False
Energy distance,0.25,1.0,0.05,total,-0.6604405563200514,-1.311418070013572,0.051555013162966706,0.26666666666666666,False
MMD-RBF,0.25,1.0,0.05,total,-0.6133319344936171,-1.3048300381579367,0.23404023908339056,0.3,False
KS-max,0.25,1.0,0.05,total,-0.5444703718272893,-1.5100568218527233,0.7933808985993035,0.2,False
JSD,0.25,1.0,0.05,total,-0.10769840449347005,-0.7785970554503486,0.6404384027995836,0.4,False
QK-MMD PauliXZ,0.25,1.0,0.05,total,0.43347956767363943,-0.270566960286092,1.2840200456007047,0.5,False
Energy distance,0.25,1.0,0.1,total,-1.4893706959734354,-2.1404724259114394,-0.7753725053147649,0.2,False
MMD-RBF,0.25,1.0,0.1,total,-1.2521847023205674,-1.9437898636573419,-0.4048000242340594,0.13333333333333333,False
KS-max,0.25,1.0,0.1,total,-1.3582115769879115,-2.3238776652310533,-0.02597698427765061,0.13333333333333333,False
JSD,0.25,1.0,0.1,total,-0.9403968089869401,-1.6095851031709367,-0.19005157631643446,0.2,False
QK-MMD PauliXZ,0.25,1.0,0.1,total,0.4901362186806119,-0.21618341387106924,1.3435707586149306,0.5333333333333333,False
Energy distance,0.25,2.0,0.0,total,-0.19817708333333334,-1.0711197916666666,0.7146028645833331,0.36666666666666664,False
MMD-RBF,0.25,2.0,0.0,total,-0.6744791666666666,-1.5703385416666666,0.33724609374999986,0.3,False
KS-max,0.25,2.0,0.0,total,-0.29739583333333336,-1.5901106770833333,1.3437565104166667,0.36666666666666664,False
JSD,0.25,2.0,0.0,total,0.9583333333333334,0.08098958333333334,1.8273502604166667,0.7,True
QK-MMD PauliXZ,0.25,2.0,0.0,total,0.11015625,-0.7463802083333333,1.0182421874999998,0.5,False
Energy distance,0.25,2.0,0.01,total,-0.3639631112640105,-1.2371858750736962,0.5493370658938296,0.36666666666666664,False
MMD-RBF,0.25,2.0,0.01,total,-0.802249720232057,-1.6991587272382442,0.20881082179491206,0.26666666666666666,False
KS-max,0.25,2.0,0.01,total,-0.46014407436545796,-1.7509845363484418,1.1802190766545115,0.3333333333333333,False
JSD,0.25,2.0,0.01,total,0.7917936524346391,-0.08502337481187076,1.6600104349849893,0.6666666666666666,False
QK-MMD PauliXZ,0.25,2.0,0.01,total,0.12148758020139452,-0.7358787884434752,1.0302154491074655,0.5,False
Energy distance,0.25,2.0,0.05,total,-1.0271072229867177,-1.8988026716960642,-0.11414243189988618,0.26666666666666666,False
MMD-RBF,0.25,2.0,0.05,total,-1.3133319344936172,-2.2049153532631265,-0.3026640307678419,0.23333333333333334,False
KS-max,0.25,2.0,0.05,total,-1.111137038493956,-2.4005725320671627,0.529206672703042,0.2,False
JSD,0.25,2.0,0.05,total,0.1256349288398633,-0.7490972898137356,0.9909193439023601,0.5,False
QK-MMD PauliXZ,0.25,2.0,0.05,total,0.1668129010069728,-0.6906901815960735,1.077239411151754,0.5,False
Energy distance,0.25,2.0,0.1,total,-1.8560373626401023,-2.72542052114981,-0.941124088204272,0.16666666666666666,False
MMD-RBF,0.25,2.0,0.1,total,-1.9521847023205672,-2.842056733822489,-0.9452881546973759,0.16666666666666666,False
KS-max,0.25,2.0,0.1,total,-1.9248782436545782,-3.212627323576405,-0.2836858210352949,0.13333333333333333,False
JSD,0.25,2.0,0.1,total,-0.7070634756536068,-1.579221629274485,0.1588358733939432,0.36666666666666664,False
QK-MMD PauliXZ,0.25,2.0,0.1,total,0.2234695520139454,-0.6336738795809215,1.1340908909318193,0.5,False
Energy distance,0.5,0.0,0.0,total,1.06015625,0.41560546875000004,1.759388020833333,0.7,True
MMD-RBF,0.5,0.0,0.0,total,0.9588541666666667,0.3075260416666667,1.7523502604166667,0.6,True
KS-max,0.5,0.0,0.0,total,0.9109375,0.15207682291666666,1.9836458333333327,0.6333333333333333,True
JSD,0.5,0.0,0.0,total,0.6,-0.07475260416666665,1.50521484375,0.6333333333333333,False
QK-MMD PauliXZ,0.5,0.0,0.0,total,0.6518229166666667,-0.11198567708333333,1.615657552083333,0.5333333333333333,False
Energy distance,0.5,0.0,0.01,total,0.894370222069323,0.24869041356353952,1.5939146166550664,0.7,True
MMD-RBF,0.5,0.0,0.01,total,0.8310836131012765,0.17897064420999675,1.6240783612854914,0.5666666666666667,True
KS-max,0.5,0.0,0.01,total,0.7481892589678754,-0.010708502955221678,1.821260307179473,0.6,False
JSD,0.5,0.0,0.01,total,0.43346031910130606,-0.24146685338100735,1.339127305582782,0.6,False
QK-MMD PauliXZ,0.5,0.0,0.01,total,0.6631542468680613,-0.10051520281642934,1.627875229397007,0.5333333333333333,False
Energy distance,0.5,0.0,0.05,total,0.2312261103466153,-0.41652187808476926,0.9321466238763482,0.5,False
MMD-RBF,0.5,0.0,0.05,total,0.3200013988397161,-0.3311727286516156,1.1117787228016531,0.4666666666666667,False
KS-max,0.5,0.0,0.05,total,0.09719629483937738,-0.6588938095475897,1.1700769101713078,0.3,False
JSD,0.5,0.0,0.05,total,-0.2326984044934701,-0.9064554382409118,0.6737583194851222,0.3,False
QK-MMD PauliXZ,0.5,0.0,0.05,total,0.7084795676736396,-0.05711862643829482,1.6751262058105398,0.5666666666666667,False
Energy distance,0.5,0.0,0.1,total,-0.5977040293067692,-1.2498755937837027,0.1034089643457847,0.3,False
MMD-RBF,0.5,0.0,0.1,total,-0.3188513689872343,-0.9722228209819584,0.47200998334847577,0.4,False
KS-max,0.5,0.0,0.1,total,-0.716544910321245,-1.470024847153167,0.35500533551551977,0.16666666666666666,False
JSD,0.5,0.0,0.1,total,-1.0653968089869401,-1.7403281617167523,-0.1578066071686828,0.1,False
QK-MMD PauliXZ,0.5,0.0,0.1,total,0.765136218680612,-0.0017166158639013382,1.7358969428710793,0.5666666666666667,False
Energy distance,0.5,0.25,0.0,total,0.9684895833333333,0.33697916666666666,1.6526236979166664,0.6666666666666666,True
MMD-RBF,0.5,0.25,0.0,total,0.7838541666666666,0.14895833333333333,1.5724088541666665,0.6333333333333333,True
KS-max,0.5,0.25,0.0,total,0.7692708333333333,-0.013821614583333315,1.891946614583333,0.6,False
JSD,0.5,0.25,0.0,total,0.6583333333333333,0.006503906250000006,1.509134114583333,0.6333333333333333,True
QK-MMD PauliXZ,0.5,0.25,0.0,total,0.58515625,-0.1442903645833333,1.5093815104166666,0.4666666666666667,False
Energy distance,0.5,0.25,0.01,total,0.8027035554026564,0.17101599440940582,1.4876659811697999,0.6666666666666666,True
MMD-RBF,0.5,0.25,0.01,total,0.6560836131012766,0.021127700630202743,1.443949011381226,0.6,True
KS-max,0.5,0.25,0.01,total,0.6065225923012088,-0.175859935318464,1.7282635272956977,0.5333333333333333,False
JSD,0.5,0.25,0.01,total,0.49179365243463935,-0.16013296297963642,1.3425420388149203,0.5666666666666667,False
QK-MMD PauliXZ,0.5,0.25,0.01,total,0.5964875802013947,-0.1333092362517518,1.5210520654335176,0.4666666666666667,False
Energy distance,0.5,0.25,0.05,total,0.13955944367994863,-0.49447822779299677,0.827086960794268,0.43333333333333335,False
MMD-RBF,0.5,0.25,0.05,total,0.14500139883971613,-0.49066632786027903,0.9320527987913317,0.4,False
KS-max,0.5,0.25,0.05,total,-0.044470371827289294,-0.8266230132396837,1.0733543125277845,0.23333333333333334,False
JSD,0.5,0.25,0.05,total,-0.17436507116013678,-0.826956696683764,0.6761076670313777,0.36666666666666664,False
QK-MMD PauliXZ,0.5,0.25,0.05,total,0.6418129010069726,-0.08938472292542692,1.5679064009850598,0.4666666666666667,False
Energy distance,0.5,0.25,0.1,total,-0.6893706959734361,-1.3275363830178104,0.0007854383054947441,0.26666666666666666,False
MMD-RBF,0.5,0.25,0.1,total,-0.4938513689872343,-1.1293203652836674,0.2916396539120662,0.3,False
KS-max,0.5,0.25,0.1,total,-0.8582115769879117,-1.6381804940476437,0.25534668891384954,0.16666666666666666,False
JSD,0.5,0.25,0.1,total,-1.007063475653607,-1.6606370762111717,-0.15621100901870583,0.1,False
QK-MMD PauliXZ,0.5,0.25,0.1,total,0.6984695520139452,-0.03373783196942541,1.6263581220460361,0.5,False
Energy distance,0.5,0.5,0.0,total,0.8768229166666667,0.24085937500000001,1.5721679687499994,0.7333333333333333,True
MMD-RBF,0.5,0.5,0.0,total,0.6088541666666667,-0.02604817708333333,1.4031770833333326,0.5666666666666667,False
KS-max,0.5,0.5,0.0,total,0.6276041666666666,-0.19844401041666665,1.8252994791666661,0.43333333333333335,False
JSD,0.5,0.5,0.0,total,0.7166666666666667,0.07213541666666666,1.5265690104166667,0.6,True
QK-MMD PauliXZ,0.5,0.5,0.0,total,0.5184895833333333,-0.18542317708333333,1.4078190104166666,0.4666666666666667,False
Energy distance,0.5,0.5,0.01,total,0.7110368887359897,0.07401880029737452,1.4062772463252367,0.6666666666666666,True
MMD-RBF,0.5,0.5,0.01,total,0.48108361310127656,-0.15376862928206672,1.2756913741448022,0.5,False
KS-max,0.5,0.5,0.01,total,0.46485592563454214,-0.3608652455557942,1.661753094134203,0.43333333333333335,False
JSD,0.5,0.5,0.01,total,0.5501269857679726,-0.09414198377736603,1.3605519795072172,0.5666666666666667,False
QK-MMD PauliXZ,0.5,0.5,0.01,total,0.5298209135347278,-0.1736105286146239,1.4187679913254818,0.4666666666666667,False
Energy distance,0.5,0.5,0.05,total,0.047892777013282,-0.591280223088892,0.7443950871497024,0.36666666666666664,False
MMD-RBF,0.5,0.5,0.05,total,-0.029998601160283803,-0.6642397644414256,0.766419466347259,0.4,False
KS-max,0.5,0.5,0.05,total,-0.1861370384939559,-1.0096884034572047,1.007522386226143,0.23333333333333334,False
JSD,0.5,0.5,0.05,total,-0.11603173782680339,-0.759960675658086,0.6954644516153157,0.4,False
QK-MMD PauliXZ,0.5,0.5,0.05,total,0.575146234340306,-0.12971704067368908,1.4663269445516294,0.4666666666666667,False
Energy distance,0.5,0.5,0.1,total,-0.7810373626401028,-1.4210097111911748,-0.0841792725954633,0.2,False
MMD-RBF,0.5,0.5,0.1,total,-0.6688513689872343,-1.3029968644769687,0.12565000662133852,0.26666666666666666,False
KS-max,0.5,0.5,0.1,total,-0.9998782436545783,-1.8209404654289632,0.18821483131474795,0.13333333333333333,False
JSD,0.5,0.5,0.1,total,-0.9487301423202735,-1.5940066891088405,-0.1366576425652411,0.2,False
QK-MMD PauliXZ,0.5,0.5,0.1,total,0.6318028853472786,-0.07608996208157641,1.5243765506036082,0.5,False
Energy distance,0.5,1.0,0.0,total,0.6934895833333333,0.011197916666666667,1.4265950520833328,0.6,True
MMD-RBF,0.5,1.0,0.0,total,0.25885416666666666,-0.42240234375,1.0961067708333332,0.5,False
KS-max,0.5,1.0,0.0,total,0.34427083333333336,-0.6067838541666667,1.656263020833333,0.4,False
JSD,0.5,1.0,0.0,total,0.8333333333333334,0.14999348958333333,1.594544270833333,0.6666666666666666,True
QK-MMD PauliXZ,0.5,1.0,0.0,total,0.38515625,-0.31694661458333334,1.2380468749999995,0.5,False
Energy distance,0.5,1.0,0.01,total,0.5277035554026566,-0.15483348541350955,1.2611205975483477,0.6,False
MMD-RBF,0.5,1.0,0.01,total,0.13108361310127659,-0.5498554138821403,0.968157291879916,0.4666666666666667,False
KS-max,0.5,1.0,0.01,total,0.1815225923012088,-0.7690648415956766,1.4930210376996147,0.36666666666666664,False
JSD,0.5,1.0,0.01,total,0.6667936524346395,-0.01640983759178381,1.4285439632880153,0.6333333333333333,False
QK-MMD PauliXZ,0.5,1.0,0.01,total,0.39648758020139463,-0.30633502749620034,1.2488152024651669,0.5,False
Energy distance,0.5,1.0,0.05,total,-0.13544055632005125,-0.8208430047538229,0.599110162236267,0.4,False
MMD-RBF,0.5,1.0,0.05,total,-0.3799986011602837,-1.058968388554766,0.4546745571699473,0.4,False
KS-max,0.5,1.0,0.05,total,-0.46947037182728907,-1.4168327292000518,0.8404169524573563,0.2,False
JSD,0.5,1.0,0.05,total,0.0006349288398633135,-0.6818383843627039,0.7631585382858121,0.4,False
QK-MMD PauliXZ,0.5,1.0,0.05,total,0.4418129010069728,-0.26180695920698044,1.2924235730101146,0.5,False
Energy distance,0.5,1.0,0.1,total,-0.9643706959734359,-1.6510964214775206,-0.23082773122109,0.2,False
MMD-RBF,0.5,1.0,0.1,total,-1.0188513689872343,-1.6945645563467597,-0.1882210500129536,0.16666666666666666,False
KS-max,0.5,1.0,0.1,total,-1.2832115769879116,-2.2288842438639738,0.024583904914712944,0.16666666666666666,False
JSD,0.5,1.0,0.1,total,-0.8320634756536068,-1.5146421899551157,-0.06659452758013511,0.3,False
QK-MMD PauliXZ,0.5,1.0,0.1,total,0.4984695520139452,-0.20757691735012732,1.352681065701403,0.5333333333333333,False
Energy distance,0.5,2.0,0.0,total,0.3268229166666667,-0.5588541666666667,1.2671940104166666,0.5666666666666667,False
MMD-RBF,0.5,2.0,0.0,total,-0.44114583333333335,-1.3200520833333333,0.5518424479166665,0.3333333333333333,False
KS-max,0.5,2.0,0.0,total,-0.22239583333333332,-1.5010677083333333,1.39974609375,0.36666666666666664,False
JSD,0.5,2.0,0.0,total,1.0666666666666667,0.18539062500000003,1.9369856770833334,0.7,True
QK-MMD PauliXZ,0.5,2.0,0.0,total,0.11848958333333333,-0.73595703125,1.0250195312499997,0.5333333333333333,False
Energy distance,0.5,2.0,0.01,total,0.16103688873598979,-0.7240601659518945,1.1009823961192062,0.5333333333333333,False
MMD-RBF,0.5,2.0,0.01,total,-0.5689163868987234,-1.4473011057026182,0.4239683316809804,0.3,False
KS-max,0.5,2.0,0.01,total,-0.38514407436545794,-1.6631507831089658,1.235873931187119,0.36666666666666664,False
JSD,0.5,2.0,0.01,total,0.9001269857679726,0.019499610229497213,1.770531184339069,0.6666666666666666,True
QK-MMD PauliXZ,0.5,2.0,0.01,total,0.1298209135347279,-0.7239554321580373,1.0371579078707303,0.5333333333333333,False
Energy distance,0.5,2.0,0.05,total,-0.5021072229867178,-1.389347382331752,0.4395107029715825,0.3333333333333333,False
MMD-RBF,0.5,2.0,0.05,total,-1.0799986011602838,-1.954635512100731,-0.08821938818219752,0.26666666666666666,False
KS-max,0.5,2.0,0.05,total,-1.0361370384939559,-2.3109651851945863,0.5806581426937231,0.2,False
JSD,0.5,2.0,0.05,total,0.23396826217319658,-0.6434182797754231,1.1044258554994255,0.5,False
QK-MMD PauliXZ,0.5,2.0,0.05,total,0.17514623434030613,-0.6794308245964445,1.0844561517911344,0.5333333333333333,False
Energy distance,0.5,2.0,0.1,total,-1.3310373626401024,-2.2199165628046518,-0.3887467203347092,0.2,False
MMD-RBF,0.5,2.0,0.1,total,-1.7188513689872338,-2.5896720139999525,-0.7288484155713134,0.2,False
KS-max,0.5,2.0,0.1,total,-1.8498782436545782,-3.119174406023347,-0.23314965605779414,0.13333333333333333,False
JSD,0.5,2.0,0.1,total,-0.5987301423202734,-1.4751036176784256,0.27302088338123087,0.4,False
QK-MMD PauliXZ,0.5,2.0,0.1,total,0.23180288534727878,-0.622588509945063,1.141510141573904,0.5333333333333333,False
Energy distance,1.0,0.0,0.0,total,2.11015625,1.3505143229166667,2.8846484375,0.9,True
MMD-RBF,1.0,0.0,0.0,total,1.4255208333333333,0.746328125,2.21927734375,0.8,True
KS-max,1.0,0.0,0.0,total,1.0609375,0.31640625,2.0948046875,0.7,True
JSD,1.0,0.0,0.0,total,0.8166666666666667,0.09504557291666667,1.76875,0.7,True
QK-MMD PauliXZ,1.0,0.0,0.0,total,0.6684895833333333,-0.11304036458333332,1.6429817708333332,0.5666666666666667,False
Energy distance,1.0,0.0,0.01,total,1.944370222069323,1.1842728668755977,2.7194320257759617,0.8666666666666667,True
MMD-RBF,1.0,0.0,0.01,total,1.2977502797679432,0.6174846230159637,2.091272739679994,0.7666666666666667,True
KS-max,1.0,0.0,0.01,total,0.8981892589678754,0.1542848940365124,1.9308540914936836,0.6666666666666666,True
JSD,1.0,0.0,0.01,total,0.6501269857679726,-0.07203144169169347,1.602873439280853,0.6666666666666666,False
QK-MMD PauliXZ,1.0,0.0,0.01,total,0.679820913534728,-0.10295629216818755,1.6547152370708642,0.5666666666666667,False
Energy distance,1.0,0.0,0.05,total,1.2812261103466152,0.5194051794206024,2.0599447212391437,0.7666666666666667,True
MMD-RBF,1.0,0.0,0.05,total,0.7866680655063829,0.10636740644471133,1.5791275823116246,0.6,True
KS-max,1.0,0.0,0.05,total,0.24719629483937744,-0.4967122235921367,1.2753520546745172,0.43333333333333335,False
JSD,1.0,0.0,0.05,total,-0.0160317378268035,-0.7376431306784703,0.9356146783436561,0.4,False
QK-MMD PauliXZ,1.0,0.0,0.05,total,0.7251462343403061,-0.06125670348372194,1.7018258015249639,0.6,False
Energy distance,1.0,0.0,0.1,total,0.4522959706932307,-0.31445156138531954,1.2305561081418805,0.5333333333333333,False
MMD-RBF,1.0,0.0,0.1,total,0.14781529767943244,-0.530615981418465,0.939044747550933,0.4666666666666667,False
KS-max,1.0,0.0,0.1,total,-0.5665449103212448,-1.3089193902835636,0.4604945168659033,0.2,False
JSD,1.0,0.0,0.1,total,-0.8487301423202734,-1.5703281143736292,0.10585940534680616,0.1,False
QK-MMD PauliXZ,1.0,0.0,0.1,total,0.7818028853472786,-0.005121452505778116,1.7611506028255388,0.6,False
Energy distance,1.0,0.25,0.0,total,2.0184895833333334,1.2749869791666666,2.782037760416667,0.9,True
MMD-RBF,1.0,0.25,0.0,total,1.2505208333333333,0.5864518229166666,2.034680989583333,0.8,True
KS-max,1.0,0.25,0.0,total,0.9192708333333334,0.15205729166666668,1.9976757812499997,0.6666666666666666,True
JSD,1.0,0.25,0.0,total,0.875,0.17290364583333334,1.7692708333333333,0.7,True
QK-MMD PauliXZ,1.0,0.25,0.0,total,0.6018229166666667,-0.14897135416666665,1.5403645833333333,0.4666666666666667,False
Energy distance,1.0,0.25,0.01,total,1.8527035554026563,1.1085613398441756,2.616521859788368,0.8333333333333334,True
MMD-RBF,1.0,0.25,0.01,total,1.1227502797679432,0.4587656800765894,1.9066693774344394,0.7666666666666667,True
KS-max,1.0,0.25,0.01,total,0.7565225923012088,-0.010460720341687622,1.8341410666434925,0.6666666666666666,False
JSD,1.0,0.25,0.01,total,0.7084603191013058,0.006407812104279886,1.6030047113970718,0.6666666666666666,True
QK-MMD PauliXZ,1.0,0.25,0.01,total,0.6131542468680613,-0.1387364902283161,1.5517672679353505,0.4666666666666667,False
Energy distance,1.0,0.25,0.05,total,1.1895594436799486,0.44264527604531045,1.9528114003066972,0.8,True
MMD-RBF,1.0,0.25,0.05,total,0.6116680655063829,-0.05256296579063437,1.397513479834442,0.5666666666666667,False
KS-max,1.0,0.25,0.05,total,0.10552962817271082,-0.6610452485775413,1.1793591752044932,0.26666666666666666,False
JSD,1.0,0.25,0.05,total,0.042301595506529864,-0.6576637457974962,0.9379267211817786,0.4,False
QK-MMD PauliXZ,1.0,0.25,0.05,total,0.6584795676736395,-0.09428719061101827,1.5972477980100852,0.4666666666666667,False
Energy distance,1.0,0.25,0.1,total,0.3606293040265639,-0.38873237063607674,1.1274221442455503,0.5,False
MMD-RBF,1.0,0.25,0.1,total,-0.027184702320567546,-0.6917046284911242,0.7525101673752942,0.43333333333333335,False
KS-max,1.0,0.25,0.1,total,-0.7082115769879117,-1.4735023922661008,0.36416057628251525,0.2,False
JSD,1.0,0.25,0.1,total,-0.7903968089869403,-1.4896346682599881,0.10657609861355721,0.16666666666666666,False
QK-MMD PauliXZ,1.0,0.25,0.1,total,0.715136218680612,-0.03894454899007306,1.6566180412246023,0.5,False
Energy distance,1.0,0.5,0.0,total,1.9268229166666666,1.17447265625,2.6898502604166667,0.8666666666666667,True
MMD-RBF,1.0,0.5,0.0,total,1.0755208333333333,0.4239583333333333,1.863294270833333,0.7,True
KS-max,1.0,0.5,0.0,total,0.7776041666666667,-0.031022135416666638,1.9211914062499986,0.6,False
JSD,1.0,0.5,0.0,total,0.9333333333333333,0.2372135416666667,1.7849088541666664,0.7,True
QK-MMD PauliXZ,1.0,0.5,0.0,total,0.53515625,-0.18831380208333331,1.4309895833333333,0.4666666666666667,False
Energy distance,1.0,0.5,0.01,total,1.7610368887359897,1.007733241632063,2.5250441081526476,0.8333333333333334,True
MMD-RBF,1.0,0.5,0.01,total,0.9477502797679431,0.29662817142674164,1.7340672966025108,0.6666666666666666,True
KS-max,1.0,0.5,0.01,total,0.614855925634542,-0.1932383539586648,1.7573924675745434,0.5666666666666667,False
JSD,1.0,0.5,0.01,total,0.7667936524346392,0.07086189738155221,1.6182970408690178,0.6666666666666666,True
QK-MMD PauliXZ,1.0,0.5,0.01,total,0.5464875802013947,-0.1768959948349229,1.4427717294148914,0.4666666666666667,False
Energy distance,1.0,0.5,0.05,total,1.097892777013282,0.3415116473857633,1.8650336556694915,0.7666666666666667,True
MMD-RBF,1.0,0.5,0.05,total,0.4366680655063828,-0.214739075956968,1.224113454002921,0.5,False
KS-max,1.0,0.5,0.05,total,-0.03613703849395581,-0.8440661245632267,1.103309889615706,0.26666666666666666,False
JSD,1.0,0.5,0.05,total,0.10063492883986319,-0.5932953411725905,0.9522721989269243,0.43333333333333335,False
QK-MMD PauliXZ,1.0,0.5,0.05,total,0.5918129010069728,-0.13164769310166116,1.4908362944150184,0.4666666666666667,False
Energy distance,1.0,0.5,0.1,total,0.2689626373598973,-0.4884372581601882,1.0376350704584425,0.4666666666666667,False
MMD-RBF,1.0,0.5,0.1,total,-0.2021847023205675,-0.8556714201283562,0.5824380603620178,0.3333333333333333,False
KS-max,1.0,0.5,0.1,total,-0.8498782436545783,-1.6545755684437073,0.28884787343119345,0.2,False
JSD,1.0,0.5,0.1,total,-0.7320634756536067,-1.4268694204488712,0.1199032952789081,0.26666666666666666,False
QK-MMD PauliXZ,1.0,0.5,0.1,total,0.6484695520139453,-0.07573806669202175,1.5492122416969014,0.5,False
Energy distance,1.0,1.0,0.0,total,1.7434895833333333,0.9538736979166667,2.55,0.7666666666666667,True
MMD-RBF,1.0,1.0,0.0,total,0.7255208333333333,0.047636718750000015,1.5552864583333321,0.6,True
KS-max,1.0,1.0,0.0,total,0.4942708333333333,-0.43151692708333333,1.7516406249999987,0.43333333333333335,False
JSD,1.0,1.0,0.0,total,1.05,0.32837239583333333,1.8515950520833329,0.7333333333333333,True
QK-MMD PauliXZ,1.0,1.0,0.0,total,0.40182291666666664,-0.3164192708333333,1.262259114583333,0.4666666666666667,False
Energy distance,1.0,1.0,0.01,total,1.5777035554026564,0.7873618941198879,2.384202439158353,0.7333333333333333,True
MMD-RBF,1.0,1.0,0.01,total,0.5977502797679431,-0.07880174777473943,1.4260437954623277,0.5666666666666667,False
KS-max,1.0,1.0,0.01,total,0.33152259230120873,-0.5935088473325063,1.5879919934210827,0.4,False
JSD,1.0,1.0,0.01,total,0.8834603191013058,0.16127681595488844,1.6849711745557767,0.7,True
QK-MMD PauliXZ,1.0,1.0,0.01,total,0.4131542468680612,-0.3056195905027854,1.2744952428390233,0.4666666666666667,False
Energy distance,1.0,1.0,0.05,total,0.9145594436799487,0.12286631117772294,1.721031722265533,0.7,True
MMD-RBF,1.0,1.0,0.05,total,0.08666806550638283,-0.5889965814732278,0.9138795381711726,0.4666666666666667,False
KS-max,1.0,1.0,0.05,total,-0.31947037182728916,-1.2428099444208736,0.936596568758783,0.23333333333333334,False
JSD,1.0,1.0,0.05,total,0.2173015955065299,-0.5035152880862637,1.0184905679250074,0.43333333333333335,False
QK-MMD PauliXZ,1.0,1.0,0.05,total,0.45847956767363934,-0.2603994236932,1.3227312361636236,0.4666666666666667,False
Energy distance,1.0,1.0,0.1,total,0.085629304026564,-0.7058150692942148,0.8942099978508773,0.4666666666666667,False
MMD-RBF,1.0,1.0,0.1,total,-0.5521847023205677,-1.2242401506822886,0.272000454623291,0.3,False
KS-max,1.0,1.0,0.1,total,-1.1332115769879114,-2.0522751022260057,0.1196234983095008,0.2,False
JSD,1.0,1.0,0.1,total,-0.61539680898694,-1.3351442417547517,0.1893054642617737,0.3,False
QK-MMD PauliXZ,1.0,1.0,0.1,total,0.5151362186806119,-0.20534006199712165,1.3808782324670945,0.5,False
Energy distance,1.0,2.0,0.0,total,1.3768229166666666,0.40989583333333335,2.3755208333333333,0.7,True
MMD-RBF,1.0,2.0,0.0,total,0.025520833333333333,-0.8330794270833334,0.9937825520833329,0.5,False
KS-max,1.0,2.0,0.0,total,-0.07239583333333334,-1.32578125,1.515384114583333,0.4,False
JSD,1.0,2.0,0.0,total,1.2833333333333334,0.37184895833333337,2.17474609375,0.7666666666666667,True
QK-MMD PauliXZ,1.0,2.0,0.0,total,0.13515625,-0.7291927083333333,1.0557356770833333,0.5,False
Energy distance,1.0,2.0,0.01,total,1.2110368887359897,0.24378118514051902,2.2098008304090477,0.6666666666666666,True
MMD-RBF,1.0,2.0,0.01,total,-0.10224972023205695,-0.9604548948185159,0.8661652424295258,0.4666666666666667,False
KS-max,1.0,2.0,0.01,total,-0.2351440743654579,-1.4877217701451435,1.3519293504751997,0.4,False
JSD,1.0,2.0,0.01,total,1.1167936524346394,0.20593138843485492,2.008214143780803,0.7333333333333333,True
QK-MMD PauliXZ,1.0,2.0,0.01,total,0.14648758020139446,-0.7185219700387057,1.0672122881163744,0.5,False
Energy distance,1.0,2.0,0.05,total,0.547892777013282,-0.4221907425977503,1.5468105476870544,0.6333333333333333,False
MMD-RBF,1.0,2.0,0.05,total,-0.6133319344936173,-1.4685053708814326,0.3520724003380934,0.36666666666666664,False
KS-max,1.0,2.0,0.05,total,-0.8861370384939559,-2.1354585803757415,0.6958904930499992,0.23333333333333334,False
JSD,1.0,2.0,0.05,total,0.4506349288398631,-0.46067903404237603,1.3387894904743196,0.5333333333333333,False
QK-MMD PauliXZ,1.0,2.0,0.05,total,0.19181290100697265,-0.6714492763888605,1.111145291628127,0.5,False
Energy distance,1.0,2.0,0.1,total,-0.2810373626401029,-1.251713460370549,0.7197399168614841,0.4,False
MMD-RBF,1.0,2.0,0.1,total,-1.2521847023205674,-2.1022622878778976,-0.2887454898253198,0.2,False
KS-max,1.0,2.0,0.1,total,-1.699878243654578,-2.945173008796992,-0.11993520752016563,0.16666666666666666,False
JSD,1.0,2.0,0.1,total,-0.3820634756536068,-1.2918492826771695,0.5068049842647061,0.4,False
QK-MMD PauliXZ,1.0,2.0,0.1,total,0.24846955201394538,-0.6129481975729189,1.1666107903730774,0.5,False
Energy distance,2.0,0.0,0.0,total,4.21015625,3.16740234375,5.198450520833333,0.9666666666666667,True
MMD-RBF,2.0,0.0,0.0,total,2.3588541666666667,1.5439908854166666,3.237513020833333,0.8,True
KS-max,2.0,0.0,0.0,total,1.3609375,0.5648111979166667,2.3455859375,0.7,True
JSD,2.0,0.0,0.0,total,1.25,0.3856705729166667,2.3107161458333327,0.7333333333333333,True
QK-MMD PauliXZ,2.0,0.0,0.0,total,0.7018229166666666,-0.17292968749999998,1.7179947916666662,0.5666666666666667,False
Energy distance,2.0,0.0,0.01,total,4.044370222069323,3.0000501600309297,5.032954581208252,0.9666666666666667,True
MMD-RBF,2.0,0.0,0.01,total,2.2310836131012763,1.4152253722263963,3.1110624561651967,0.7666666666666667,True
KS-max,2.0,0.0,0.01,total,1.1981892589678758,0.4022259795792749,2.182631305683701,0.6666666666666666,True
JSD,2.0,0.0,0.01,total,1.083460319101306,0.2187534225344765,2.143637224514068,0.7,True
QK-MMD PauliXZ,2.0,0.0,0.01,total,0.7131542468680613,-0.16197405290461617,1.729089330583671,0.5666666666666667,False
Energy distance,2.0,0.0,0.05,total,3.3812261103466152,2.333740829186475,4.371199699293517,0.9333333333333333,True
MMD-RBF,2.0,0.0,0.05,total,1.7200013988397163,0.9063667467357446,2.59879580312115,0.7666666666666667,True
KS-max,2.0,0.0,0.05,total,0.5471962948393775,-0.24712149835791697,1.530785383272998,0.5333333333333333,False
JSD,2.0,0.0,0.05,total,0.4173015955065298,-0.44905637672687587,1.4794514876331812,0.4666666666666667,False
QK-MMD PauliXZ,2.0,0.0,0.05,total,0.7584795676736392,-0.1181280830096271,1.7744859409803808,0.6,False
Energy distance,2.0,0.0,0.1,total,2.5522959706932307,1.50102031875037,3.543982399414982,0.8666666666666667,True
MMD-RBF,2.0,0.0,0.1,total,1.0811486310127658,0.2679766438922183,1.9601048966368544,0.7333333333333333,True
KS-max,2.0,0.0,0.1,total,-0.26654491032124494,-1.0611634113449155,0.7151584689984928,0.4666666666666667,False
JSD,2.0,0.0,0.1,total,-0.41539680898694004,-1.2859687631506629,0.6472646339181422,0.36666666666666664,False
QK-MMD PauliXZ,2.0,0.0,0.1,total,0.8151362186806121,-0.06307084430204131,1.8317457219579079,0.6,False
Energy distance,2.0,0.25,0.0,total,4.118489583333333,3.0848567708333334,5.1018619791666655,0.9666666666666667,True
MMD-RBF,2.0,0.25,0.0,total,2.183854166666667,1.3908723958333333,3.0468815104166667,0.8333333333333334,True
KS-max,2.0,0.25,0.0,total,1.2192708333333333,0.4028385416666667,2.2547005208333335,0.6666666666666666,True
JSD,2.0,0.25,0.0,total,1.3083333333333333,0.47082682291666667,2.32240234375,0.7333333333333333,True
QK-MMD PauliXZ,2.0,0.25,0.0,total,0.63515625,-0.19903645833333325,1.6021158854166662,0.5,False
Energy distance,2.0,0.25,0.01,total,3.952703555402656,2.918058666385536,4.936924020975898,0.9666666666666667,True
MMD-RBF,2.0,0.25,0.01,total,2.0560836131012765,1.2627603366776705,2.9196180286211915,0.8,True
KS-max,2.0,0.25,0.01,total,1.0565225923012087,0.24055515137015407,2.0918534978126715,0.6666666666666666,True
JSD,2.0,0.25,0.01,total,1.1417936524346393,0.3044694276602842,2.156018485590036,0.7,True
QK-MMD PauliXZ,2.0,0.25,0.01,total,0.6464875802013944,-0.18787098197467947,1.613121968616481,0.5,False
Energy distance,2.0,0.25,0.05,total,3.2895594436799485,2.248632629315219,4.275036854046834,0.9333333333333333,True
MMD-RBF,2.0,0.25,0.05,total,1.5450013988397162,0.7510405912589097,2.4086359437247586,0.7666666666666667,True
KS-max,2.0,0.25,0.05,total,0.4055296281727108,-0.40898917078011926,1.4397363817051467,0.4666666666666667,False
JSD,2.0,0.25,0.05,total,0.47563492883986314,-0.36274440044532835,1.489912749826515,0.5,False
QK-MMD PauliXZ,2.0,0.25,0.05,total,0.6918129010069728,-0.14444150369358735,1.6602694662868058,0.5,False
Energy distance,2.0,0.25,0.1,total,2.460629304026564,1.4154765378246956,3.4482917415734167,0.8333333333333334,True
MMD-RBF,2.0,0.25,0.1,total,0.9061486310127655,0.11381224804732473,1.7675856652517299,0.7,True
KS-max,2.0,0.25,0.1,total,-0.4082115769879117,-1.2205256455337221,0.6224192106436431,0.4,False
JSD,2.0,0.25,0.1,total,-0.3570634756536067,-1.1975942276465161,0.6584112496670947,0.3333333333333333,False
QK-MMD PauliXZ,2.0,0.25,0.1,total,0.7484695520139455,-0.09030110309756118,1.7190965061146801,0.5333333333333333,False
Energy distance,2.0,0.5,0.0,total,4.026822916666666,2.990625,5.0237109375,0.9666666666666667,True
MMD-RBF,2.0,0.5,0.0,total,2.0088541666666666,1.2338216145833334,2.8617317708333334,0.8333333333333334,True
KS-max,2.0,0.5,0.0,total,1.0776041666666667,0.22731770833333337,2.1619921875,0.6,True
JSD,2.0,0.5,0.0,total,1.3666666666666667,0.5380208333333333,2.3304752604166667,0.7333333333333333,True
QK-MMD PauliXZ,2.0,0.5,0.0,total,0.5684895833333333,-0.23620442708333333,1.500013020833333,0.5,False
Energy distance,2.0,0.5,0.01,total,3.861036888735989,2.8252386669584957,4.858529988432219,0.9666666666666667,True
MMD-RBF,2.0,0.5,0.01,total,1.8810836131012763,1.105631052775456,2.733991737045371,0.8,True
KS-max,2.0,0.5,0.01,total,0.9148559256345421,0.06609560232687023,1.9983569498042542,0.6,True
JSD,2.0,0.5,0.01,total,1.2001269857679726,0.37144083949612383,2.1638017892057992,0.7,True
QK-MMD PauliXZ,2.0,0.5,0.01,total,0.5798209135347279,-0.22535283311705656,1.5116384726114171,0.5,False
Energy distance,2.0,0.5,0.05,total,3.1978927770132817,2.1606244637883254,4.19782226149002,0.9333333333333333,True
MMD-RBF,2.0,0.5,0.05,total,1.3700013988397162,0.5934940791016707,2.2219243511958098,0.7666666666666667,True
KS-max,2.0,0.5,0.05,total,0.2638629615060441,-0.5875460390438627,1.3460460035247277,0.4666666666666667,False
JSD,2.0,0.5,0.05,total,0.5339682621731965,-0.29309708671560897,1.498856444808819,0.5333333333333333,False
QK-MMD PauliXZ,2.0,0.5,0.05,total,0.625146234340306,-0.1818196404896687,1.5570142810966887,0.5,False
Energy distance,2.0,0.5,0.1,total,2.3689626373598975,1.330462173786179,3.3712231554347576,0.8333333333333334,True
MMD-RBF,2.0,0.5,0.1,total,0.7311486310127655,-0.045578212764133694,1.5832959129135802,0.7,False
KS-max,2.0,0.5,0.1,total,-0.5498782436545783,-1.4002358661513525,0.5294069589862966,0.3333333333333333,False
JSD,2.0,0.5,0.1,total,-0.2987301423202735,-1.127878805532848,0.6684234202779088,0.36666666666666664,False
QK-MMD PauliXZ,2.0,0.5,0.1,total,0.6818028853472786,-0.12612306285537003,1.6147458332485596,0.5333333333333333,False
Energy distance,2.0,1.0,0.0,total,3.843489583333333,2.78798828125,4.868782552083333,0.9666666666666667,True
MMD-RBF,2.0,1.0,0.0,total,1.6588541666666667,0.8742122395833334,2.537812499999999,0.8333333333333334,True
KS-max,2.0,1.0,0.0,total,0.7942708333333334,-0.16826171874999998,1.991946614583333,0.5333333333333333,False
JSD,2.0,1.0,0.0,total,1.4833333333333334,0.6348893229166667,2.391692708333333,0.7666666666666667,True
QK-MMD PauliXZ,2.0,1.0,0.0,total,0.43515625,-0.3507942708333333,1.3479361979166664,0.5,False
Energy distance,2.0,1.0,0.01,total,3.677703555402656,2.6218126570897122,4.7029720141412215,0.9666666666666667,True
MMD-RBF,2.0,1.0,0.01,total,1.5310836131012766,0.7463442325338101,2.4097050393185744,0.7666666666666667,True
KS-max,2.0,1.0,0.01,total,0.6315225923012089,-0.329703178837519,1.8281911373617348,0.5,False
JSD,2.0,1.0,0.01,total,1.3167936524346393,0.4688663957343535,2.225212812506631,0.7333333333333333,True
QK-MMD PauliXZ,2.0,1.0,0.01,total,0.4464875802013946,-0.3396603067171779,1.3594415547524548,0.5,False
Energy distance,2.0,1.0,0.05,total,3.0145594436799485,1.9560739283283668,4.043557869008795,0.8666666666666667,True
MMD-RBF,2.0,1.0,0.05,total,1.0200013988397163,0.23539284375974,1.8994303914919826,0.7,True
KS-max,2.0,1.0,0.05,total,-0.019470371827289206,-0.9775328979622183,1.1756920253439933,0.4,False
JSD,2.0,1.0,0.05,total,0.6506349288398634,-0.19939802078116925,1.5588703699975157,0.5333333333333333,False
QK-MMD PauliXZ,2.0,1.0,0.05,total,0.4918129010069727,-0.2946017387085595,1.4049083388163606,0.5,False
Energy distance,2.0,1.0,0.1,total,2.1856293040265644,1.1225036489389508,3.217075271824956,0.8,True
MMD-RBF,2.0,1.0,0.1,total,0.3811486310127655,-0.40060396029232664,1.2578456807326095,0.5333333333333333,False
KS-max,2.0,1.0,0.1,total,-0.8332115769879115,-1.7893454654178251,0.35889311029929816,0.3333333333333333,False
JSD,2.0,1.0,0.1,total,-0.18206347565360678,-1.0313253192804892,0.7274483133091314,0.4,False
QK-MMD PauliXZ,2.0,1.0,0.1,total,0.5484695520139454,-0.23941929566591466,1.4618945968655164,0.5333333333333333,False
Energy distance,2.0,2.0,0.0,total,3.476822916666667,2.277213541666667,4.661725260416667,0.8333333333333334,True
MMD-RBF,2.0,2.0,0.0,total,0.9588541666666667,0.05078125,1.9599218749999996,0.6333333333333333,True
KS-max,2.0,2.0,0.0,total,0.22760416666666666,-1.0458333333333334,1.7416731770833334,0.43333333333333335,False
JSD,2.0,2.0,0.0,total,1.7166666666666666,0.7218684895833334,2.687005208333333,0.7666666666666667,True
QK-MMD PauliXZ,2.0,2.0,0.0,total,0.16848958333333333,-0.7393619791666667,1.1226757812499997,0.4666666666666667,False
Energy distance,2.0,2.0,0.01,total,3.31103688873599,2.111886879689743,4.495778104293094,0.8333333333333334,True
MMD-RBF,2.0,2.0,0.01,total,0.8310836131012767,-0.07604735075301039,1.8326490930127954,0.6,False
KS-max,2.0,2.0,0.01,total,0.06485592563454214,-1.2078358326333332,1.5784342594445515,0.43333333333333335,False
JSD,2.0,2.0,0.01,total,1.550126985767973,0.5566024214105671,2.5201966852062005,0.7333333333333333,True
QK-MMD PauliXZ,2.0,2.0,0.01,total,0.17982091353472787,-0.7283837707927554,1.1345879267785106,0.4666666666666667,False
Energy distance,2.0,2.0,0.05,total,2.6478927770132814,1.4473829250843944,3.832599688988294,0.8,True
MMD-RBF,2.0,2.0,0.05,total,0.32000139883971607,-0.5845805478643549,1.3183493846624523,0.5333333333333333,False
KS-max,2.0,2.0,0.05,total,-0.5861370384939557,-1.856698907352892,0.9241407684050883,0.3,False
JSD,2.0,2.0,0.05,total,0.8839682621731965,-0.10932519703306515,1.8542423195411246,0.6,False
QK-MMD PauliXZ,2.0,2.0,0.05,total,0.22514623434030598,-0.6833490179671983,1.1807997363532872,0.4666666666666667,False
Energy distance,2.0,2.0,0.1,total,1.8189626373598977,0.6151049542682498,3.0009220342265888,0.7,True
MMD-RBF,2.0,2.0,0.1,total,-0.3188513689872342,-1.2231991677274832,0.6782092691435827,0.43333333333333335,False
KS-max,2.0,2.0,0.1,total,-1.399878243654578,-2.665201051732545,0.10642728292695446,0.26666666666666666,False
JSD,2.0,2.0,0.1,total,0.05126985767972643,-0.9411174668866735,1.024188367433157,0.5,False
QK-MMD PauliXZ,2.0,2.0,0.1,total,0.28180288534727876,-0.6258228458651478,1.2388934021766858,0.4666666666666667,False
Energy distance,0.0,0.0,0.0,excess_clipped,0.01015625,-0.5654036458333332,0.6521093749999997,0.4,False
MMD-RBF,0.0,0.0,0.0,excess_clipped,0.4921875,-0.16745442708333333,1.3018424479166664,0.5,False
KS-max,0.0,0.0,0.0,excess_clipped,0.7609375,-0.04375,1.890130208333333,0.5,False
JSD,0.0,0.0,0.0,excess_clipped,0.38333333333333336,-0.26875651041666665,1.2677213541666665,0.6,False
QK-MMD PauliXZ,0.0,0.0,0.0,excess_clipped,0.63515625,-0.12395833333333334,1.593509114583333,0.5,False
Energy distance,0.0,0.0,0.01,excess_clipped,-0.15562977793067698,-0.7324579632218626,0.48776928835058997,0.36666666666666664,False
MMD-RBF,0.0,0.0,0.01,excess_clipped,0.36441694643461003,-0.295402019694039,1.173474059582489,0.4666666666666667,False
KS-max,0.0,0.0,0.01,excess_clipped,0.5981892589678754,-0.20569834095449285,1.7270291381002405,0.4666666666666667,False
JSD,0.0,0.0,0.01,excess_clipped,0.2167936524346394,-0.4356288057437933,1.1019860493908098,0.5,False
QK-MMD PauliXZ,0.0,0.0,0.01,excess_clipped,0.6464875802013947,-0.11321006242846753,1.6052206450790354,0.5,False
Energy distance,0.0,0.0,0.05,excess_clipped,-0.8187738896533847,-1.3986595788050276,-0.17152662232005025,0.23333333333333334,False
MMD-RBF,0.0,0.0,0.05,excess_clipped,-0.1466652678269505,-0.8061730192241957,0.66326076896461,0.3333333333333333,False
KS-max,0.0,0.0,0.05,excess_clipped,-0.052803705160622626,-0.8566280533368555,1.0762575800977836,0.23333333333333334,False
JSD,0.0,0.0,0.05,excess_clipped,-0.44936507116013674,-1.103237984540237,0.4348411822170309,0.2,False
QK-MMD PauliXZ,0.0,0.0,0.05,excess_clipped,0.6918129010069729,-0.0693705809941409,1.6512371536935335,0.5333333333333333,False
Energy distance,0.0,0.0,0.1,excess_clipped,-1.6477040293067693,-2.230584549601947,-0.9983264203412789,0.13333333333333333,False
MMD-RBF,0.0,0.0,0.1,excess_clipped,-0.785518035653901,-1.444922205712491,0.02466727394021697,0.2,False
KS-max,0.0,0.0,0.1,excess_clipped,-0.866544910321245,-1.6676454147224142,0.2587469361430072,0.16666666666666666,False
JSD,0.0,0.0,0.1,excess_clipped,-1.2820634756536067,-1.9356282946164625,-0.39942018099647275,0.06666666666666667,False
QK-MMD PauliXZ,0.0,0.0,0.1,excess_clipped,0.7484695520139452,-0.016242034025888204,1.7089782562922036,0.5333333333333333,False
Energy distance,0.0,0.25,0.0,excess_clipped,-0.03984375,-0.6093815104166667,0.5914388020833329,0.4,False
MMD-RBF,0.0,0.25,0.0,excess_clipped,0.35885416666666664,-0.30313151041666664,1.1679752604166667,0.43333333333333335,False
KS-max,0.0,0.25,0.0,excess_clipped,0.6776041666666667,-0.16069010416666665,1.8781445312499998,0.5,False
JSD,0.0,0.25,0.0,excess_clipped,0.44166666666666665,-0.1989778645833333,1.2880533854166663,0.5666666666666667,False
QK-MMD PauliXZ,0.0,0.25,0.0,excess_clipped,0.5518229166666667,-0.19479166666666667,1.4979231770833332,0.5,False
Energy distance,0.0,0.25,0.01,excess_clipped,-0.2056297779306769,-0.775624948773212,0.42611883947636064,0.3333333333333333,False
MMD-RBF,0.0,0.25,0.01,excess_clipped,0.2310836131012767,-0.4304397442377503,1.0390743443143666,0.43333333333333335,False
KS-max,0.0,0.25,0.01,excess_clipped,0.5148559256345422,-0.3225957303941665,1.7145390621094359,0.4666666666666667,False
JSD,0.0,0.25,0.01,excess_clipped,0.27512698576797273,-0.3652807209688024,1.1225311534874471,0.4666666666666667,False
QK-MMD PauliXZ,0.0,0.25,0.01,excess_clipped,0.5631542468680614,-0.18391130427644414,1.5094978983940612,0.5,False
Energy distance,0.0,0.25,0.05,excess_clipped,-0.8687738896533848,-1.440423960493422,-0.23451977940258822,0.2,False
MMD-RBF,0.0,0.25,0.05,excess_clipped,-0.27999860116028386,-0.940358092682892,0.5280447220046671,0.2,False
KS-max,0.0,0.25,0.05,excess_clipped,-0.13613703849395595,-0.9722142701523699,1.0601171855471814,0.16666666666666666,False
JSD,0.0,0.25,0.05,excess_clipped,-0.3910317378268034,-1.031069949106823,0.45795439366755675,0.26666666666666666,False
QK-MMD PauliXZ,0.0,0.25,0.05,excess_clipped,0.6084795676736395,-0.14154895751608987,1.554810319127093,0.5,False
Energy distance,0.0,0.25,0.1,excess_clipped,-1.6977040293067693,-2.271070183812234,-1.0595896713108424,0.13333333333333333,False
MMD-RBF,0.0,0.25,0.1,excess_clipped,-0.9188513689872343,-1.577811322975011,-0.11213740877463763,0.16666666666666666,False
KS-max,0.0,0.25,0.1,excess_clipped,-0.9498782436545784,-1.783262921783821,0.24313740247451163,0.16666666666666666,False
JSD,0.0,0.25,0.1,excess_clipped,-1.2237301423202738,-1.8622683663745796,-0.37631282476801486,0.1,False
QK-MMD PauliXZ,0.0,0.25,0.1,excess_clipped,0.6651362186806118,-0.08658568314032179,1.612815882886818,0.5,False
Energy distance,0.0,0.5,0.0,excess_clipped,-0.08984375,-0.6617578125,0.5565169270833332,0.3333333333333333,False
MMD-RBF,0.0,0.5,0.0,excess_clipped,0.22552083333333334,-0.44427734375,1.041692708333333,0.4666666666666667,False
KS-max,0.0,0.5,0.0,excess_clipped,0.5942708333333333,-0.29921875,1.864075520833333,0.4666666666666667,False
JSD,0.0,0.5,0.0,excess_clipped,0.5,-0.1518359375,1.3211328124999995,0.5333333333333333,False
QK-MMD PauliXZ,0.0,0.5,0.0,excess_clipped,0.46848958333333335,-0.2737044270833333,1.406790364583333,0.4666666666666667,False
Energy distance,0.0,0.5,0.01,excess_clipped,-0.2556297779306769,-0.8280470863170001,0.3909338602934585,0.3,False
MMD-RBF,0.0,0.5,0.01,excess_clipped,0.09775027976794333,-0.5719434462778656,0.9132571612412341,0.4,False
KS-max,0.0,0.5,0.01,excess_clipped,0.4315225923012089,-0.4610379462064824,1.7003047899044843,0.4,False
JSD,0.0,0.5,0.01,excess_clipped,0.3334603191013061,-0.3171392935581504,1.1531069096708304,0.5,False
QK-MMD PauliXZ,0.0,0.5,0.01,excess_clipped,0.47982091353472806,-0.2631122528451647,1.4182383822548321,0.4666666666666667,False
Energy distance,0.0,0.5,0.05,excess_clipped,-0.9187738896533848,-1.4932343453560266,-0.27169978391056115,0.2,False
MMD-RBF,0.0,0.5,0.05,excess_clipped,-0.41333193449361716,-1.0808924251145704,0.4010937839642087,0.23333333333333334,False
KS-max,0.0,0.5,0.05,excess_clipped,-0.2194703718272893,-1.1090181609426897,1.046811227021748,0.2,False
JSD,0.0,0.5,0.05,excess_clipped,-0.3326984044934701,-0.9837599046476677,0.4867432561581225,0.3,False
QK-MMD PauliXZ,0.0,0.5,0.05,excess_clipped,0.525146234340306,-0.219498104325515,1.4646270145196998,0.4666666666666667,False
Energy distance,0.0,0.5,0.1,excess_clipped,-1.7477040293067694,-2.324710056886038,-1.099535394653387,0.16666666666666666,False
MMD-RBF,0.0,0.5,0.1,excess_clipped,-1.0521847023205677,-1.7167417931731808,-0.2384231596372367,0.13333333333333333,False
KS-max,0.0,0.5,0.1,excess_clipped,-1.0332115769879118,-1.9203589380751946,0.2290787911885901,0.13333333333333333,False
JSD,0.0,0.5,0.1,excess_clipped,-1.1653968089869404,-1.814706695631593,-0.34650796327072564,0.16666666666666666,False
QK-MMD PauliXZ,0.0,0.5,0.1,excess_clipped,0.5818028853472784,-0.1642580577349388,1.5224337986409369,0.5,False
Energy distance,0.0,1.0,0.0,excess_clipped,-0.18984375,-0.83125,0.5127669270833333,0.36666666666666664,False
MMD-RBF,0.0,1.0,0.0,excess_clipped,-0.04114583333333333,-0.7604166666666666,0.8122460937499999,0.3333333333333333,False
KS-max,0.0,1.0,0.0,excess_clipped,0.4276041666666667,-0.6067708333333334,1.8534374999999992,0.43333333333333335,False
JSD,0.0,1.0,0.0,excess_clipped,0.6166666666666667,-0.10548828124999998,1.42265625,0.5666666666666667,False
QK-MMD PauliXZ,0.0,1.0,0.0,excess_clipped,0.30182291666666666,-0.4682356770833333,1.2403645833333334,0.5,False
Energy distance,0.0,1.0,0.01,excess_clipped,-0.3556297779306769,-0.9973089979672503,0.3462777196838821,0.23333333333333334,False
MMD-RBF,0.0,1.0,0.01,excess_clipped,-0.16891638689872332,-0.8876979738342767,0.6836234566067448,0.3333333333333333,False
KS-max,0.0,1.0,0.01,excess_clipped,0.26485592563454224,-0.7686395559792292,1.689348822111058,0.4,False
JSD,0.0,1.0,0.01,excess_clipped,0.4501269857679728,-0.2716565604803261,1.2563462965351981,0.5333333333333333,False
QK-MMD PauliXZ,0.0,1.0,0.01,excess_clipped,0.31315424686806137,-0.4571722498578582,1.2516192874451886,0.5,False
Energy distance,0.0,1.0,0.05,excess_clipped,-1.0187738896533847,-1.6615294753564231,-0.3163185965770684,0.2,False
MMD-RBF,0.0,1.0,0.05,excess_clipped,-0.6799986011602838,-1.397606889940769,0.17279758333028172,0.26666666666666666,False
KS-max,0.0,1.0,0.05,excess_clipped,-0.386137038493956,-1.4182979064702717,1.0347513270768582,0.2,False
JSD,0.0,1.0,0.05,excess_clipped,-0.2160317378268034,-0.9347189831917297,0.5908442876647361,0.4,False
QK-MMD PauliXZ,0.0,1.0,0.05,excess_clipped,0.3584795676736394,-0.4138793194352715,1.2960743134108734,0.5,False
Energy distance,0.0,1.0,0.1,excess_clipped,-1.8477040293067692,-2.4897803913624856,-1.1426682005913074,0.13333333333333333,False
MMD-RBF,0.0,1.0,0.1,excess_clipped,-1.3188513689872343,-2.034992641444716,-0.4715372261270919,0.13333333333333333,False
KS-max,0.0,1.0,0.1,excess_clipped,-1.1998782436545783,-2.2286136840224504,0.21480550135362544,0.16666666666666666,False
JSD,0.0,1.0,0.1,excess_clipped,-1.0487301423202737,-1.7650211478575457,-0.24083309366494884,0.23333333333333334,False
QK-MMD PauliXZ,0.0,1.0,0.1,excess_clipped,0.4151362186806119,-0.3585869182219905,1.3565616889344623,0.5,False
Energy distance,0.0,2.0,0.0,excess_clipped,-0.38984375,-1.2687825520833333,0.5442903645833331,0.36666666666666664,False
MMD-RBF,0.0,2.0,0.0,excess_clipped,-0.5744791666666667,-1.48728515625,0.40865234374999915,0.3,False
KS-max,0.0,2.0,0.0,excess_clipped,0.09427083333333333,-1.3021158854166666,1.9041666666666666,0.43333333333333335,False
JSD,0.0,2.0,0.0,excess_clipped,0.85,-0.15495442708333332,1.8343815104166667,0.6,False
QK-MMD PauliXZ,0.0,2.0,0.0,excess_clipped,-0.031510416666666666,-0.9815299479166667,1.0219140624999996,0.4666666666666667,False
Energy distance,0.0,2.0,0.01,excess_clipped,-0.555629777930677,-1.4346738780851513,0.37894751559215617,0.3333333333333333,False
MMD-RBF,0.0,2.0,0.01,excess_clipped,-0.7022497202320568,-1.6149539530508086,0.2809184538092575,0.3,False
KS-max,0.0,2.0,0.01,excess_clipped,-0.06847740769879121,-1.4640537564870382,1.7409776015715483,0.43333333333333335,False
JSD,0.0,2.0,0.01,excess_clipped,0.6834603191013059,-0.3211353730118805,1.6674409470146851,0.5666666666666667,False
QK-MMD PauliXZ,0.0,2.0,0.01,excess_clipped,-0.02017908646527212,-0.9705394732284592,1.0329994950588903,0.4666666666666667,False
Energy distance,0.0,2.0,0.05,excess_clipped,-1.2187738896533846,-2.097964158776449,-0.28088218414611305,0.23333333333333334,False
MMD-RBF,0.0,2.0,0.05,excess_clipped,-1.213331934493617,-2.1244685377108055,-0.23108847833947213,0.3,False
KS-max,0.0,2.0,0.05,excess_clipped,-0.7194703718272895,-2.113241925814747,1.0882213411910777,0.26666666666666666,False
JSD,0.0,2.0,0.05,excess_clipped,0.01730159550653001,-0.9848049543551848,0.9989846203455378,0.4666666666666667,False
QK-MMD PauliXZ,0.0,2.0,0.05,excess_clipped,0.025146234340306044,-0.9239270252946782,1.0806662374320681,0.4666666666666667,False
Energy distance,0.0,2.0,0.1,excess_clipped,-2.0477040293067694,-2.9278124079439736,-1.1104538814756384,0.1,False
MMD-RBF,0.0,2.0,0.1,excess_clipped,-1.852184702320567,-2.7595054616430232,-0.8737717441684706,0.23333333333333334,False
KS-max,0.0,2.0,0.1,excess_clipped,-1.5332115769879118,-2.9254093903525993,0.2722401898408807,0.23333333333333334,False
JSD,0.0,2.0,0.1,excess_clipped,-0.8153968089869404,-1.8144102633841006,0.16491732982186133,0.4666666666666667,False
QK-MMD PauliXZ,0.0,2.0,0.1,excess_clipped,0.08180288534727852,-0.8672353777300357,1.1363178172701824,0.4666666666666667,False
Energy distance,0.1,0.0,0.0,excess_clipped,0.22015624999999944,-0.3644348958333337,0.8720911458333327,0.4666666666666667,False
MMD-RBF,0.1,0.0,0.0,excess_clipped,0.5855208333333332,-0.07109765625000032,1.389700520833333,0.5,False
KS-max,0.1,0.0,0.0,excess_clipped,0.7909375,-0.0029218750000001847,1.9085481770833332,0.5333333333333333,False
JSD,0.1,0.0,0.0,excess_clipped,0.4266666666666666,-0.22792057291666679,1.31463671875,0.6,False
QK-MMD PauliXZ,0.1,0.0,0.0,excess_clipped,0.6384895833333334,-0.11913411458333328,1.6035091145833333,0.5,False
Energy distance,0.1,0.0,0.01,excess_clipped,0.05437022206932249,-0.5302926744606756,0.7077576324839595,0.4,False
MMD-RBF,0.1,0.0,0.01,excess_clipped,0.457750279767943,-0.19812787282153227,1.2607019025943171,0.4666666666666667,False
KS-max,0.1,0.0,0.01,excess_clipped,0.6281892589678753,-0.16523701248862582,1.744834519983382,0.4666666666666667,False
JSD,0.1,0.0,0.01,excess_clipped,0.26012698576797266,-0.39528224983681376,1.1486202902330793,0.5666666666666667,False
QK-MMD PauliXZ,0.1,0.0,0.01,excess_clipped,0.6498209135347282,-0.10797311229550187,1.6152245551440083,0.5,False
Energy distance,0.1,0.0,0.05,excess_clipped,-0.6087738896533854,-1.1952904341508408,0.04627716989357266,0.3333333333333333,False
MMD-RBF,0.1,0.0,0.05,excess_clipped,-0.05333193449361747,-0.707663843657691,0.7501200331346476,0.36666666666666664,False
KS-max,0.1,0.0,0.05,excess_clipped,-0.02280370516062282,-0.8148828740768613,1.0931678677955974,0.26666666666666666,False
JSD,0.1,0.0,0.05,excess_clipped,-0.40603173782680363,-1.0616360487817778,0.48296169898430985,0.2,False
QK-MMD PauliXZ,0.1,0.0,0.05,excess_clipped,0.6951462343403062,-0.06323366920479244,1.6615689470336459,0.5333333333333333,False
Energy distance,0.1,0.0,0.1,excess_clipped,-1.43770402930677,-2.029152809509543,-0.7797457655925932,0.13333333333333333,False
MMD-RBF,0.1,0.0,0.1,excess_clipped,-0.692184702320568,-1.3456815531628576,0.11028942659335209,0.2,False
KS-max,0.1,0.0,0.1,excess_clipped,-0.8365449103212454,-1.6271972551428289,0.27591498089183913,0.16666666666666666,False
JSD,0.1,0.0,0.1,excess_clipped,-1.238730142320274,-1.8933382582811757,-0.3479181893491677,0.06666666666666667,False
QK-MMD PauliXZ,0.1,0.0,0.1,excess_clipped,0.7518028853472785,-0.010104675552652789,1.7181115883003508,0.5333333333333333,False
Energy distance,0.1,0.25,0.0,excess_clipped,0.17015624999999943,-0.407299479166667,0.8080273437499991,0.43333333333333335,False
MMD-RBF,0.1,0.25,0.0,excess_clipped,0.4521874999999998,-0.1998958333333336,1.254303385416666,0.5,False
KS-max,0.1,0.25,0.0,excess_clipped,0.7076041666666666,-0.12162109375000012,1.8918085937499995,0.5,False
JSD,0.1,0.25,0.0,excess_clipped,0.48499999999999993,-0.15834244791666685,1.3378971354166664,0.5666666666666667,False
QK-MMD PauliXZ,0.1,0.25,0.0,excess_clipped,0.55515625,-0.18813281250000005,1.5022408854166667,0.4666666666666667,False
Energy distance,0.1,0.25,0.01,excess_clipped,0.004370222069322486,-0.5734802235817733,0.6421254761405532,0.4,False
MMD-RBF,0.1,0.25,0.01,excess_clipped,0.3244169464346097,-0.3276551130799784,1.1261019176999556,0.43333333333333335,False
KS-max,0.1,0.25,0.01,excess_clipped,0.5448559256345421,-0.28468370403604343,1.7289876184222375,0.4666666666666667,False
JSD,0.1,0.25,0.01,excess_clipped,0.318460319101306,-0.32515508432890594,1.172868388518602,0.5333333333333333,False
QK-MMD PauliXZ,0.1,0.25,0.01,excess_clipped,0.5664875802013948,-0.17748107094903462,1.51348961578535,0.4666666666666667,False
Energy distance,0.1,0.25,0.05,excess_clipped,-0.6587738896533855,-1.2372835738317522,-0.017956036758032996,0.3,False
MMD-RBF,0.1,0.25,0.05,excess_clipped,-0.1866652678269508,-0.8375401350836864,0.6128232546639182,0.3333333333333333,False
KS-max,0.1,0.25,0.05,excess_clipped,-0.10613703849395616,-0.9346366162298606,1.0767670150098465,0.23333333333333334,False
JSD,0.1,0.25,0.05,excess_clipped,-0.3476984044934703,-0.9896094901053928,0.5052168838648399,0.26666666666666666,False
QK-MMD PauliXZ,0.1,0.25,0.05,excess_clipped,0.6118129010069728,-0.13411390104291787,1.5604563246837928,0.4666666666666667,False
Energy distance,0.1,0.25,0.1,excess_clipped,-1.48770402930677,-2.06899646125374,-0.8433918970362388,0.13333333333333333,False
MMD-RBF,0.1,0.25,0.1,excess_clipped,-0.8255180356539014,-1.4746460127996885,-0.027019094521044836,0.16666666666666666,False
KS-max,0.1,0.25,0.1,excess_clipped,-0.9198782436545787,-1.746243622445123,0.262697445264289,0.16666666666666666,False
JSD,0.1,0.25,0.1,excess_clipped,-1.1803968089869405,-1.819857779588958,-0.3294287674962353,0.1,False
QK-MMD PauliXZ,0.1,0.25,0.1,excess_clipped,0.6684695520139452,-0.07955800319001259,1.6187592554043697,0.4666666666666667,False
Energy distance,0.1,0.5,0.0,excess_clipped,0.12015624999999944,-0.4592799479166672,0.7710507812499995,0.4,False
MMD-RBF,0.1,0.5,0.0,excess_clipped,0.3188541666666664,-0.3415742187500002,1.1313580729166666,0.4666666666666667,False
KS-max,0.1,0.5,0.0,excess_clipped,0.6242708333333333,-0.25923437500000013,1.8834010416666647,0.4666666666666667,False
JSD,0.1,0.5,0.0,excess_clipped,0.5433333333333332,-0.10768750000000012,1.36590234375,0.5333333333333333,False
QK-MMD PauliXZ,0.1,0.5,0.0,excess_clipped,0.47182291666666665,-0.2698489583333333,1.4076588541666661,0.4666666666666667,False
Energy distance,0.1,0.5,0.01,excess_clipped,-0.04562977793067748,-0.6263713875321549,0.6051617901592896,0.3333333333333333,False
MMD-RBF,0.1,0.5,0.01,excess_clipped,0.19108361310127636,-0.46908471052920614,1.0032796465420928,0.4666666666666667,False
KS-max,0.1,0.5,0.01,excess_clipped,0.46152259230120873,-0.4213368696104503,1.7203608542003326,0.4,False
JSD,0.1,0.5,0.01,excess_clipped,0.3767936524346393,-0.27387601116170884,1.1985940948076759,0.5333333333333333,False
QK-MMD PauliXZ,0.1,0.5,0.01,excess_clipped,0.48315424686806135,-0.2588745890627013,1.4193121392224726,0.4666666666666667,False
Energy distance,0.1,0.5,0.05,excess_clipped,-0.7087738896533854,-1.2917384875734235,-0.05609540420178989,0.23333333333333334,False
MMD-RBF,0.1,0.5,0.05,excess_clipped,-0.3199986011602841,-0.9780082907588273,0.49038172859348744,0.23333333333333334,False
KS-max,0.1,0.5,0.05,excess_clipped,-0.18947037182728949,-1.070317395034426,1.0657002169025933,0.23333333333333334,False
JSD,0.1,0.5,0.05,excess_clipped,-0.2893650711601369,-0.9387432768672543,0.5332205243198112,0.3,False
QK-MMD PauliXZ,0.1,0.5,0.05,excess_clipped,0.5284795676736393,-0.21457166155565952,1.4665192881538087,0.4666666666666667,False
Energy distance,0.1,0.5,0.1,excess_clipped,-1.53770402930677,-2.122593536938066,-0.8809450799144211,0.16666666666666666,False
MMD-RBF,0.1,0.5,0.1,excess_clipped,-0.9588513689872347,-1.6156400293540307,-0.15273687640951106,0.13333333333333333,False
KS-max,0.1,0.5,0.1,excess_clipped,-1.0032115769879122,-1.880058721903741,0.2500553213823774,0.13333333333333333,False
JSD,0.1,0.5,0.1,excess_clipped,-1.1220634756536072,-1.7694249977764755,-0.29976729302911614,0.2,False
QK-MMD PauliXZ,0.1,0.5,0.1,excess_clipped,0.5851362186806118,-0.16020640705466735,1.5253647644128745,0.5,False
Energy distance,0.1,1.0,0.0,excess_clipped,0.02015624999999943,-0.6272994791666672,0.727299479166666,0.43333333333333335,False
MMD-RBF,0.1,1.0,0.0,excess_clipped,0.05218749999999973,-0.6556966145833333,0.897729166666666,0.36666666666666664,False
KS-max,0.1,1.0,0.0,excess_clipped,0.4576041666666665,-0.5714062500000002,1.878196614583333,0.43333333333333335,False
JSD,0.1,1.0,0.0,excess_clipped,0.6600000000000001,-0.0637578125000002,1.4710143229166666,0.5666666666666667,False
QK-MMD PauliXZ,0.1,1.0,0.0,excess_clipped,0.30515624999999996,-0.46198177083333336,1.24454296875,0.5,False
Energy distance,0.1,1.0,0.01,excess_clipped,-0.14562977793067747,-0.7932800503353193,0.5613947638206082,0.3,False
MMD-RBF,0.1,1.0,0.01,excess_clipped,-0.0755830535653903,-0.7831293098627176,0.7697218215402561,0.3333333333333333,False
KS-max,0.1,1.0,0.01,excess_clipped,0.29485592563454205,-0.7333571227192996,1.714212667272784,0.4,False
JSD,0.1,1.0,0.01,excess_clipped,0.493460319101306,-0.22940868954998422,1.3044213135597418,0.5666666666666667,False
QK-MMD PauliXZ,0.1,1.0,0.01,excess_clipped,0.3164875802013947,-0.45114113156136665,1.2552722430160754,0.5,False
Energy distance,0.1,1.0,0.05,excess_clipped,-0.8087738896533853,-1.4586228701870763,-0.09982072852441427,0.23333333333333334,False
MMD-RBF,0.1,1.0,0.05,excess_clipped,-0.5866652678269507,-1.2956132867878047,0.2560319995781461,0.26666666666666666,False
KS-max,0.1,1.0,0.05,excess_clipped,-0.3561370384939561,-1.381135932829789,1.0566799704574488,0.23333333333333334,False
JSD,0.1,1.0,0.05,excess_clipped,-0.17269840449347018,-0.8941104172919153,0.639207906887895,0.4,False
QK-MMD PauliXZ,0.1,1.0,0.05,excess_clipped,0.3618129010069727,-0.40721265276860485,1.300640069370391,0.5,False
Energy distance,0.1,1.0,0.1,excess_clipped,-1.6377040293067702,-2.2873084924484823,-0.9285161852570412,0.13333333333333333,False
MMD-RBF,0.1,1.0,0.1,excess_clipped,-1.2255180356539015,-1.9335033421972672,-0.38569685485597255,0.13333333333333333,False
KS-max,0.1,1.0,0.1,excess_clipped,-1.169878243654579,-2.190756759451188,0.23819809948528592,0.16666666666666666,False
JSD,0.1,1.0,0.1,excess_clipped,-1.0053968089869405,-1.7245240489742526,-0.19228817266472265,0.23333333333333334,False
QK-MMD PauliXZ,0.1,1.0,0.1,excess_clipped,0.41846955201394515,-0.3508929898228283,1.3576687672190009,0.5,False
Energy distance,0.1,2.0,0.0,excess_clipped,-0.17984375000000058,-1.0604179687500006,0.7650768229166658,0.4,False
MMD-RBF,0.1,2.0,0.0,excess_clipped,-0.48114583333333366,-1.3829765625000001,0.49752213541666596,0.3,False
KS-max,0.1,2.0,0.0,excess_clipped,0.12427083333333319,-1.26925,1.9268398437499994,0.43333333333333335,False
JSD,0.1,2.0,0.0,excess_clipped,0.8933333333333334,-0.11196223958333336,1.875634114583333,0.6,False
QK-MMD PauliXZ,0.1,2.0,0.0,excess_clipped,-0.028177083333333346,-0.9710624999999999,1.0228268229166666,0.4666666666666667,False
Energy distance,0.1,2.0,0.01,excess_clipped,-0.34562977793067756,-1.2260626141507869,0.5998232970357922,0.36666666666666664,False
MMD-RBF,0.1,2.0,0.01,excess_clipped,-0.6089163868987237,-1.5104848177222157,0.3691940758662727,0.3,False
KS-max,0.1,2.0,0.01,excess_clipped,-0.038477407698791426,-1.4320373949231135,1.7638368875857195,0.43333333333333335,False
JSD,0.1,2.0,0.01,excess_clipped,0.7267936524346389,-0.2779276077774867,1.7076661340310446,0.6,False
QK-MMD PauliXZ,0.1,2.0,0.01,excess_clipped,-0.01684575313193874,-0.9598108440913147,1.0334908323814296,0.4666666666666667,False
Energy distance,0.1,2.0,0.05,excess_clipped,-1.008773889653385,-1.8899814555150034,-0.0650964635459154,0.26666666666666666,False
MMD-RBF,0.1,2.0,0.05,excess_clipped,-1.119998601160284,-2.019224041715696,-0.14597545558280225,0.3,False
KS-max,0.1,2.0,0.05,excess_clipped,-0.6894703718272895,-2.082692666537924,1.110094995355921,0.3,False
JSD,0.1,2.0,0.05,excess_clipped,0.06063492883986322,-0.9418212241424189,1.0386057767400922,0.4666666666666667,False
QK-MMD PauliXZ,0.1,2.0,0.05,excess_clipped,0.028479567673639305,-0.9168824411489912,1.0761468702404813,0.4666666666666667,False
Energy distance,0.1,2.0,0.1,excess_clipped,-1.8377040293067706,-2.717945071234252,-0.8948323214345155,0.1,False
MMD-RBF,0.1,2.0,0.1,excess_clipped,-1.7588513689872347,-2.6551619599895098,-0.7894346023423142,0.23333333333333334,False
KS-max,0.1,2.0,0.1,excess_clipped,-1.5032115769879117,-2.8925043069988514,0.2953727607457249,0.23333333333333334,False
JSD,0.1,2.0,0.1,excess_clipped,-0.7720634756536071,-1.7727860679341054,0.20595307642638552,0.4666666666666667,False
QK-MMD PauliXZ,0.1,2.0,0.1,excess_clipped,0.08513621868061177,-0.8597909603062632,1.131831898684574,0.4666666666666667,False
Energy distance,0.25,0.0,0.0,excess_clipped,0.53515625,-0.07188151041666666,1.20130859375,0.5333333333333333,False
MMD-RBF,0.25,0.0,0.0,excess_clipped,0.7255208333333333,0.0762760416666667,1.5273502604166667,0.5333333333333333,True
KS-max,0.25,0.0,0.0,excess_clipped,0.8359375,0.056503906250000006,1.934388020833333,0.6333333333333333,True
JSD,0.25,0.0,0.0,excess_clipped,0.49166666666666664,-0.16380859374999998,1.3877669270833333,0.6333333333333333,False
QK-MMD PauliXZ,0.25,0.0,0.0,excess_clipped,0.6434895833333333,-0.11380859374999999,1.6122395833333334,0.5,False
Energy distance,0.25,0.0,0.01,excess_clipped,0.3693702220693231,-0.23816028847090878,1.0357297394724783,0.5,False
MMD-RBF,0.25,0.0,0.01,excess_clipped,0.5977502797679434,-0.05115413519825271,1.3995246101239376,0.5,False
KS-max,0.25,0.0,0.01,excess_clipped,0.6731892589678754,-0.10577176813211399,1.7705673352283304,0.5,False
JSD,0.25,0.0,0.01,excess_clipped,0.3251269857679728,-0.3304894841404339,1.2208237592102817,0.5666666666666667,False
QK-MMD PauliXZ,0.25,0.0,0.01,excess_clipped,0.654820913534728,-0.10329933067046011,1.6237060305039006,0.5,False
Energy distance,0.25,0.0,0.05,excess_clipped,-0.29377388965338475,-0.9032675486623386,0.3728078082063049,0.3333333333333333,False
MMD-RBF,0.25,0.0,0.05,excess_clipped,0.0866680655063828,-0.5623647298410018,0.8875545086729639,0.43333333333333335,False
KS-max,0.25,0.0,0.05,excess_clipped,0.02219629483937737,-0.7543913734211191,1.1182067466958485,0.26666666666666666,False
JSD,0.25,0.0,0.05,excess_clipped,-0.3410317378268034,-0.9967531362341202,0.5532748491474482,0.2,False
QK-MMD PauliXZ,0.25,0.0,0.05,excess_clipped,0.7001462343403062,-0.05995929285266425,1.669472662453971,0.5333333333333333,False
Energy distance,0.25,0.0,0.1,excess_clipped,-1.1227040293067694,-1.7346412918406617,-0.45783014011668305,0.16666666666666666,False
MMD-RBF,0.25,0.0,0.1,excess_clipped,-0.5521847023205678,-1.2023907373299005,0.2459488610959283,0.26666666666666666,False
KS-max,0.25,0.0,0.1,excess_clipped,-0.791544910321245,-1.5659061840246817,0.3047932117170026,0.16666666666666666,False
JSD,0.25,0.0,0.1,excess_clipped,-1.1737301423202737,-1.829496640046515,-0.27972291843714475,0.06666666666666667,False
QK-MMD PauliXZ,0.25,0.0,0.1,excess_clipped,0.7568028853472785,-0.005656265429337487,1.7266492762902532,0.5333333333333333,False
Energy distance,0.25,0.25,0.0,excess_clipped,0.48515625,-0.10860026041666666,1.1411588541666664,0.5333333333333333,False
MMD-RBF,0.25,0.25,0.0,excess_clipped,0.5921875,-0.05313151041666666,1.390130208333333,0.5666666666666667,False
KS-max,0.25,0.25,0.0,excess_clipped,0.7526041666666666,-0.060690104166666654,1.9232096354166661,0.5333333333333333,False
JSD,0.25,0.25,0.0,excess_clipped,0.55,-0.09583984375,1.4114843749999995,0.6,False
QK-MMD PauliXZ,0.25,0.25,0.0,excess_clipped,0.56015625,-0.18125,1.5065299479166665,0.4666666666666667,False
Energy distance,0.25,0.25,0.01,excess_clipped,0.3193702220693231,-0.2759921020008478,0.9763307844722838,0.5,False
MMD-RBF,0.25,0.25,0.01,excess_clipped,0.46441694643461,-0.18035646329756488,1.262492973135241,0.5666666666666667,False
KS-max,0.25,0.25,0.01,excess_clipped,0.589855925634542,-0.2233536473592347,1.7598423097504023,0.5,False
JSD,0.25,0.25,0.01,excess_clipped,0.38346031910130607,-0.2626162947144486,1.2451863488665833,0.5333333333333333,False
QK-MMD PauliXZ,0.25,0.25,0.01,excess_clipped,0.5714875802013947,-0.17070250921322697,1.5177731161842898,0.4666666666666667,False
Energy distance,0.25,0.25,0.05,excess_clipped,-0.3437738896533847,-0.9404560610652214,0.3122582420058604,0.3,False
MMD-RBF,0.25,0.25,0.05,excess_clipped,-0.04666526782695053,-0.6899921407264675,0.748949929360334,0.4,False
KS-max,0.25,0.25,0.05,excess_clipped,-0.06113703849395596,-0.873024712496636,1.1047191080120589,0.23333333333333334,False
JSD,0.25,0.25,0.05,excess_clipped,-0.2826984044934701,-0.9294294063463171,0.5808877323821164,0.3,False
QK-MMD PauliXZ,0.25,0.25,0.05,excess_clipped,0.616812901006973,-0.12708685887982812,1.5633511928973445,0.4666666666666667,False
Energy distance,0.25,0.25,0.1,excess_clipped,-1.1727040293067692,-1.7739355408324144,-0.513780649615675,0.2,False
MMD-RBF,0.25,0.25,0.1,excess_clipped,-0.685518035653901,-1.3273399011841682,0.10987831588287336,0.2,False
KS-max,0.25,0.25,0.1,excess_clipped,-0.8748782436545783,-1.6848323190840115,0.28799628386891923,0.16666666666666666,False
JSD,0.25,0.25,0.1,excess_clipped,-1.1153968089869404,-1.7598206676129098,-0.24994193324308056,0.1,False
QK-MMD PauliXZ,0.25,0.25,0.1,excess_clipped,0.6734695520139451,-0.07183615444032089,1.622242017498957,0.4666666666666667,False
Energy distance,0.25,0.5,0.0,excess_clipped,0.43515625,-0.16643229166666665,1.0968815104166667,0.5,False
MMD-RBF,0.25,0.5,0.0,excess_clipped,0.4588541666666667,-0.18959635416666665,1.263294270833333,0.5,False
KS-max,0.25,0.5,0.0,excess_clipped,0.6692708333333334,-0.20026041666666666,1.9161653645833332,0.5,False
JSD,0.25,0.5,0.0,excess_clipped,0.6083333333333333,-0.04454427083333332,1.4338997395833326,0.6,False
QK-MMD PauliXZ,0.25,0.5,0.0,excess_clipped,0.47682291666666665,-0.2625,1.408880208333333,0.4666666666666667,False
Energy distance,0.25,0.5,0.01,excess_clipped,0.26937022206932315,-0.33306689987930743,0.9313284296545985,0.43333333333333335,False
MMD-RBF,0.25,0.5,0.01,excess_clipped,0.3310836131012767,-0.3178123613205593,1.13561065297451,0.5,False
KS-max,0.25,0.5,0.01,excess_clipped,0.5065225923012088,-0.3623140336853026,1.753048999107264,0.4,False
JSD,0.25,0.5,0.01,excess_clipped,0.4417936524346394,-0.21087742217306998,1.267200016880724,0.5333333333333333,False
QK-MMD PauliXZ,0.25,0.5,0.01,excess_clipped,0.4881542468680614,-0.2512487366726073,1.4200581648669446,0.4666666666666667,False
Energy distance,0.25,0.5,0.05,excess_clipped,-0.3937738896533848,-0.998164059008753,0.26965307362328605,0.26666666666666666,False
MMD-RBF,0.25,0.5,0.05,excess_clipped,-0.17999860116028385,-0.8272836420004993,0.6240803975370944,0.3,False
KS-max,0.25,0.5,0.05,excess_clipped,-0.1444703718272893,-1.011797706811034,1.0983483180970834,0.23333333333333334,False
JSD,0.25,0.5,0.05,excess_clipped,-0.22436507116013676,-0.8766734329371249,0.6004622804622728,0.36666666666666664,False
QK-MMD PauliXZ,0.25,0.5,0.05,excess_clipped,0.5334795676736394,-0.20547841664947422,1.4662964355455474,0.4666666666666667,False
Energy distance,0.25,0.5,0.1,excess_clipped,-1.2227040293067692,-1.8284975668515644,-0.5573755645846249,0.2,False
MMD-RBF,0.25,0.5,0.1,excess_clipped,-0.8188513689872343,-1.4635648429244366,-0.01747661642837939,0.16666666666666666,False
KS-max,0.25,0.5,0.1,excess_clipped,-0.9582115769879117,-1.8223514860092356,0.2833437716108352,0.13333333333333333,False
JSD,0.25,0.5,0.1,excess_clipped,-1.057063475653607,-1.7077828268380155,-0.23331026091783674,0.2,False
QK-MMD PauliXZ,0.25,0.5,0.1,excess_clipped,0.5901362186806121,-0.1512123673439298,1.5268959424650719,0.5,False
Energy distance,0.25,1.0,0.0,excess_clipped,0.33515625,-0.32085286458333334,1.0523502604166666,0.4666666666666667,False
MMD-RBF,0.25,1.0,0.0,excess_clipped,0.1921875,-0.5015625,1.02890625,0.5,False
KS-max,0.25,1.0,0.0,excess_clipped,0.5026041666666666,-0.5174609375,1.908157552083332,0.4666666666666667,False
JSD,0.25,1.0,0.0,excess_clipped,0.725,-0.002643229166666631,1.5409309895833325,0.6,False
QK-MMD PauliXZ,0.25,1.0,0.0,excess_clipped,0.31015625,-0.4523567708333333,1.2492317708333331,0.5,False
Energy distance,0.25,1.0,0.01,excess_clipped,0.16937022206932306,-0.4872724045821736,0.886337628010534,0.43333333333333335,False
MMD-RBF,0.25,1.0,0.01,excess_clipped,0.06441694643460998,-0.6286566653799022,0.9000705879685478,0.43333333333333335,False
KS-max,0.25,1.0,0.01,excess_clipped,0.33985592563454214,-0.6804249857491406,1.744503835020097,0.4,False
JSD,0.25,1.0,0.01,excess_clipped,0.5584603191013059,-0.16898006850879255,1.3744054827297936,0.5666666666666667,False
QK-MMD PauliXZ,0.25,1.0,0.01,excess_clipped,0.3214875802013947,-0.44135369956946335,1.2613450342678239,0.5,False
Energy distance,0.25,1.0,0.05,excess_clipped,-0.4937738896533847,-1.1522434096201133,0.22287255054835867,0.23333333333333334,False
MMD-RBF,0.25,1.0,0.05,excess_clipped,-0.4466652678269505,-1.137912863133936,0.3857615645092783,0.3,False
KS-max,0.25,1.0,0.05,excess_clipped,-0.3111370384939559,-1.3282889477326485,1.0898889667671545,0.23333333333333334,False
JSD,0.25,1.0,0.05,excess_clipped,-0.10769840449347008,-0.8341649949285298,0.7083164605551961,0.4,False
QK-MMD PauliXZ,0.25,1.0,0.05,excess_clipped,0.3668129010069727,-0.39721265276860485,1.305595377522097,0.5,False
Energy distance,0.25,1.0,0.1,excess_clipped,-1.3227040293067693,-1.9850781163065694,-0.6034300862766206,0.16666666666666666,False
MMD-RBF,0.25,1.0,0.1,excess_clipped,-1.085518035653901,-1.7750304104055983,-0.2579321427902617,0.16666666666666666,False
KS-max,0.25,1.0,0.1,excess_clipped,-1.1248782436545783,-2.138784829724658,0.27201301414058693,0.16666666666666666,False
JSD,0.25,1.0,0.1,excess_clipped,-0.9403968089869404,-1.66520651951958,-0.1239579870650585,0.23333333333333334,False
QK-MMD PauliXZ,0.25,1.0,0.1,excess_clipped,0.4234695520139452,-0.34095196136381145,1.364922835535369,0.5,False
Energy distance,0.25,2.0,0.0,excess_clipped,0.13515625,-0.753125,1.0859375,0.43333333333333335,False
MMD-RBF,0.25,2.0,0.0,excess_clipped,-0.3411458333333333,-1.2221419270833334,0.62734375,0.3333333333333333,False
KS-max,0.25,2.0,0.0,excess_clipped,0.16927083333333334,-1.2242513020833332,1.951940104166665,0.4666666666666667,False
JSD,0.25,2.0,0.0,excess_clipped,0.9583333333333334,-0.04873697916666663,1.9346484374999997,0.6333333333333333,False
QK-MMD PauliXZ,0.25,2.0,0.0,excess_clipped,-0.023177083333333334,-0.9619791666666667,1.0250390624999994,0.4666666666666667,False
Energy distance,0.25,2.0,0.01,excess_clipped,-0.030629777930676914,-0.9188762598934428,0.9188971400181566,0.4,False
MMD-RBF,0.25,2.0,0.01,excess_clipped,-0.46891638689872345,-1.3489054782574477,0.4983665560769887,0.3333333333333333,False
KS-max,0.25,2.0,0.01,excess_clipped,0.006522592301208796,-1.38702189751562,1.7894472183260197,0.43333333333333335,False
JSD,0.25,2.0,0.01,excess_clipped,0.7917936524346393,-0.21484992236193215,1.7681423104629894,0.6,False
QK-MMD PauliXZ,0.25,2.0,0.01,excess_clipped,-0.011845753131938815,-0.9499753941093307,1.035882185769698,0.4666666666666667,False
Energy distance,0.25,2.0,0.05,excess_clipped,-0.6937738896533847,-1.5796440012019397,0.2549514998442171,0.3,False
MMD-RBF,0.25,2.0,0.05,excess_clipped,-0.9799986011602838,-1.856990126835813,-0.016394720205523187,0.3,False
KS-max,0.25,2.0,0.05,excess_clipped,-0.6444703718272894,-2.0341141163245,1.1394756749634387,0.3333333333333333,False
JSD,0.25,2.0,0.05,excess_clipped,0.1256349288398633,-0.8790190414041475,1.099769063846203,0.5,False
QK-MMD PauliXZ,0.25,2.0,0.05,excess_clipped,0.033479567673639375,-0.9053108802745556,1.0819628155427916,0.4666666666666667,False
Energy distance,0.25,2.0,0.1,excess_clipped,-1.5227040293067693,-2.4062945269260676,-0.573673239602591,0.16666666666666666,False
MMD-RBF,0.25,2.0,0.1,excess_clipped,-1.6188513689872337,-2.493745757696762,-0.6584936346487089,0.23333333333333334,False
KS-max,0.25,2.0,0.1,excess_clipped,-1.4582115769879114,-2.844471916375052,0.3241125580005163,0.23333333333333334,False
JSD,0.25,2.0,0.1,excess_clipped,-0.7070634756536068,-1.710753132209318,0.2648795985190757,0.4666666666666667,False
QK-MMD PauliXZ,0.25,2.0,0.1,excess_clipped,0.09013621868061188,-0.8479410260175647,1.1378842488225482,0.4666666666666667,False
Energy distance,0.5,0.0,0.0,excess_clipped,1.06015625,0.41560546875000004,1.759388020833333,0.7,True
MMD-RBF,0.5,0.0,0.0,excess_clipped,0.9588541666666667,0.3075260416666667,1.7523502604166667,0.6,True
KS-max,0.5,0.0,0.0,excess_clipped,0.9109375,0.15207682291666666,1.9836458333333327,0.6333333333333333,True
JSD,0.5,0.0,0.0,excess_clipped,0.6,-0.07475260416666665,1.50521484375,0.6333333333333333,False
QK-MMD PauliXZ,0.5,0.0,0.0,excess_clipped,0.6518229166666667,-0.11198567708333333,1.615657552083333,0.5333333333333333,False
Energy distance,0.5,0.0,0.01,excess_clipped,0.894370222069323,0.24869041356353952,1.5939146166550664,0.7,True
MMD-RBF,0.5,0.0,0.01,excess_clipped,0.8310836131012765,0.17897064420999675,1.6240783612854914,0.5666666666666667,True
KS-max,0.5,0.0,0.01,excess_clipped,0.7481892589678754,-0.010708502955221678,1.821260307179473,0.6,False
JSD,0.5,0.0,0.01,excess_clipped,0.43346031910130606,-0.24146685338100735,1.339127305582782,0.6,False
QK-MMD PauliXZ,0.5,0.0,0.01,excess_clipped,0.6631542468680613,-0.10051520281642934,1.627875229397007,0.5333333333333333,False
Energy distance,0.5,0.0,0.05,excess_clipped,0.2312261103466153,-0.41652187808476926,0.9321466238763482,0.5,False
MMD-RBF,0.5,0.0,0.05,excess_clipped,0.3200013988397161,-0.3311727286516156,1.1117787228016531,0.4666666666666667,False
KS-max,0.5,0.0,0.05,excess_clipped,0.09719629483937738,-0.6588938095475897,1.1700769101713078,0.3,False
JSD,0.5,0.0,0.05,excess_clipped,-0.2326984044934701,-0.9064554382409118,0.6737583194851222,0.3,False
QK-MMD PauliXZ,0.5,0.0,0.05,excess_clipped,0.7084795676736396,-0.05711862643829482,1.6751262058105398,0.5666666666666667,False
Energy distance,0.5,0.0,0.1,excess_clipped,-0.5977040293067692,-1.2498755937837027,0.1034089643457847,0.3,False
MMD-RBF,0.5,0.0,0.1,excess_clipped,-0.3188513689872343,-0.9722228209819584,0.47200998334847577,0.4,False
KS-max,0.5,0.0,0.1,excess_clipped,-0.716544910321245,-1.470024847153167,0.35500533551551977,0.16666666666666666,False
JSD,0.5,0.0,0.1,excess_clipped,-1.0653968089869401,-1.7403281617167523,-0.1578066071686828,0.1,False
QK-MMD PauliXZ,0.5,0.0,0.1,excess_clipped,0.765136218680612,-0.0017166158639013382,1.7358969428710793,0.5666666666666667,False
Energy distance,0.5,0.25,0.0,excess_clipped,1.01015625,0.37966145833333337,1.69453125,0.6666666666666666,True
MMD-RBF,0.5,0.25,0.0,excess_clipped,0.8255208333333334,0.19082031250000006,1.616184895833333,0.5666666666666667,True
KS-max,0.5,0.25,0.0,excess_clipped,0.8276041666666667,0.031490885416666684,1.97318359375,0.6,True
JSD,0.5,0.25,0.0,excess_clipped,0.6583333333333333,-0.0021223958333332978,1.532571614583333,0.6,False
QK-MMD PauliXZ,0.5,0.25,0.0,excess_clipped,0.5684895833333333,-0.17735677083333332,1.5151106770833334,0.5,False
Energy distance,0.5,0.25,0.01,excess_clipped,0.844370222069323,0.21236840258269918,1.5278729333875765,0.6666666666666666,True
MMD-RBF,0.5,0.25,0.01,excess_clipped,0.6977502797679432,0.06350341014340616,1.4887796211740858,0.5666666666666667,True
KS-max,0.5,0.25,0.01,excess_clipped,0.6648559256345421,-0.1308251152140748,1.8097875049466905,0.5333333333333333,False
JSD,0.5,0.25,0.01,excess_clipped,0.49179365243463935,-0.16941612739552311,1.3661089188585036,0.5666666666666667,False
QK-MMD PauliXZ,0.5,0.25,0.01,excess_clipped,0.5798209135347281,-0.16635660615824152,1.5265048281320615,0.5,False
Energy distance,0.5,0.25,0.05,excess_clipped,0.18122611034661532,-0.4527168040739683,0.8653120162210831,0.4666666666666667,False
MMD-RBF,0.5,0.25,0.05,excess_clipped,0.1866680655063828,-0.44842930846930557,0.9769085659319388,0.43333333333333335,False
KS-max,0.5,0.25,0.05,excess_clipped,0.01386296150604404,-0.7797672044463495,1.1551454790169273,0.23333333333333334,False
JSD,0.5,0.25,0.05,excess_clipped,-0.17436507116013678,-0.8344466841762626,0.7010790433292422,0.36666666666666664,False
QK-MMD PauliXZ,0.5,0.25,0.05,excess_clipped,0.6251462343403063,-0.12107664904038637,1.5741516558835864,0.5,False
Energy distance,0.5,0.25,0.1,excess_clipped,-0.6477040293067695,-1.282940325657682,0.040701511908584245,0.26666666666666666,False
MMD-RBF,0.5,0.25,0.1,excess_clipped,-0.45218470232056773,-1.0875776699316921,0.33453183982789053,0.3,False
KS-max,0.5,0.25,0.1,excess_clipped,-0.7998782436545784,-1.5929265913074877,0.3349788267528535,0.16666666666666666,False
JSD,0.5,0.25,0.1,excess_clipped,-1.007063475653607,-1.665369189273023,-0.13181244253416693,0.1,False
QK-MMD PauliXZ,0.5,0.25,0.1,excess_clipped,0.6818028853472787,-0.06546904846349692,1.6316301346838389,0.5,False
Energy distance,0.5,0.5,0.0,excess_clipped,0.96015625,0.32186848958333336,1.64427734375,0.7,True
MMD-RBF,0.5,0.5,0.0,excess_clipped,0.6921875,0.05234375,1.485214843749999,0.5333333333333333,True
KS-max,0.5,0.5,0.0,excess_clipped,0.7442708333333333,-0.10808593749999999,1.9651236979166664,0.5333333333333333,False
JSD,0.5,0.5,0.0,excess_clipped,0.7166666666666667,0.047643229166666676,1.5606901041666665,0.6,True
QK-MMD PauliXZ,0.5,0.5,0.0,excess_clipped,0.48515625,-0.25391276041666666,1.414635416666666,0.4666666666666667,False
Energy distance,0.5,0.5,0.01,excess_clipped,0.7943702220693231,0.15537352795625728,1.4789032729877742,0.6666666666666666,True
MMD-RBF,0.5,0.5,0.01,excess_clipped,0.5644169464346099,-0.07488734136235324,1.3568356523924905,0.5333333333333333,False
KS-max,0.5,0.5,0.01,excess_clipped,0.5815225923012088,-0.270710568639536,1.8022190507480917,0.43333333333333335,False
JSD,0.5,0.5,0.01,excess_clipped,0.5501269857679726,-0.11873138415349899,1.3939735206686252,0.6,False
QK-MMD PauliXZ,0.5,0.5,0.01,excess_clipped,0.4964875802013947,-0.2434835785638551,1.42605261173305,0.4666666666666667,False
Energy distance,0.5,0.5,0.05,excess_clipped,0.1312261103466153,-0.509133350782853,0.8168626048152073,0.4,False
MMD-RBF,0.5,0.5,0.05,excess_clipped,0.0533347321730495,-0.5849360678778127,0.844575897967981,0.4,False
KS-max,0.5,0.5,0.05,excess_clipped,-0.06947037182728927,-0.9193425464437556,1.1504076932240224,0.26666666666666666,False
JSD,0.5,0.5,0.05,excess_clipped,-0.11603173782680341,-0.7827960754535837,0.7262324122615874,0.36666666666666664,False
QK-MMD PauliXZ,0.5,0.5,0.05,excess_clipped,0.5418129010069727,-0.19945573505153869,1.4718366845332096,0.4666666666666667,False
Energy distance,0.5,0.5,0.1,excess_clipped,-0.6977040293067696,-1.3410626828602203,-0.01066927712546528,0.23333333333333334,False
MMD-RBF,0.5,0.5,0.1,excess_clipped,-0.585518035653901,-1.2222267124563704,0.20085664461489952,0.23333333333333334,False
KS-max,0.5,0.5,0.1,excess_clipped,-0.8832115769879116,-1.7302437980947822,0.3335026943341552,0.16666666666666666,False
JSD,0.5,0.5,0.1,excess_clipped,-0.9487301423202738,-1.6146160807060461,-0.10398093623099489,0.16666666666666666,False
QK-MMD PauliXZ,0.5,0.5,0.1,excess_clipped,0.5984695520139451,-0.14265159183413684,1.5305335994261933,0.5,False
Energy distance,0.5,1.0,0.0,excess_clipped,0.86015625,0.17652343750000005,1.594290364583333,0.6666666666666666,True
MMD-RBF,0.5,1.0,0.0,excess_clipped,0.42552083333333335,-0.2541796875,1.24583984375,0.5,False
KS-max,0.5,1.0,0.0,excess_clipped,0.5776041666666667,-0.4273502604166667,1.9557421874999998,0.5,False
JSD,0.5,1.0,0.0,excess_clipped,0.8333333333333334,0.09582031250000002,1.6651367187499995,0.6333333333333333,True
QK-MMD PauliXZ,0.5,1.0,0.0,excess_clipped,0.3184895833333333,-0.44375651041666664,1.2544270833333333,0.5333333333333333,False
Energy distance,0.5,1.0,0.01,excess_clipped,0.694370222069323,0.010084343888178044,1.428820935281824,0.6666666666666666,True
MMD-RBF,0.5,1.0,0.01,excess_clipped,0.29775027976794327,-0.38217418887313304,1.1168623790665275,0.5,False
KS-max,0.5,1.0,0.01,excess_clipped,0.4148559256345422,-0.5894469992769998,1.792306817701786,0.4666666666666667,False
JSD,0.5,1.0,0.01,excess_clipped,0.6667936524346393,-0.07037363480588511,1.4984553561257348,0.6333333333333333,False
QK-MMD PauliXZ,0.5,1.0,0.01,excess_clipped,0.32982091353472787,-0.4320361505292444,1.2661471819395889,0.5333333333333333,False
Energy distance,0.5,1.0,0.05,excess_clipped,0.031226110346615273,-0.6555645946000878,0.7694977709696197,0.36666666666666664,False
MMD-RBF,0.5,1.0,0.05,excess_clipped,-0.21333193449361718,-0.8902052979904109,0.6040359822900734,0.36666666666666664,False
KS-max,0.5,1.0,0.05,excess_clipped,-0.23613703849395587,-1.2391291840235497,1.140438919857847,0.23333333333333334,False
JSD,0.5,1.0,0.05,excess_clipped,0.0006349288398632542,-0.7341260686570459,0.8309284479244415,0.4,False
QK-MMD PauliXZ,0.5,1.0,0.05,excess_clipped,0.3751462343403061,-0.38795788724542934,1.3121168180420308,0.5333333333333333,False
Energy distance,0.5,1.0,0.1,excess_clipped,-0.7977040293067695,-1.4868423767081602,-0.056833896310709675,0.23333333333333334,False
MMD-RBF,0.5,1.0,0.1,excess_clipped,-0.8521847023205676,-1.5257281143743509,-0.03722681569230458,0.16666666666666666,False
KS-max,0.5,1.0,0.1,excess_clipped,-1.0498782436545782,-2.04996784713842,0.3245822667990285,0.16666666666666666,False
JSD,0.5,1.0,0.1,excess_clipped,-0.8320634756536068,-1.5648829308301213,-0.0007336953370833415,0.3,False
QK-MMD PauliXZ,0.5,1.0,0.1,excess_clipped,0.43180288534727856,-0.33242319979378954,1.3690474993372614,0.5333333333333333,False
Energy distance,0.5,2.0,0.0,excess_clipped,0.66015625,-0.24479166666666666,1.62318359375,0.6,False
MMD-RBF,0.5,2.0,0.0,excess_clipped,-0.1078125,-0.9612044270833333,0.845885416666666,0.36666666666666664,False
KS-max,0.5,2.0,0.0,excess_clipped,0.24427083333333333,-1.1411653645833333,2.0005989583333323,0.4666666666666667,False
JSD,0.5,2.0,0.0,excess_clipped,1.0666666666666667,0.040364583333333336,2.044029947916666,0.6333333333333333,True
QK-MMD PauliXZ,0.5,2.0,0.0,excess_clipped,-0.01484375,-0.9416731770833333,1.0251757812499973,0.5,False
Energy distance,0.5,2.0,0.01,excess_clipped,0.49437022206932324,-0.4101637237513301,1.4574347656919369,0.5333333333333333,False
MMD-RBF,0.5,2.0,0.01,excess_clipped,-0.23558305356539003,-1.087788087921022,0.7172621841496875,0.36666666666666664,False
KS-max,0.5,2.0,0.01,excess_clipped,0.08152259230120885,-1.302953404055595,1.8373794801455583,0.4666666666666667,False
JSD,0.5,2.0,0.01,excess_clipped,0.9001269857679728,-0.1250553488106273,1.8774875386704466,0.6333333333333333,False
QK-MMD PauliXZ,0.5,2.0,0.01,excess_clipped,-0.003512419798605393,-0.9296627356948787,1.0378558821644728,0.5,False
Energy distance,0.5,2.0,0.05,excess_clipped,-0.16877388965338463,-1.073659046841315,0.793351913401386,0.36666666666666664,False
MMD-RBF,0.5,2.0,0.05,excess_clipped,-0.7466652678269504,-1.5964637393117884,0.20531398799659878,0.3,False
KS-max,0.5,2.0,0.05,excess_clipped,-0.5694703718272892,-1.9486972814487136,1.1844398120603385,0.3333333333333333,False
JSD,0.5,2.0,0.05,excess_clipped,0.2339682621731967,-0.7884591217537187,1.2089734246073836,0.5,False
QK-MMD PauliXZ,0.5,2.0,0.05,excess_clipped,0.0418129010069728,-0.8843160632425764,1.0879760831887688,0.5,False
Energy distance,0.5,2.0,0.1,excess_clipped,-0.9977040293067695,-1.9009965544862213,-0.03607622092367594,0.23333333333333334,False
MMD-RBF,0.5,2.0,0.1,excess_clipped,-1.3855180356539003,-2.232736521714542,-0.4394813010799123,0.23333333333333334,False
KS-max,0.5,2.0,0.1,excess_clipped,-1.3832115769879114,-2.7591541001644226,0.3683991739282308,0.23333333333333334,False
JSD,0.5,2.0,0.1,excess_clipped,-0.5987301423202734,-1.6170353394334471,0.3753418930095006,0.4666666666666667,False
QK-MMD PauliXZ,0.5,2.0,0.1,excess_clipped,0.09846955201394528,-0.8290422827351527,1.1431745885575937,0.5,False
Energy distance,1.0,0.0,0.0,excess_clipped,2.11015625,1.3505143229166667,2.8846484375,0.9,True
MMD-RBF,1.0,0.0,0.0,excess_clipped,1.4255208333333333,0.746328125,2.21927734375,0.8,True
KS-max,1.0,0.0,0.0,excess_clipped,1.0609375,0.31640625,2.0948046875,0.7,True
JSD,1.0,0.0,0.0,excess_clipped,0.8166666666666667,0.09504557291666667,1.76875,0.7,True
QK-MMD PauliXZ,1.0,0.0,0.0,excess_clipped,0.6684895833333333,-0.11304036458333332,1.6429817708333332,0.5666666666666667,False
Energy distance,1.0,0.0,0.01,excess_clipped,1.944370222069323,1.1842728668755977,2.7194320257759617,0.8666666666666667,True
MMD-RBF,1.0,0.0,0.01,excess_clipped,1.2977502797679432,0.6174846230159637,2.091272739679994,0.7666666666666667,True
KS-max,1.0,0.0,0.01,excess_clipped,0.8981892589678754,0.1542848940365124,1.9308540914936836,0.6666666666666666,True
JSD,1.0,0.0,0.01,excess_clipped,0.6501269857679726,-0.07203144169169347,1.602873439280853,0.6666666666666666,False
QK-MMD PauliXZ,1.0,0.0,0.01,excess_clipped,0.679820913534728,-0.10295629216818755,1.6547152370708642,0.5666666666666667,False
Energy distance,1.0,0.0,0.05,excess_clipped,1.2812261103466152,0.5194051794206024,2.0599447212391437,0.7666666666666667,True
MMD-RBF,1.0,0.0,0.05,excess_clipped,0.7866680655063829,0.10636740644471133,1.5791275823116246,0.6,True
KS-max,1.0,0.0,0.05,excess_clipped,0.24719629483937744,-0.4967122235921367,1.2753520546745172,0.43333333333333335,False
JSD,1.0,0.0,0.05,excess_clipped,-0.0160317378268035,-0.7376431306784703,0.9356146783436561,0.4,False
QK-MMD PauliXZ,1.0,0.0,0.05,excess_clipped,0.7251462343403061,-0.06125670348372194,1.7018258015249639,0.6,False
Energy distance,1.0,0.0,0.1,excess_clipped,0.4522959706932307,-0.31445156138531954,1.2305561081418805,0.5333333333333333,False
MMD-RBF,1.0,0.0,0.1,excess_clipped,0.14781529767943244,-0.530615981418465,0.939044747550933,0.4666666666666667,False
KS-max,1.0,0.0,0.1,excess_clipped,-0.5665449103212448,-1.3089193902835636,0.4604945168659033,0.2,False
JSD,1.0,0.0,0.1,excess_clipped,-0.8487301423202734,-1.5703281143736292,0.10585940534680616,0.1,False
QK-MMD PauliXZ,1.0,0.0,0.1,excess_clipped,0.7818028853472786,-0.005121452505778116,1.7611506028255388,0.6,False
Energy distance,1.0,0.25,0.0,excess_clipped,2.06015625,1.310390625,2.8179882812499994,0.9,True
MMD-RBF,1.0,0.25,0.0,excess_clipped,1.2921875,0.6327994791666667,2.0781445312499995,0.7666666666666667,True
KS-max,1.0,0.25,0.0,excess_clipped,0.9776041666666667,0.19035156250000002,2.0856966145833327,0.6666666666666666,True
JSD,1.0,0.25,0.0,excess_clipped,0.875,0.16925781250000002,1.79349609375,0.6666666666666666,True
QK-MMD PauliXZ,1.0,0.25,0.0,excess_clipped,0.58515625,-0.17735026041666666,1.5455794270833334,0.5,False
Energy distance,1.0,0.25,0.01,excess_clipped,1.894370222069323,1.1440730670824795,2.652131119171509,0.9,True
MMD-RBF,1.0,0.25,0.01,excess_clipped,1.16441694643461,0.5054605991867468,1.9498409877665026,0.7666666666666667,True
KS-max,1.0,0.25,0.01,excess_clipped,0.8148559256345421,0.02817318058515085,1.9226328888425495,0.6666666666666666,True
JSD,1.0,0.25,0.01,excess_clipped,0.7084603191013059,0.0028642017082078377,1.6273661813011868,0.6333333333333333,True
QK-MMD PauliXZ,1.0,0.25,0.01,excess_clipped,0.5964875802013946,-0.16664756758941904,1.5573008421419419,0.5,False
Energy distance,1.0,0.25,0.05,excess_clipped,1.2312261103466153,0.4805785522600296,1.9915383962422049,0.7666666666666667,True
MMD-RBF,1.0,0.25,0.05,excess_clipped,0.6533347321730496,-0.006074534228241339,1.4402730700170794,0.5666666666666667,False
KS-max,1.0,0.25,0.05,excess_clipped,0.1638629615060441,-0.6197129205283272,1.2665679419154132,0.3,False
JSD,1.0,0.25,0.05,excess_clipped,0.042301595506529864,-0.6620006842048363,0.9628725731726007,0.43333333333333335,False
QK-MMD PauliXZ,1.0,0.25,0.05,excess_clipped,0.6418129010069727,-0.12197003143057128,1.6051717482204986,0.5,False
Energy distance,1.0,0.25,0.1,excess_clipped,0.40229597069323053,-0.3500369881748436,1.1670906806340304,0.5,False
MMD-RBF,1.0,0.25,0.1,excess_clipped,0.014481964346099118,-0.6439184446908764,0.7988606780389764,0.4666666666666667,False
KS-max,1.0,0.25,0.1,excess_clipped,-0.6498782436545781,-1.4312342703955947,0.4500162491605339,0.23333333333333334,False
JSD,1.0,0.25,0.1,excess_clipped,-0.7903968089869403,-1.4940714104346506,0.1322346290114896,0.13333333333333333,False
QK-MMD PauliXZ,1.0,0.25,0.1,excess_clipped,0.6984695520139452,-0.06666546516946016,1.6625628111281152,0.5,False
Energy distance,1.0,0.5,0.0,excess_clipped,2.01015625,1.2666471354166666,2.77318359375,0.9,True
MMD-RBF,1.0,0.5,0.0,excess_clipped,1.1588541666666667,0.5124869791666666,1.9515885416666663,0.7333333333333333,True
KS-max,1.0,0.5,0.0,excess_clipped,0.8942708333333333,0.04737630208333335,2.080735677083333,0.6666666666666666,True
JSD,1.0,0.5,0.0,excess_clipped,0.9333333333333333,0.22291666666666668,1.8268229166666667,0.6666666666666666,True
QK-MMD PauliXZ,1.0,0.5,0.0,excess_clipped,0.5018229166666667,-0.25338541666666664,1.4455859374999998,0.4666666666666667,False
Energy distance,1.0,0.5,0.01,excess_clipped,1.844370222069323,1.1009202196239172,2.6085329657030614,0.8666666666666667,True
MMD-RBF,1.0,0.5,0.01,excess_clipped,1.0310836131012766,0.3850783305344047,1.8229132579505978,0.7333333333333333,True
KS-max,1.0,0.5,0.01,excess_clipped,0.7315225923012088,-0.11593070680598515,1.917676564400203,0.6,False
JSD,1.0,0.5,0.01,excess_clipped,0.766793652434639,0.05709880671576043,1.6601304504293815,0.6666666666666666,True
QK-MMD PauliXZ,1.0,0.5,0.01,excess_clipped,0.5131542468680613,-0.2421677551760513,1.4579582948473357,0.4666666666666667,False
Energy distance,1.0,0.5,0.05,excess_clipped,1.1812261103466153,0.43595560226068475,1.9452270277182733,0.7666666666666667,True
MMD-RBF,1.0,0.5,0.05,excess_clipped,0.5200013988397162,-0.12568673479908224,1.31115233474737,0.5,False
KS-max,1.0,0.5,0.05,excess_clipped,0.08052962817271082,-0.7619853366798343,1.263882608964777,0.3,False
JSD,1.0,0.5,0.05,excess_clipped,0.10063492883986322,-0.6078468887792889,0.9950124147032475,0.5,False
QK-MMD PauliXZ,1.0,0.5,0.05,excess_clipped,0.5584795676736395,-0.197811592860123,1.5036139839821598,0.4666666666666667,False
Energy distance,1.0,0.5,0.1,excess_clipped,0.35229597069323054,-0.39381139125647796,1.1190176680022168,0.4666666666666667,False
MMD-RBF,1.0,0.5,0.1,excess_clipped,-0.11885136898723418,-0.7646886397007908,0.671124545212476,0.43333333333333335,False
KS-max,1.0,0.5,0.1,excess_clipped,-0.7332115769879114,-1.5755591709599346,0.44707717843507017,0.2,False
JSD,1.0,0.5,0.1,excess_clipped,-0.7320634756536067,-1.4384064382867165,0.1619459919308331,0.23333333333333334,False
QK-MMD PauliXZ,1.0,0.5,0.1,excess_clipped,0.6151362186806119,-0.1410448335600958,1.564756032964292,0.5,False
Energy distance,1.0,1.0,0.0,excess_clipped,1.91015625,1.1335611979166667,2.717467447916666,0.8666666666666667,True
MMD-RBF,1.0,1.0,0.0,excess_clipped,0.8921875,0.22994140625,1.7046940104166666,0.6666666666666666,True
KS-max,1.0,1.0,0.0,excess_clipped,0.7276041666666667,-0.2773567708333333,2.0677864583333325,0.5333333333333333,False
JSD,1.0,1.0,0.0,excess_clipped,1.05,0.2802018229166667,1.9283854166666667,0.7,True
QK-MMD PauliXZ,1.0,1.0,0.0,excess_clipped,0.33515625,-0.43229817708333335,1.2820572916666662,0.5,False
Energy distance,1.0,1.0,0.01,excess_clipped,1.7443702220693231,0.9670294481585017,2.55107883185981,0.8666666666666667,True
MMD-RBF,1.0,1.0,0.01,excess_clipped,0.7644169464346097,0.10301437376987013,1.575484192098275,0.6333333333333333,True
KS-max,1.0,1.0,0.01,excess_clipped,0.5648559256345421,-0.4401611631243898,1.9039856437408893,0.5,False
JSD,1.0,1.0,0.01,excess_clipped,0.8834603191013056,0.11414788952624351,1.7609195721281197,0.7,True
QK-MMD PauliXZ,1.0,1.0,0.01,excess_clipped,0.3464875802013946,-0.4214734195262398,1.2937936392322735,0.5,False
Energy distance,1.0,1.0,0.05,excess_clipped,1.0812261103466154,0.30086248943318306,1.8891807765937214,0.7666666666666667,True
MMD-RBF,1.0,1.0,0.05,excess_clipped,0.2533347321730495,-0.4079772725647733,1.0624473133873493,0.4666666666666667,False
KS-max,1.0,1.0,0.05,excess_clipped,-0.08613703849395596,-1.0877322738886384,1.2548842925205679,0.26666666666666666,False
JSD,1.0,1.0,0.05,excess_clipped,0.21730159550652992,-0.5503889514219386,1.0956569098820326,0.5,False
QK-MMD PauliXZ,1.0,1.0,0.05,excess_clipped,0.3918129010069728,-0.3770353511487529,1.3410074372247616,0.5,False
Energy distance,1.0,1.0,0.1,excess_clipped,0.2522959706932306,-0.5297366665538188,1.064790433006526,0.36666666666666664,False
MMD-RBF,1.0,1.0,0.1,excess_clipped,-0.38551803565390086,-1.0447531003575325,0.4212794492421279,0.4,False
KS-max,1.0,1.0,0.1,excess_clipped,-0.8998782436545781,-1.8965450327975366,0.4390103538086581,0.23333333333333334,False
JSD,1.0,1.0,0.1,excess_clipped,-0.6153968089869403,-1.3786843770952741,0.2646367205620237,0.3,False
QK-MMD PauliXZ,1.0,1.0,0.1,excess_clipped,0.4484695520139452,-0.3214268126135771,1.3987355594423512,0.5,False
Energy distance,1.0,2.0,0.0,excess_clipped,1.71015625,0.7432291666666667,2.733079427083333,0.8,True
MMD-RBF,1.0,2.0,0.0,excess_clipped,0.35885416666666664,-0.4580859375,1.2901041666666666,0.6,False
KS-max,1.0,2.0,0.0,excess_clipped,0.39427083333333335,-0.9953190104166667,2.1175130208333326,0.5,False
JSD,1.0,2.0,0.0,excess_clipped,1.2833333333333334,0.25154296875000004,2.2862044270833333,0.6666666666666666,True
QK-MMD PauliXZ,1.0,2.0,0.0,excess_clipped,0.0018229166666666667,-0.9135611979166667,1.0546940104166667,0.5,False
Energy distance,1.0,2.0,0.01,excess_clipped,1.544370222069323,0.5774981215911975,2.5668640373416785,0.7666666666666667,True
MMD-RBF,1.0,2.0,0.01,excess_clipped,0.2310836131012764,-0.5850446233056265,1.1623105232902193,0.6,False
KS-max,1.0,2.0,0.01,excess_clipped,0.2315225923012088,-1.1567499512304416,1.9545458780857803,0.5,False
JSD,1.0,2.0,0.01,excess_clipped,1.116793652434639,0.08568043742316153,2.1195888168554773,0.6666666666666666,True
QK-MMD PauliXZ,1.0,2.0,0.01,excess_clipped,0.013154246868061156,-0.9021968415422724,1.0658490469192736,0.5,False
Energy distance,1.0,2.0,0.05,excess_clipped,0.8812261103466154,-0.08542090841035431,1.9027307620951757,0.6666666666666666,False
MMD-RBF,1.0,2.0,0.05,excess_clipped,-0.27999860116028397,-1.0945801712374865,0.6496259181483129,0.43333333333333335,False
KS-max,1.0,2.0,0.05,excess_clipped,-0.4194703718272892,-1.8042059689815069,1.3042722239096562,0.3333333333333333,False
JSD,1.0,2.0,0.05,excess_clipped,0.4506349288398633,-0.5777180374367843,1.4515939929764914,0.5666666666666667,False
QK-MMD PauliXZ,1.0,2.0,0.05,excess_clipped,0.058479567673639286,-0.8567455776121787,1.1095995154015101,0.5,False
Energy distance,1.0,2.0,0.1,excess_clipped,0.05229597069323055,-0.9141427112854142,1.072253320269888,0.36666666666666664,False
MMD-RBF,1.0,2.0,0.1,excess_clipped,-0.9188513689872343,-1.732342138027568,0.008498936424652853,0.26666666666666666,False
KS-max,1.0,2.0,0.1,excess_clipped,-1.2332115769879117,-2.6093091523490837,0.48842025778423226,0.3,False
JSD,1.0,2.0,0.1,excess_clipped,-0.3820634756536068,-1.407324193533413,0.6199665280560437,0.5,False
QK-MMD PauliXZ,1.0,2.0,0.1,excess_clipped,0.11513621868061197,-0.7995471205026937,1.1665554804150693,0.5,False
Energy distance,2.0,0.0,0.0,excess_clipped,4.21015625,3.16740234375,5.198450520833333,0.9666666666666667,True
MMD-RBF,2.0,0.0,0.0,excess_clipped,2.3588541666666667,1.5439908854166666,3.237513020833333,0.8,True
KS-max,2.0,0.0,0.0,excess_clipped,1.3609375,0.5648111979166667,2.3455859375,0.7,True
JSD,2.0,0.0,0.0,excess_clipped,1.25,0.3856705729166667,2.3107161458333327,0.7333333333333333,True
QK-MMD PauliXZ,2.0,0.0,0.0,excess_clipped,0.7018229166666666,-0.17292968749999998,1.7179947916666662,0.5666666666666667,False
Energy distance,2.0,0.0,0.01,excess_clipped,4.044370222069323,3.0000501600309297,5.032954581208252,0.9666666666666667,True
MMD-RBF,2.0,0.0,0.01,excess_clipped,2.2310836131012763,1.4152253722263963,3.1110624561651967,0.7666666666666667,True
KS-max,2.0,0.0,0.01,excess_clipped,1.1981892589678758,0.4022259795792749,2.182631305683701,0.6666666666666666,True
JSD,2.0,0.0,0.01,excess_clipped,1.083460319101306,0.2187534225344765,2.143637224514068,0.7,True
QK-MMD PauliXZ,2.0,0.0,0.01,excess_clipped,0.7131542468680613,-0.16197405290461617,1.729089330583671,0.5666666666666667,False
Energy distance,2.0,0.0,0.05,excess_clipped,3.3812261103466152,2.333740829186475,4.371199699293517,0.9333333333333333,True
MMD-RBF,2.0,0.0,0.05,excess_clipped,1.7200013988397163,0.9063667467357446,2.59879580312115,0.7666666666666667,True
KS-max,2.0,0.0,0.05,excess_clipped,0.5471962948393775,-0.24712149835791697,1.530785383272998,0.5333333333333333,False
JSD,2.0,0.0,0.05,excess_clipped,0.4173015955065298,-0.44905637672687587,1.4794514876331812,0.4666666666666667,False
QK-MMD PauliXZ,2.0,0.0,0.05,excess_clipped,0.7584795676736392,-0.1181280830096271,1.7744859409803808,0.6,False
Energy distance,2.0,0.0,0.1,excess_clipped,2.5522959706932307,1.50102031875037,3.543982399414982,0.8666666666666667,True
MMD-RBF,2.0,0.0,0.1,excess_clipped,1.0811486310127658,0.2679766438922183,1.9601048966368544,0.7333333333333333,True
KS-max,2.0,0.0,0.1,excess_clipped,-0.26654491032124494,-1.0611634113449155,0.7151584689984928,0.4666666666666667,False
JSD,2.0,0.0,0.1,excess_clipped,-0.41539680898694004,-1.2859687631506629,0.6472646339181422,0.36666666666666664,False
QK-MMD PauliXZ,2.0,0.0,0.1,excess_clipped,0.8151362186806121,-0.06307084430204131,1.8317457219579079,0.6,False
Energy distance,2.0,0.25,0.0,excess_clipped,4.16015625,3.124212239583333,5.146100260416667,0.9666666666666667,True
MMD-RBF,2.0,0.25,0.0,excess_clipped,2.2255208333333334,1.4398111979166668,3.084114583333333,0.8,True
KS-max,2.0,0.25,0.0,excess_clipped,1.2776041666666667,0.42603515625,2.326067708333333,0.6666666666666666,True
JSD,2.0,0.25,0.0,excess_clipped,1.3083333333333333,0.4625,2.339869791666666,0.7,True
QK-MMD PauliXZ,2.0,0.25,0.0,excess_clipped,0.6184895833333334,-0.23125651041666667,1.6177799479166657,0.5333333333333333,False
Energy distance,2.0,0.25,0.01,excess_clipped,3.9943702220693225,2.957853013117257,4.9806028630838854,0.9666666666666667,True
MMD-RBF,2.0,0.25,0.01,excess_clipped,2.097750279767943,1.3122997783905388,2.9552614842643856,0.8,True
KS-max,2.0,0.25,0.01,excess_clipped,1.1148559256345423,0.2637217660274754,2.1637254197097575,0.6666666666666666,True
JSD,2.0,0.25,0.01,excess_clipped,1.1417936524346393,0.29604098025212683,2.174396039592661,0.6666666666666666,True
QK-MMD PauliXZ,2.0,0.25,0.01,excess_clipped,0.6298209135347279,-0.22023305577481717,1.6298316472100598,0.5333333333333333,False
Energy distance,2.0,0.25,0.05,excess_clipped,3.331226110346615,2.2897683940677864,4.318551096012248,0.9333333333333333,True
MMD-RBF,2.0,0.25,0.05,excess_clipped,1.586668065506383,0.800985389329134,2.442654247112955,0.7666666666666667,True
KS-max,2.0,0.25,0.05,excess_clipped,0.46386296150604417,-0.3845044504748464,1.510385475220288,0.4666666666666667,False
JSD,2.0,0.25,0.05,excess_clipped,0.47563492883986314,-0.3703895847717263,1.5107756197917668,0.5,False
QK-MMD PauliXZ,2.0,0.25,0.05,excess_clipped,0.6751462343403062,-0.17797871565927445,1.677183360590289,0.5333333333333333,False
Energy distance,2.0,0.25,0.1,excess_clipped,2.502295970693231,1.4583447178633164,3.489668524527524,0.8333333333333334,True
MMD-RBF,2.0,0.25,0.1,excess_clipped,0.9478152976794322,0.16224829712192881,1.8034485489417171,0.7333333333333333,True
KS-max,2.0,0.25,0.1,excess_clipped,-0.3498782436545784,-1.1955146475008316,0.6985082910921191,0.4,False
JSD,2.0,0.25,0.1,excess_clipped,-0.3570634756536067,-1.2041074867712351,0.6779250822972193,0.36666666666666664,False
QK-MMD PauliXZ,2.0,0.25,0.1,excess_clipped,0.7318028853472788,-0.12353053219373893,1.733840371997279,0.5333333333333333,False
Energy distance,2.0,0.5,0.0,excess_clipped,4.11015625,3.0809505208333334,5.10521484375,0.9666666666666667,True
MMD-RBF,2.0,0.5,0.0,excess_clipped,2.0921875,1.32052734375,2.9508007812499994,0.8,True
KS-max,2.0,0.5,0.0,excess_clipped,1.1942708333333334,0.28591796875000003,2.3208593749999995,0.6666666666666666,True
JSD,2.0,0.5,0.0,excess_clipped,1.3666666666666667,0.5200390625,2.3768424479166663,0.6666666666666666,True
QK-MMD PauliXZ,2.0,0.5,0.0,excess_clipped,0.53515625,-0.29766927083333333,1.5279036458333328,0.5,False
Energy distance,2.0,0.5,0.01,excess_clipped,3.9443702220693226,2.9139248072568074,4.939179241884787,0.9666666666666667,True
MMD-RBF,2.0,0.5,0.01,excess_clipped,1.9644169464346097,1.1921016721732127,2.8219294010477354,0.8,True
KS-max,2.0,0.5,0.01,excess_clipped,1.0315225923012088,0.12427584567949711,2.157576491072994,0.6,True
JSD,2.0,0.5,0.01,excess_clipped,1.2001269857679726,0.35343436128270683,2.2101716376608977,0.6666666666666666,True
QK-MMD PauliXZ,2.0,0.5,0.01,excess_clipped,0.5464875802013947,-0.2865842399731385,1.5392392126719752,0.5,False
Energy distance,2.0,0.5,0.05,excess_clipped,3.281226110346615,2.247380652603766,4.277243401013771,0.9,True
MMD-RBF,2.0,0.5,0.05,excess_clipped,1.4533347321730496,0.6807812434723457,2.309805255163349,0.7666666666666667,True
KS-max,2.0,0.5,0.05,excess_clipped,0.3805296281727108,-0.5232135127947357,1.5044845759198058,0.4666666666666667,False
JSD,2.0,0.5,0.05,excess_clipped,0.5339682621731965,-0.3140504902095419,1.543865243738919,0.5,False
QK-MMD PauliXZ,2.0,0.5,0.05,excess_clipped,0.5918129010069727,-0.24210374313195165,1.5854856414868648,0.5,False
Energy distance,2.0,0.5,0.1,excess_clipped,2.4522959706932306,1.415917751731419,3.448004276020452,0.8333333333333334,True
MMD-RBF,2.0,0.5,0.1,excess_clipped,0.8144819643460989,0.04090382269521555,1.6685577517630488,0.6666666666666666,True
KS-max,2.0,0.5,0.1,excess_clipped,-0.43321157698791163,-1.3343375772389894,0.6886004895766479,0.3333333333333333,False
JSD,2.0,0.5,0.1,excess_clipped,-0.2987301423202735,-1.1471789097429237,0.7135836672539004,0.4,False
QK-MMD PauliXZ,2.0,0.5,0.1,excess_clipped,0.6484695520139453,-0.18584492694187793,1.6431788322118028,0.5333333333333333,False
Energy distance,2.0,1.0,0.0,excess_clipped,4.01015625,2.9653645833333333,5.035416666666666,0.9333333333333333,True
MMD-RBF,2.0,1.0,0.0,excess_clipped,1.8255208333333333,1.0632486979166667,2.682311197916666,0.8333333333333334,True
KS-max,2.0,1.0,0.0,excess_clipped,1.0276041666666667,-0.022428385416666637,2.3281445312499995,0.6333333333333333,False
JSD,2.0,1.0,0.0,excess_clipped,1.4833333333333334,0.592421875,2.4703320312499994,0.7333333333333333,True
QK-MMD PauliXZ,2.0,1.0,0.0,excess_clipped,0.3684895833333333,-0.4565169270833333,1.3565234374999997,0.5,False
Energy distance,2.0,1.0,0.01,excess_clipped,3.8443702220693226,2.800309497943971,4.86886801023006,0.9333333333333333,True
MMD-RBF,2.0,1.0,0.01,excess_clipped,1.6977502797679433,0.9359294548569771,2.5551222749170717,0.8333333333333334,True
KS-max,2.0,1.0,0.01,excess_clipped,0.864855925634542,-0.18468698096930644,2.1644614166434706,0.6,False
JSD,2.0,1.0,0.01,excess_clipped,1.3167936524346393,0.4252685192424096,2.304254067023267,0.7333333333333333,True
QK-MMD PauliXZ,2.0,1.0,0.01,excess_clipped,0.37982091353472797,-0.4449413450032578,1.3676070165150782,0.5,False
Energy distance,2.0,1.0,0.05,excess_clipped,3.181226110346615,2.1334606099873636,4.2092444951357955,0.9333333333333333,True
MMD-RBF,2.0,1.0,0.05,excess_clipped,1.1866680655063828,0.42601381058216303,2.0423981797529023,0.7333333333333333,True
KS-max,2.0,1.0,0.05,excess_clipped,0.2138629615060442,-0.8342575208126606,1.5125819067687982,0.4,False
JSD,2.0,1.0,0.05,excess_clipped,0.6506349288398634,-0.24046037168244475,1.6382632665565324,0.5333333333333333,False
QK-MMD PauliXZ,2.0,1.0,0.05,excess_clipped,0.425146234340306,-0.4008629205387309,1.4118973523670382,0.5,False
Energy distance,2.0,1.0,0.1,excess_clipped,2.352295970693231,1.3020554839326846,3.3820401759241543,0.8,True
MMD-RBF,2.0,1.0,0.1,excess_clipped,0.5478152976794324,-0.21151199252362127,1.4024087409858956,0.6,False
KS-max,2.0,1.0,0.1,excess_clipped,-0.5998782436545782,-1.6471273917441627,0.6962619282340254,0.3333333333333333,False
JSD,2.0,1.0,0.1,excess_clipped,-0.18206347565360678,-1.073839897686286,0.8047376656322448,0.4,False
QK-MMD PauliXZ,2.0,1.0,0.1,excess_clipped,0.4818028853472788,-0.34646885764991747,1.468229121414769,0.5,False
Energy distance,2.0,2.0,0.0,excess_clipped,3.81015625,2.659895833333333,5.004192708333333,0.9,True
MMD-RBF,2.0,2.0,0.0,excess_clipped,1.2921875,0.44134765625000005,2.2515690104166666,0.7333333333333333,True
KS-max,2.0,2.0,0.0,excess_clipped,0.6942708333333333,-0.7193033854166666,2.3705794270833334,0.5,False
JSD,2.0,2.0,0.0,excess_clipped,1.7166666666666666,0.5981315104166667,2.826041666666667,0.7333333333333333,True
QK-MMD PauliXZ,2.0,2.0,0.0,excess_clipped,0.03515625,-0.9177213541666667,1.1086067708333331,0.4666666666666667,False
Energy distance,2.0,2.0,0.01,excess_clipped,3.6443702220693224,2.4932939832592194,4.838837093519546,0.9,True
MMD-RBF,2.0,2.0,0.01,excess_clipped,1.1644169464346101,0.31372175946163383,2.123330812893379,0.7333333333333333,True
KS-max,2.0,2.0,0.01,excess_clipped,0.5315225923012089,-0.8814605524493876,2.207714069134084,0.5,False
JSD,2.0,2.0,0.01,excess_clipped,1.5501269857679725,0.4315533697107272,2.658587697674637,0.7333333333333333,True
QK-MMD PauliXZ,2.0,2.0,0.01,excess_clipped,0.04648758020139455,-0.906526404477588,1.1201343989700079,0.4666666666666667,False
Energy distance,2.0,2.0,0.05,excess_clipped,2.9812261103466144,1.8269895452463099,4.174687661245197,0.8333333333333334,True
MMD-RBF,2.0,2.0,0.05,excess_clipped,0.6533347321730496,-0.19357204462890512,1.605857271331541,0.6666666666666666,False
KS-max,2.0,2.0,0.05,excess_clipped,-0.11947037182728915,-1.530784850708539,1.5562526373370877,0.4,False
JSD,2.0,2.0,0.05,excess_clipped,0.8839682621731967,-0.2325225906663595,1.9923035455981297,0.6,False
QK-MMD PauliXZ,2.0,2.0,0.05,excess_clipped,0.09181290100697258,-0.8617814992065638,1.1647813700585343,0.4666666666666667,False
Energy distance,2.0,2.0,0.1,excess_clipped,2.152295970693231,0.9956786582180647,3.344279557491934,0.7666666666666667,True
MMD-RBF,2.0,2.0,0.1,excess_clipped,0.014481964346099037,-0.8282234215752978,0.9628239771481113,0.5,False
KS-max,2.0,2.0,0.1,excess_clipped,-0.9332115769879115,-2.342103226510439,0.7395405047017266,0.36666666666666664,False
JSD,2.0,2.0,0.1,excess_clipped,0.05126985767972648,-1.066164966373879,1.1581317988906703,0.5333333333333333,False
QK-MMD PauliXZ,2.0,2.0,0.1,excess_clipped,0.1484695520139455,-0.8054840421898115,1.2218648298757226,0.4666666666666667,False
