scenario,policy,candidate_size,arm,seed,ba,attack_f1,attack_recall,fpr,triggers,candidates_trained,commits,rejects,labels_total,labels_probe,labels_monitor,labels_candidate
ps_full,never,n/a,bh_ps_full_never,5001,0.812109375,0.7765546959373958,,,0,0,0,0,0,0,0,0
ps_full,never,n/a,bh_ps_full_never,5002,0.949921875,0.9510524231085377,,,0,0,0,0,0,0,0,0
ps_full,never,n/a,bh_ps_full_never,5003,0.798671875,0.7614354392138649,,,0,0,0,0,0,0,0,0
ps_full,never,n/a,bh_ps_full_never,5004,0.80375,0.7668565281289221,,,0,0,0,0,0,0,0,0
ps_full,never,n/a,bh_ps_full_never,5005,0.809375,0.7733796269850544,,,0,0,0,0,0,0,0,0
ps_full,never,n/a,bh_ps_full_never,5006,0.869375,0.8839122025000329,,,0,0,0,0,0,0,0,0
ps_full,never,n/a,bh_ps_full_never,5007,0.95328125,0.9551163617170324,,,0,0,0,0,0,0,0,0
ps_full,never,n/a,bh_ps_full_never,5008,0.956015625,0.9573889873809148,,,0,0,0,0,0,0,0,0
ps_full,never,n/a,bh_ps_full_never,5009,0.808359375,0.7759190930713932,,,0,0,0,0,0,0,0,0
ps_full,never,n/a,bh_ps_full_never,5010,0.80859375,0.7743621925880148,,,0,0,0,0,0,0,0,0
ps_full,never,n/a,bh_ps_full_never,5011,0.81640625,0.780436905643694,,,0,0,0,0,0,0,0,0
ps_full,never,n/a,bh_ps_full_never,5012,0.9546875,0.9559555817310048,,,0,0,0,0,0,0,0,0
ps_full,never,n/a,bh_ps_full_never,5013,0.795625,0.7642237930327195,,,0,0,0,0,0,0,0,0
ps_full,never,n/a,bh_ps_full_never,5014,0.948984375,0.9497972357418822,,,0,0,0,0,0,0,0,0
ps_full,never,n/a,bh_ps_full_never,5015,0.812265625,0.7770532986576594,,,0,0,0,0,0,0,0,0
ps_full,never,n/a,bh_ps_full_never,5016,0.812109375,0.7823902212403047,,,0,0,0,0,0,0,0,0
ps_full,never,n/a,bh_ps_full_never,5017,0.81234375,0.7747194236473561,,,0,0,0,0,0,0,0,0
ps_full,never,n/a,bh_ps_full_never,5018,0.87109375,0.8861167696615156,,,0,0,0,0,0,0,0,0
ps_full,never,n/a,bh_ps_full_never,5019,0.8015625,0.7656603784802081,,,0,0,0,0,0,0,0,0
ps_full,never,n/a,bh_ps_full_never,5020,0.81703125,0.7839873217887717,,,0,0,0,0,0,0,0,0
ps_full,never,n/a,bh_ps_full_never,5021,0.80515625,0.768996661707388,,,0,0,0,0,0,0,0,0
ps_full,never,n/a,bh_ps_full_never,5022,0.809609375,0.7753461969906321,,,0,0,0,0,0,0,0,0
ps_full,never,n/a,bh_ps_full_never,5023,0.8878125,0.8828566158763346,,,0,0,0,0,0,0,0,0
ps_full,never,n/a,bh_ps_full_never,5024,0.939375,0.9414757475673958,,,0,0,0,0,0,0,0,0
ps_full,never,n/a,bh_ps_full_never,5025,0.931015625,0.932022631692655,,,0,0,0,0,0,0,0,0
ps_full,never,n/a,bh_ps_full_never,5026,0.825,0.7918549219009263,,,0,0,0,0,0,0,0,0
ps_full,never,n/a,bh_ps_full_never,5027,0.943671875,0.9453484436275251,,,0,0,0,0,0,0,0,0
ps_full,never,n/a,bh_ps_full_never,5028,0.95265625,0.9541510335323901,,,0,0,0,0,0,0,0,0
ps_full,never,n/a,bh_ps_full_never,5029,0.881953125,0.8919039934896129,,,0,0,0,0,0,0,0,0
ps_full,never,n/a,bh_ps_full_never,5030,0.808515625,0.7732689903746581,,,0,0,0,0,0,0,0,0
ps_full,naive,2000,bh_ps_full_naive_2000,5001,0.958046875,0.9592247037126035,0.9821875,0.06609375,3,3,3,0,0,0,0,12000
ps_full,naive,2000,bh_ps_full_naive_2000,5002,0.964375,0.9655597101942465,0.99140625,0.06265625,3,3,3,0,0,0,0,12000
ps_full,naive,2000,bh_ps_full_naive_2000,5003,0.952890625,0.9537917114580436,0.97375,0.06796875,3,3,3,0,0,0,0,12000
ps_full,naive,2000,bh_ps_full_naive_2000,5004,0.9578125,0.9585579920502582,0.975625,0.06,3,3,3,0,0,0,0,12000
ps_full,naive,2000,bh_ps_full_naive_2000,5005,0.955,0.9561245859209246,0.97640625,0.06640625,4,4,4,0,0,0,0,16000
ps_full,naive,2000,bh_ps_full_naive_2000,5006,0.95265625,0.9548903700510827,0.97984375,0.07453125,5,5,5,0,0,0,0,20000
ps_full,naive,2000,bh_ps_full_naive_2000,5007,0.96015625,0.9613001468484572,0.9846875,0.064375,3,3,3,0,0,0,0,12000
ps_full,naive,2000,bh_ps_full_naive_2000,5008,0.960546875,0.9619067931552187,0.9878125,0.06671875,5,5,5,0,0,0,0,20000
ps_full,naive,2000,bh_ps_full_naive_2000,5009,0.9371875,0.9413026782117061,0.9790625,0.1046875,4,4,4,0,0,0,0,16000
ps_full,naive,2000,bh_ps_full_naive_2000,5010,0.94890625,0.9483663666928716,0.9509375,0.053125,3,3,3,0,0,0,0,12000
ps_full,naive,2000,bh_ps_full_naive_2000,5011,0.962890625,0.963736497110208,0.97921875,0.0534375,4,4,4,0,0,0,0,16000
ps_full,naive,2000,bh_ps_full_naive_2000,5012,0.96234375,0.9628586211038784,0.97703125,0.05234375,4,4,4,0,0,0,0,16000
ps_full,naive,2000,bh_ps_full_naive_2000,5013,0.95109375,0.9517966402339931,0.96578125,0.06359375,3,3,3,0,0,0,0,12000
ps_full,naive,2000,bh_ps_full_naive_2000,5014,0.966171875,0.9672850283908542,0.99046875,0.058125,3,3,3,0,0,0,0,12000
ps_full,naive,2000,bh_ps_full_naive_2000,5015,0.959296875,0.9600488467063159,0.976875,0.05828125,3,3,3,0,0,0,0,12000
ps_full,naive,2000,bh_ps_full_naive_2000,5016,0.950546875,0.9518398407694041,0.97421875,0.073125,4,4,4,0,0,0,0,16000
ps_full,naive,2000,bh_ps_full_naive_2000,5017,0.9509375,0.9523708628479995,0.976875,0.075,3,3,3,0,0,0,0,12000
ps_full,naive,2000,bh_ps_full_naive_2000,5018,0.943515625,0.9481690439797618,0.9928125,0.10578125,3,3,3,0,0,0,0,12000
ps_full,naive,2000,bh_ps_full_naive_2000,5019,0.9503125,0.9510096766274474,0.9678125,0.0671875,3,3,3,0,0,0,0,12000
ps_full,naive,2000,bh_ps_full_naive_2000,5020,0.949296875,0.9495584872372373,0.95796875,0.059375,3,3,3,0,0,0,0,12000
ps_full,naive,2000,bh_ps_full_naive_2000,5021,0.958203125,0.9598395747402411,0.99109375,0.0746875,4,4,4,0,0,0,0,16000
ps_full,naive,2000,bh_ps_full_naive_2000,5022,0.952890625,0.9536460963635102,0.97203125,0.06625,3,3,3,0,0,0,0,12000
ps_full,naive,2000,bh_ps_full_naive_2000,5023,0.96203125,0.9627751028356016,0.9796875,0.055625,4,4,4,0,0,0,0,16000
ps_full,naive,2000,bh_ps_full_naive_2000,5024,0.9496875,0.9501511230963571,0.9615625,0.0621875,4,4,4,0,0,0,0,16000
ps_full,naive,2000,bh_ps_full_naive_2000,5025,0.9528125,0.9546142850602846,0.98125,0.075625,4,4,4,0,0,0,0,16000
ps_full,naive,2000,bh_ps_full_naive_2000,5026,0.956953125,0.9577072281329038,0.9746875,0.06078125,3,3,3,0,0,0,0,12000
ps_full,naive,2000,bh_ps_full_naive_2000,5027,0.95703125,0.9589297222069333,0.99015625,0.07609375,3,3,3,0,0,0,0,12000
ps_full,naive,2000,bh_ps_full_naive_2000,5028,0.9659375,0.966763708911166,0.98328125,0.05140625,4,4,4,0,0,0,0,16000
ps_full,naive,2000,bh_ps_full_naive_2000,5029,0.929765625,0.9347281881914317,0.9784375,0.11890625,3,3,3,0,0,0,0,12000
ps_full,naive,2000,bh_ps_full_naive_2000,5030,0.95,0.9500926588456765,0.9575,0.0575,3,3,3,0,0,0,0,12000
ps_full,point,2000,bh_ps_full_point_2000,5001,0.961796875,0.9630109533356778,0.98671875,0.063125,4,4,3,1,128,128,0,16000
ps_full,point,2000,bh_ps_full_point_2000,5002,0.964921875,0.9660587800443227,0.99046875,0.060625,3,3,2,1,96,96,0,12000
ps_full,point,2000,bh_ps_full_point_2000,5003,0.952890625,0.9537917114580436,0.97375,0.06796875,3,3,3,0,96,96,0,12000
ps_full,point,2000,bh_ps_full_point_2000,5004,0.948359375,0.948191620532105,0.95734375,0.060625,4,4,3,1,128,128,0,16000
ps_full,point,2000,bh_ps_full_point_2000,5005,0.952890625,0.9543153631625608,0.97890625,0.073125,4,4,3,1,128,128,0,16000
ps_full,point,2000,bh_ps_full_point_2000,5006,0.953515625,0.955842385068415,0.9828125,0.07578125,5,5,4,1,160,160,0,20000
ps_full,point,2000,bh_ps_full_point_2000,5007,0.9584375,0.9597865165458295,0.98765625,0.07078125,4,4,3,1,128,128,0,16000
ps_full,point,2000,bh_ps_full_point_2000,5008,0.960625,0.9618889244910923,0.98734375,0.06609375,5,5,3,2,160,160,0,20000
ps_full,point,2000,bh_ps_full_point_2000,5009,0.9525,0.9530118041379332,0.968125,0.063125,5,5,3,2,160,160,0,20000
ps_full,point,2000,bh_ps_full_point_2000,5010,0.94890625,0.9483663666928716,0.9509375,0.053125,3,3,3,0,96,96,0,12000
ps_full,point,2000,bh_ps_full_point_2000,5011,0.962890625,0.963736497110208,0.97921875,0.0534375,4,4,4,0,128,128,0,16000
ps_full,point,2000,bh_ps_full_point_2000,5012,0.96578125,0.9667268431387274,0.9865625,0.055,6,6,2,4,192,192,0,24000
ps_full,point,2000,bh_ps_full_point_2000,5013,0.950546875,0.9518569232476055,0.9753125,0.07421875,3,3,2,1,96,96,0,12000
ps_full,point,2000,bh_ps_full_point_2000,5014,0.968203125,0.9689619779346398,0.98703125,0.050625,4,4,2,2,128,128,0,16000
ps_full,point,2000,bh_ps_full_point_2000,5015,0.96046875,0.9612772963842131,0.979375,0.0584375,4,4,3,1,128,128,0,16000
ps_full,point,2000,bh_ps_full_point_2000,5016,0.956640625,0.9579877170811835,0.98140625,0.068125,5,5,3,2,160,160,0,20000
ps_full,point,2000,bh_ps_full_point_2000,5017,0.9509375,0.9523708628479995,0.976875,0.075,3,3,3,0,96,96,0,12000
ps_full,point,2000,bh_ps_full_point_2000,5018,0.943515625,0.9481690439797618,0.9928125,0.10578125,3,3,3,0,96,96,0,12000
ps_full,point,2000,bh_ps_full_point_2000,5019,0.952734375,0.9534801277521165,0.9709375,0.06546875,4,4,3,1,128,128,0,16000
ps_full,point,2000,bh_ps_full_point_2000,5020,0.949296875,0.9495584872372373,0.95796875,0.059375,3,3,3,0,96,96,0,12000
ps_full,point,2000,bh_ps_full_point_2000,5021,0.95921875,0.9609151408698018,0.993125,0.0746875,7,7,3,4,224,224,0,28000
ps_full,point,2000,bh_ps_full_point_2000,5022,0.952890625,0.9536460963635102,0.97203125,0.06625,3,3,3,0,96,96,0,12000
ps_full,point,2000,bh_ps_full_point_2000,5023,0.96203125,0.9627751028356016,0.9796875,0.055625,4,4,4,0,128,128,0,16000
ps_full,point,2000,bh_ps_full_point_2000,5024,0.9496875,0.9501511230963571,0.9615625,0.0621875,4,4,4,0,128,128,0,16000
ps_full,point,2000,bh_ps_full_point_2000,5025,0.9528125,0.9546142850602846,0.98125,0.075625,4,4,4,0,128,128,0,16000
ps_full,point,2000,bh_ps_full_point_2000,5026,0.956953125,0.9577072281329038,0.9746875,0.06078125,3,3,3,0,96,96,0,12000
ps_full,point,2000,bh_ps_full_point_2000,5027,0.95703125,0.9589297222069333,0.99015625,0.07609375,3,3,3,0,96,96,0,12000
ps_full,point,2000,bh_ps_full_point_2000,5028,0.9659375,0.966763708911166,0.98328125,0.05140625,4,4,4,0,128,128,0,16000
ps_full,point,2000,bh_ps_full_point_2000,5029,0.929765625,0.9347281881914317,0.9784375,0.11890625,3,3,3,0,96,96,0,12000
ps_full,point,2000,bh_ps_full_point_2000,5030,0.952421875,0.9529883091119222,0.969375,0.06453125,4,4,2,2,128,128,0,16000
ps_full,strict,2000,bh_ps_full_strict_2000,5001,0.956015625,0.9577860828801081,0.98828125,0.07625,5,5,2,3,160,160,0,20000
ps_full,strict,2000,bh_ps_full_strict_2000,5002,0.96,0.9615354325147457,0.99296875,0.07296875,5,5,2,3,160,160,0,20000
ps_full,strict,2000,bh_ps_full_strict_2000,5003,0.93546875,0.9359509507203502,0.95265625,0.08171875,5,5,2,3,160,160,0,20000
ps_full,strict,2000,bh_ps_full_strict_2000,5004,0.94625,0.9461657688126163,0.95703125,0.06453125,4,4,2,2,128,128,0,16000
ps_full,strict,2000,bh_ps_full_strict_2000,5005,0.952890625,0.9543153631625608,0.97890625,0.073125,4,4,3,1,128,128,0,16000
ps_full,strict,2000,bh_ps_full_strict_2000,5006,0.953359375,0.9563422960887118,0.995625,0.08890625,6,6,2,4,192,192,0,24000
ps_full,strict,2000,bh_ps_full_strict_2000,5007,0.96015625,0.9617079624433724,0.99203125,0.07171875,6,6,1,5,192,192,0,24000
ps_full,strict,2000,bh_ps_full_strict_2000,5008,0.963046875,0.9641842975962461,0.98765625,0.0615625,7,7,1,6,224,224,0,28000
ps_full,strict,2000,bh_ps_full_strict_2000,5009,0.9465625,0.9475207019851335,0.96609375,0.07296875,7,7,2,5,224,224,0,28000
ps_full,strict,2000,bh_ps_full_strict_2000,5010,0.949609375,0.949656256472127,0.96234375,0.063125,5,5,2,3,160,160,0,20000
ps_full,strict,2000,bh_ps_full_strict_2000,5011,0.960859375,0.9620492658944354,0.98578125,0.0640625,6,6,2,4,192,192,0,24000
ps_full,strict,2000,bh_ps_full_strict_2000,5012,0.96578125,0.9667268431387274,0.9865625,0.055,6,6,2,4,192,192,0,24000
ps_full,strict,2000,bh_ps_full_strict_2000,5013,0.951015625,0.9527453822335414,0.98328125,0.08125,5,5,2,3,160,160,0,20000
ps_full,strict,2000,bh_ps_full_strict_2000,5014,0.968203125,0.9689619779346398,0.98703125,0.050625,4,4,2,2,128,128,0,16000
ps_full,strict,2000,bh_ps_full_strict_2000,5015,0.95796875,0.9588188770411392,0.9778125,0.061875,5,5,3,2,160,160,0,20000
ps_full,strict,2000,bh_ps_full_strict_2000,5016,0.945,0.945661632365545,0.9609375,0.0709375,7,7,2,5,224,224,0,28000
ps_full,strict,2000,bh_ps_full_strict_2000,5017,0.952890625,0.9544041483273693,0.98171875,0.0759375,6,6,2,4,192,192,0,24000
ps_full,strict,2000,bh_ps_full_strict_2000,5018,0.943515625,0.9481690439797618,0.9928125,0.10578125,3,3,3,0,96,96,0,12000
ps_full,strict,2000,bh_ps_full_strict_2000,5019,0.937265625,0.9390883459231896,0.97109375,0.0965625,6,6,1,5,192,192,0,24000
ps_full,strict,2000,bh_ps_full_strict_2000,5020,0.946953125,0.9472754192927496,0.9575,0.06359375,4,4,2,2,128,128,0,16000
ps_full,strict,2000,bh_ps_full_strict_2000,5021,0.95921875,0.9609151408698018,0.993125,0.0746875,7,7,3,4,224,224,0,28000
ps_full,strict,2000,bh_ps_full_strict_2000,5022,0.955390625,0.9560147211875372,0.97140625,0.060625,5,5,2,3,160,160,0,20000
ps_full,strict,2000,bh_ps_full_strict_2000,5023,0.962734375,0.9637723609034683,0.986875,0.06140625,6,6,3,3,192,192,0,24000
ps_full,strict,2000,bh_ps_full_strict_2000,5024,0.958828125,0.9605167001923678,0.98875,0.07109375,5,5,3,2,160,160,0,20000
ps_full,strict,2000,bh_ps_full_strict_2000,5025,0.9484375,0.9507551362539651,0.98546875,0.08859375,3,3,2,1,96,96,0,12000
ps_full,strict,2000,bh_ps_full_strict_2000,5026,0.950390625,0.9510904446564353,0.96671875,0.0659375,5,5,2,3,160,160,0,20000
ps_full,strict,2000,bh_ps_full_strict_2000,5027,0.955390625,0.9567306513657584,0.97953125,0.06875,6,6,1,5,192,192,0,24000
ps_full,strict,2000,bh_ps_full_strict_2000,5028,0.96234375,0.9633967943966307,0.98453125,0.05984375,4,4,3,1,128,128,0,16000
ps_full,strict,2000,bh_ps_full_strict_2000,5029,0.92765625,0.9326749706826962,0.97734375,0.12203125,5,5,2,3,160,160,0,20000
ps_full,strict,2000,bh_ps_full_strict_2000,5030,0.9478125,0.9486909994349452,0.97171875,0.07609375,6,6,2,4,192,192,0,24000
ps_full,atc,2000,bh_ps_full_atc_2000,5001,0.890859375,0.8786002607772254,0.8421875,0.06046875,6,6,1,5,0,0,0,24000
ps_full,atc,2000,bh_ps_full_atc_2000,5002,0.9628125,0.9641681314304295,0.9921875,0.0665625,4,4,2,2,0,0,0,16000
ps_full,atc,2000,bh_ps_full_atc_2000,5003,0.952890625,0.9537917114580436,0.97375,0.06796875,3,3,3,0,0,0,0,12000
ps_full,atc,2000,bh_ps_full_atc_2000,5004,0.949765625,0.9497603592286368,0.960625,0.06109375,4,4,2,2,0,0,0,16000
ps_full,atc,2000,bh_ps_full_atc_2000,5005,0.919375,0.9143358183019695,0.8959375,0.0571875,5,5,2,3,0,0,0,20000
ps_full,atc,2000,bh_ps_full_atc_2000,5006,0.95203125,0.9547421224739213,0.9890625,0.085,6,6,3,3,0,0,0,24000
ps_full,atc,2000,bh_ps_full_atc_2000,5007,0.960859375,0.9623942419188407,0.991875,0.07015625,4,4,3,1,0,0,0,16000
ps_full,atc,2000,bh_ps_full_atc_2000,5008,0.96078125,0.9623297292925619,0.99265625,0.07109375,7,7,3,4,0,0,0,28000
ps_full,atc,2000,bh_ps_full_atc_2000,5009,0.948125,0.949040279560287,0.9659375,0.0696875,6,6,3,3,0,0,0,24000
ps_full,atc,2000,bh_ps_full_atc_2000,5010,0.949921875,0.9496768851666737,0.95734375,0.0575,4,4,2,2,0,0,0,16000
ps_full,atc,2000,bh_ps_full_atc_2000,5011,0.956171875,0.9565500023963236,0.96984375,0.0575,5,5,2,3,0,0,0,20000
ps_full,atc,2000,bh_ps_full_atc_2000,5012,0.965390625,0.9667580862643395,0.99546875,0.0646875,6,6,3,3,0,0,0,24000
ps_full,atc,2000,bh_ps_full_atc_2000,5013,0.950546875,0.9518569232476055,0.9753125,0.07421875,3,3,2,1,0,0,0,12000
ps_full,atc,2000,bh_ps_full_atc_2000,5014,0.967578125,0.9686900010697951,0.99125,0.05609375,4,4,3,1,0,0,0,16000
ps_full,atc,2000,bh_ps_full_atc_2000,5015,0.9578125,0.9586101644877677,0.9759375,0.0603125,4,4,3,1,0,0,0,16000
ps_full,atc,2000,bh_ps_full_atc_2000,5016,0.956875,0.9580885547959962,0.97859375,0.06484375,5,5,4,1,0,0,0,20000
ps_full,atc,2000,bh_ps_full_atc_2000,5017,0.93828125,0.9365299733612666,0.9340625,0.0575,6,6,2,4,0,0,0,24000
ps_full,atc,2000,bh_ps_full_atc_2000,5018,0.943515625,0.9481690439797618,0.9928125,0.10578125,3,3,3,0,0,0,0,12000
ps_full,atc,2000,bh_ps_full_atc_2000,5019,0.9503125,0.9510096766274474,0.9678125,0.0671875,3,3,3,0,0,0,0,12000
ps_full,atc,2000,bh_ps_full_atc_2000,5020,0.943203125,0.9420273321022694,0.943125,0.05671875,3,3,2,1,0,0,0,12000
ps_full,atc,2000,bh_ps_full_atc_2000,5021,0.96234375,0.9636142220128079,0.98671875,0.06203125,5,5,4,1,0,0,0,20000
ps_full,atc,2000,bh_ps_full_atc_2000,5022,0.927734375,0.9256835902524513,0.92484375,0.069375,6,6,2,4,0,0,0,24000
ps_full,atc,2000,bh_ps_full_atc_2000,5023,0.963671875,0.9648264648838983,0.9896875,0.06234375,6,6,3,3,0,0,0,24000
ps_full,atc,2000,bh_ps_full_atc_2000,5024,0.9575,0.9594668628364793,0.99359375,0.07859375,5,5,3,2,0,0,0,20000
ps_full,atc,2000,bh_ps_full_atc_2000,5025,0.9484375,0.9507551362539651,0.98546875,0.08859375,3,3,2,1,0,0,0,12000
ps_full,atc,2000,bh_ps_full_atc_2000,5026,0.901875,0.8913858965507592,0.8546875,0.0509375,5,5,1,4,0,0,0,20000
ps_full,atc,2000,bh_ps_full_atc_2000,5027,0.9521875,0.9543496802665737,0.990625,0.08625,5,5,3,2,0,0,0,20000
ps_full,atc,2000,bh_ps_full_atc_2000,5028,0.9671875,0.9681620138921477,0.9890625,0.0546875,5,5,3,2,0,0,0,20000
ps_full,atc,2000,bh_ps_full_atc_2000,5029,0.926640625,0.9326772338635719,0.98703125,0.13375,4,4,2,2,0,0,0,16000
ps_full,atc,2000,bh_ps_full_atc_2000,5030,0.95109375,0.9518174283845133,0.9715625,0.069375,5,5,2,3,0,0,0,20000
ps_full,doc,2000,bh_ps_full_doc_2000,5001,0.890859375,0.8786002607772254,0.8421875,0.06046875,6,6,1,5,0,0,0,24000
ps_full,doc,2000,bh_ps_full_doc_2000,5002,0.9546875,0.9566084425148306,0.99390625,0.08453125,6,6,1,5,0,0,0,24000
ps_full,doc,2000,bh_ps_full_doc_2000,5003,0.949375,0.9504770203668151,0.97359375,0.07484375,4,4,3,1,0,0,0,16000
ps_full,doc,2000,bh_ps_full_doc_2000,5004,0.84109375,0.815572029966416,0.75859375,0.07640625,7,7,1,6,0,0,0,28000
ps_full,doc,2000,bh_ps_full_doc_2000,5005,0.950078125,0.9500628966721956,0.96296875,0.0628125,5,5,2,3,0,0,0,20000
ps_full,doc,2000,bh_ps_full_doc_2000,5006,0.953359375,0.9563422960887118,0.995625,0.08890625,6,6,2,4,0,0,0,24000
ps_full,doc,2000,bh_ps_full_doc_2000,5007,0.961796875,0.9629191110479465,0.9871875,0.06359375,5,5,2,3,0,0,0,20000
ps_full,doc,2000,bh_ps_full_doc_2000,5008,0.9621875,0.9635149805686538,0.99,0.065625,5,5,2,3,0,0,0,20000
ps_full,doc,2000,bh_ps_full_doc_2000,5009,0.856015625,0.8361660171112878,0.78578125,0.07375,7,7,1,6,0,0,0,28000
ps_full,doc,2000,bh_ps_full_doc_2000,5010,0.949609375,0.949656256472127,0.96234375,0.063125,5,5,2,3,0,0,0,20000
ps_full,doc,2000,bh_ps_full_doc_2000,5011,0.94578125,0.9451140606201672,0.95125,0.0596875,7,7,2,5,0,0,0,28000
ps_full,doc,2000,bh_ps_full_doc_2000,5012,0.95984375,0.9616012063974262,0.9940625,0.074375,7,7,2,5,0,0,0,28000
ps_full,doc,2000,bh_ps_full_doc_2000,5013,0.9465625,0.9469536841830744,0.9621875,0.0690625,5,5,2,3,0,0,0,20000
ps_full,doc,2000,bh_ps_full_doc_2000,5014,0.964453125,0.9655523759733959,0.989375,0.06046875,6,6,3,3,0,0,0,24000
ps_full,doc,2000,bh_ps_full_doc_2000,5015,0.878828125,0.863686908743236,0.81953125,0.061875,6,6,1,5,0,0,0,24000
ps_full,doc,2000,bh_ps_full_doc_2000,5016,0.956640625,0.9579877170811835,0.98140625,0.068125,5,5,3,2,0,0,0,20000
ps_full,doc,2000,bh_ps_full_doc_2000,5017,0.9509375,0.9503064978106558,0.9528125,0.0509375,4,4,3,1,0,0,0,16000
ps_full,doc,2000,bh_ps_full_doc_2000,5018,0.94078125,0.9457008645216121,0.996875,0.1153125,5,5,3,2,0,0,0,20000
ps_full,doc,2000,bh_ps_full_doc_2000,5019,0.860078125,0.8406048164740401,0.79203125,0.071875,6,6,1,5,0,0,0,24000
ps_full,doc,2000,bh_ps_full_doc_2000,5020,0.943203125,0.9420273321022694,0.943125,0.05671875,3,3,2,1,0,0,0,12000
ps_full,doc,2000,bh_ps_full_doc_2000,5021,0.8503125,0.8278085291296362,0.77359375,0.07296875,8,8,1,7,0,0,0,32000
ps_full,doc,2000,bh_ps_full_doc_2000,5022,0.865390625,0.8469806697263381,0.79953125,0.06875,6,6,1,5,0,0,0,24000
ps_full,doc,2000,bh_ps_full_doc_2000,5023,0.96203125,0.9633335936300456,0.99015625,0.06609375,7,7,2,5,0,0,0,28000
ps_full,doc,2000,bh_ps_full_doc_2000,5024,0.95703125,0.9586529601697582,0.98671875,0.07265625,4,4,2,2,0,0,0,16000
ps_full,doc,2000,bh_ps_full_doc_2000,5025,0.956015625,0.9573842250163618,0.9840625,0.07203125,5,5,1,4,0,0,0,20000
ps_full,doc,2000,bh_ps_full_doc_2000,5026,0.851640625,0.8257026735121517,0.7553125,0.05203125,7,7,1,6,0,0,0,28000
ps_full,doc,2000,bh_ps_full_doc_2000,5027,0.951640625,0.9538165035196566,0.990625,0.08734375,5,5,2,3,0,0,0,20000
ps_full,doc,2000,bh_ps_full_doc_2000,5028,0.9671875,0.9681620138921477,0.9890625,0.0546875,5,5,3,2,0,0,0,20000
ps_full,doc,2000,bh_ps_full_doc_2000,5029,0.929765625,0.9347281881914317,0.9784375,0.11890625,3,3,3,0,0,0,0,12000
ps_full,doc,2000,bh_ps_full_doc_2000,5030,0.945234375,0.9462511352686974,0.971875,0.08140625,6,6,1,5,0,0,0,24000
ps_full,enscal,2000,bh_ps_full_enscal_2000,5001,0.943828125,0.941681550335444,0.93390625,0.04625,3,3,3,0,0,0,0,12000
ps_full,enscal,2000,bh_ps_full_enscal_2000,5002,0.969296875,0.9700649303189358,0.9890625,0.05046875,3,3,3,0,0,0,0,12000
ps_full,enscal,2000,bh_ps_full_enscal_2000,5003,0.934921875,0.9314121750846361,0.92109375,0.05125,3,3,3,0,0,0,0,12000
ps_full,enscal,2000,bh_ps_full_enscal_2000,5004,0.9384375,0.9357733384099716,0.92921875,0.05234375,3,3,3,0,0,0,0,12000
ps_full,enscal,2000,bh_ps_full_enscal_2000,5005,0.951328125,0.9499818178684148,0.95140625,0.04875,4,4,4,0,0,0,0,16000
ps_full,enscal,2000,bh_ps_full_enscal_2000,5006,0.956015625,0.9580170967293552,0.97984375,0.0678125,5,5,5,0,0,0,0,20000
ps_full,enscal,2000,bh_ps_full_enscal_2000,5007,0.969453125,0.9703750080679322,0.99328125,0.054375,3,3,3,0,0,0,0,12000
ps_full,enscal,2000,bh_ps_full_enscal_2000,5008,0.968125,0.9687954767070514,0.98609375,0.04984375,5,5,5,0,0,0,0,20000
ps_full,enscal,2000,bh_ps_full_enscal_2000,5009,0.947421875,0.9465797580085392,0.9525,0.05765625,4,4,4,0,0,0,0,16000
ps_full,enscal,2000,bh_ps_full_enscal_2000,5010,0.9546875,0.9542185979339723,0.95734375,0.04796875,3,3,3,0,0,0,0,12000
ps_full,enscal,2000,bh_ps_full_enscal_2000,5011,0.947734375,0.9453830930342473,0.93421875,0.03875,4,4,4,0,0,0,0,16000
ps_full,enscal,2000,bh_ps_full_enscal_2000,5012,0.9734375,0.973940223570538,0.98921875,0.04234375,4,4,4,0,0,0,0,16000
ps_full,enscal,2000,bh_ps_full_enscal_2000,5013,0.937578125,0.9354069060823268,0.92953125,0.054375,3,3,3,0,0,0,0,12000
ps_full,enscal,2000,bh_ps_full_enscal_2000,5014,0.971328125,0.9720359338634543,0.9903125,0.04765625,3,3,3,0,0,0,0,12000
ps_full,enscal,2000,bh_ps_full_enscal_2000,5015,0.93953125,0.9361671701625032,0.9240625,0.045,3,3,3,0,0,0,0,12000
ps_full,enscal,2000,bh_ps_full_enscal_2000,5016,0.945234375,0.9438545542959487,0.94375,0.05328125,4,4,4,0,0,0,0,16000
ps_full,enscal,2000,bh_ps_full_enscal_2000,5017,0.94453125,0.9431469256470854,0.9421875,0.053125,3,3,3,0,0,0,0,12000
ps_full,enscal,2000,bh_ps_full_enscal_2000,5018,0.942421875,0.9467979357789822,0.9903125,0.10546875,3,3,3,0,0,0,0,12000
ps_full,enscal,2000,bh_ps_full_enscal_2000,5019,0.95375,0.9538730668552076,0.96203125,0.05453125,3,3,3,0,0,0,0,12000
ps_full,enscal,2000,bh_ps_full_enscal_2000,5020,0.950703125,0.950068486623172,0.944375,0.04296875,3,3,3,0,0,0,0,12000
ps_full,enscal,2000,bh_ps_full_enscal_2000,5021,0.957734375,0.9575229337668746,0.96390625,0.0484375,4,4,4,0,0,0,0,16000
ps_full,enscal,2000,bh_ps_full_enscal_2000,5022,0.948828125,0.9480746043644218,0.9496875,0.05203125,3,3,3,0,0,0,0,12000
ps_full,enscal,2000,bh_ps_full_enscal_2000,5023,0.97203125,0.9726385838145323,0.9884375,0.044375,4,4,4,0,0,0,0,16000
ps_full,enscal,2000,bh_ps_full_enscal_2000,5024,0.9640625,0.964940492838337,0.9821875,0.0540625,4,4,4,0,0,0,0,16000
ps_full,enscal,2000,bh_ps_full_enscal_2000,5025,0.96234375,0.963074118784112,0.9778125,0.053125,4,4,4,0,0,0,0,16000
ps_full,enscal,2000,bh_ps_full_enscal_2000,5026,0.94453125,0.9426535327595202,0.938125,0.0490625,3,3,3,0,0,0,0,12000
ps_full,enscal,2000,bh_ps_full_enscal_2000,5027,0.965859375,0.9668901189908502,0.98859375,0.056875,3,3,3,0,0,0,0,12000
ps_full,enscal,2000,bh_ps_full_enscal_2000,5028,0.968515625,0.9691984823695047,0.9859375,0.04890625,4,4,4,0,0,0,0,16000
ps_full,enscal,2000,bh_ps_full_enscal_2000,5029,0.94203125,0.9443645842871087,0.9671875,0.083125,3,3,3,0,0,0,0,12000
ps_full,enscal,2000,bh_ps_full_enscal_2000,5030,0.936875,0.9340207151804905,0.924375,0.050625,3,3,3,0,0,0,0,12000
ps_full,replay,2000,bh_ps_full_replay_2000,5001,0.95953125,0.9607144072200086,0.9871875,0.068125,3,3,3,0,0,0,0,12000
ps_full,replay,2000,bh_ps_full_replay_2000,5002,0.95828125,0.9600059966780374,0.9928125,0.07625,3,3,3,0,0,0,0,12000
ps_full,replay,2000,bh_ps_full_replay_2000,5003,0.941796875,0.9432458828497096,0.9709375,0.08734375,3,3,3,0,0,0,0,12000
ps_full,replay,2000,bh_ps_full_replay_2000,5004,0.9465625,0.9481992267891812,0.9796875,0.0865625,3,3,3,0,0,0,0,12000
ps_full,replay,2000,bh_ps_full_replay_2000,5005,0.946640625,0.9483766687051757,0.97890625,0.085625,4,4,4,0,0,0,0,16000
ps_full,replay,2000,bh_ps_full_replay_2000,5006,0.93796875,0.9419269262070964,0.993125,0.1171875,5,5,5,0,0,0,0,20000
ps_full,replay,2000,bh_ps_full_replay_2000,5007,0.957265625,0.9590593266021044,0.995,0.08046875,3,3,3,0,0,0,0,12000
ps_full,replay,2000,bh_ps_full_replay_2000,5008,0.9565625,0.9585567913028774,0.99203125,0.07890625,5,5,5,0,0,0,0,20000
ps_full,replay,2000,bh_ps_full_replay_2000,5009,0.953515625,0.9550307607553773,0.9846875,0.07765625,4,4,4,0,0,0,0,16000
ps_full,replay,2000,bh_ps_full_replay_2000,5010,0.938828125,0.9395662567119432,0.960625,0.08296875,3,3,3,0,0,0,0,12000
ps_full,replay,2000,bh_ps_full_replay_2000,5011,0.950546875,0.9524254367377694,0.985625,0.08453125,4,4,4,0,0,0,0,16000
ps_full,replay,2000,bh_ps_full_replay_2000,5012,0.931171875,0.9368263684205351,0.9965625,0.13421875,4,4,4,0,0,0,0,16000
ps_full,replay,2000,bh_ps_full_replay_2000,5013,0.94125,0.9433848728614475,0.978125,0.095625,3,3,3,0,0,0,0,12000
ps_full,replay,2000,bh_ps_full_replay_2000,5014,0.9590625,0.9605964029222904,0.99296875,0.07484375,3,3,3,0,0,0,0,12000
ps_full,replay,2000,bh_ps_full_replay_2000,5015,0.95046875,0.9519996329187008,0.9828125,0.081875,3,3,3,0,0,0,0,12000
ps_full,replay,2000,bh_ps_full_replay_2000,5016,0.94640625,0.9484195273746947,0.98359375,0.09078125,4,4,4,0,0,0,0,16000
ps_full,replay,2000,bh_ps_full_replay_2000,5017,0.9490625,0.9505442357893753,0.9778125,0.0796875,3,3,3,0,0,0,0,12000
ps_full,replay,2000,bh_ps_full_replay_2000,5018,0.931640625,0.9370659960760409,0.995,0.13171875,3,3,3,0,0,0,0,12000
ps_full,replay,2000,bh_ps_full_replay_2000,5019,0.931640625,0.9342896059189338,0.96953125,0.10625,3,3,3,0,0,0,0,12000
ps_full,replay,2000,bh_ps_full_replay_2000,5020,0.93515625,0.937294473468137,0.9678125,0.0975,3,3,3,0,0,0,0,12000
ps_full,replay,2000,bh_ps_full_replay_2000,5021,0.95890625,0.9604998381255189,0.993125,0.0753125,4,4,4,0,0,0,0,16000
ps_full,replay,2000,bh_ps_full_replay_2000,5022,0.9428125,0.9445925901459842,0.9753125,0.0896875,3,3,3,0,0,0,0,12000
ps_full,replay,2000,bh_ps_full_replay_2000,5023,0.957578125,0.9591590861020558,0.99203125,0.076875,4,4,4,0,0,0,0,16000
ps_full,replay,2000,bh_ps_full_replay_2000,5024,0.927890625,0.9336458525022476,0.9925,0.13671875,4,4,4,0,0,0,0,16000
ps_full,replay,2000,bh_ps_full_replay_2000,5025,0.95,0.9522150492020144,0.990625,0.090625,4,4,4,0,0,0,0,16000
ps_full,replay,2000,bh_ps_full_replay_2000,5026,0.933671875,0.937432338248775,0.97625,0.10890625,3,3,3,0,0,0,0,12000
ps_full,replay,2000,bh_ps_full_replay_2000,5027,0.9334375,0.9390201047264699,0.9928125,0.1259375,3,3,3,0,0,0,0,12000
ps_full,replay,2000,bh_ps_full_replay_2000,5028,0.957109375,0.9587980426012237,0.99375,0.07953125,4,4,4,0,0,0,0,16000
ps_full,replay,2000,bh_ps_full_replay_2000,5029,0.936953125,0.941206351360336,0.99109375,0.1171875,3,3,3,0,0,0,0,12000
ps_full,replay,2000,bh_ps_full_replay_2000,5030,0.939609375,0.9411050601664543,0.97046875,0.09125,3,3,3,0,0,0,0,12000
ps_full,ddm,2000,bh_ps_full_ddm_2000,5001,0.937109375,0.9350936052156646,0.9359375,0.06171875,1,1,1,0,800,0,800,4000
ps_full,ddm,2000,bh_ps_full_ddm_2000,5002,0.949921875,0.9510524231085377,0.97234375,0.0725,0,0,0,0,800,0,800,0
ps_full,ddm,2000,bh_ps_full_ddm_2000,5003,0.954921875,0.9568171984544075,0.99375,0.08390625,2,2,2,0,800,0,800,8000
ps_full,ddm,2000,bh_ps_full_ddm_2000,5004,0.95671875,0.9584433539588585,0.993125,0.0796875,1,1,1,0,800,0,800,4000
ps_full,ddm,2000,bh_ps_full_ddm_2000,5005,0.90875,0.9015070954210437,0.87921875,0.06171875,1,1,1,0,800,0,800,4000
ps_full,ddm,2000,bh_ps_full_ddm_2000,5006,0.911328125,0.9195123676953115,0.98453125,0.161875,1,1,1,0,800,0,800,4000
ps_full,ddm,2000,bh_ps_full_ddm_2000,5007,0.954453125,0.9564663364627557,0.995,0.08609375,1,1,1,0,800,0,800,4000
ps_full,ddm,2000,bh_ps_full_ddm_2000,5008,0.938984375,0.9424730946500997,0.99328125,0.1153125,1,1,1,0,800,0,800,4000
ps_full,ddm,2000,bh_ps_full_ddm_2000,5009,0.958125,0.9595339637977197,0.9884375,0.0721875,1,1,1,0,800,0,800,4000
ps_full,ddm,2000,bh_ps_full_ddm_2000,5010,0.93609375,0.9350586184904246,0.9375,0.0653125,2,2,2,0,800,0,800,8000
ps_full,ddm,2000,bh_ps_full_ddm_2000,5011,0.9459375,0.9485052309264428,0.98921875,0.09734375,1,1,1,0,800,0,800,4000
ps_full,ddm,2000,bh_ps_full_ddm_2000,5012,0.9546875,0.9559555817310048,0.98078125,0.07140625,0,0,0,0,800,0,800,0
ps_full,ddm,2000,bh_ps_full_ddm_2000,5013,0.96328125,0.9645380672102073,0.98890625,0.06234375,3,3,3,0,800,0,800,12000
ps_full,ddm,2000,bh_ps_full_ddm_2000,5014,0.956953125,0.9588276285090706,0.993125,0.07921875,2,2,2,0,800,0,800,8000
ps_full,ddm,2000,bh_ps_full_ddm_2000,5015,0.9528125,0.9546202756409364,0.98953125,0.08390625,1,1,1,0,800,0,800,4000
ps_full,ddm,2000,bh_ps_full_ddm_2000,5016,0.93625,0.9391086392517362,0.980625,0.108125,1,1,1,0,800,0,800,4000
ps_full,ddm,2000,bh_ps_full_ddm_2000,5017,0.94875,0.9508621158532807,0.988125,0.090625,1,1,1,0,800,0,800,4000
ps_full,ddm,2000,bh_ps_full_ddm_2000,5018,0.938125,0.942503508438003,0.99625,0.12,1,1,1,0,800,0,800,4000
ps_full,ddm,2000,bh_ps_full_ddm_2000,5019,0.943046875,0.9454951086255153,0.98453125,0.0984375,2,2,2,0,800,0,800,8000
ps_full,ddm,2000,bh_ps_full_ddm_2000,5020,0.96203125,0.9633386031899207,0.99234375,0.06828125,1,1,1,0,800,0,800,4000
ps_full,ddm,2000,bh_ps_full_ddm_2000,5021,0.93453125,0.9383383818492932,0.99015625,0.12109375,2,2,2,0,800,0,800,8000
ps_full,ddm,2000,bh_ps_full_ddm_2000,5022,0.936171875,0.9361981641636065,0.9525,0.08015625,1,1,1,0,800,0,800,4000
ps_full,ddm,2000,bh_ps_full_ddm_2000,5023,0.9571875,0.958741647779934,0.99015625,0.07578125,1,1,1,0,800,0,800,4000
ps_full,ddm,2000,bh_ps_full_ddm_2000,5024,0.952578125,0.9544458975249952,0.98578125,0.080625,2,2,2,0,800,0,800,8000
ps_full,ddm,2000,bh_ps_full_ddm_2000,5025,0.95609375,0.9579332001213398,0.994375,0.0821875,1,1,1,0,800,0,800,4000
ps_full,ddm,2000,bh_ps_full_ddm_2000,5026,0.95671875,0.9581952489531003,0.9871875,0.07375,1,1,1,0,800,0,800,4000
ps_full,ddm,2000,bh_ps_full_ddm_2000,5027,0.943671875,0.9453484436275251,0.9721875,0.08484375,0,0,0,0,800,0,800,0
ps_full,ddm,2000,bh_ps_full_ddm_2000,5028,0.961640625,0.9629172651915655,0.9921875,0.06890625,1,1,1,0,800,0,800,4000
ps_full,ddm,2000,bh_ps_full_ddm_2000,5029,0.95171875,0.9542529881349411,0.995,0.0915625,2,2,2,0,800,0,800,8000
ps_full,ddm,2000,bh_ps_full_ddm_2000,5030,0.935546875,0.9350277563609276,0.9434375,0.07234375,1,1,1,0,800,0,800,4000
ps_full,adwin,2000,bh_ps_full_adwin_2000,5001,0.812109375,0.7765546959373958,0.69609375,0.071875,0,0,0,0,800,0,800,0
ps_full,adwin,2000,bh_ps_full_adwin_2000,5002,0.949921875,0.9510524231085377,0.97234375,0.0725,0,0,0,0,800,0,800,0
ps_full,adwin,2000,bh_ps_full_adwin_2000,5003,0.798671875,0.7614354392138649,0.68703125,0.0896875,0,0,0,0,800,0,800,0
ps_full,adwin,2000,bh_ps_full_adwin_2000,5004,0.80375,0.7668565281289221,0.69109375,0.08359375,0,0,0,0,800,0,800,0
ps_full,adwin,2000,bh_ps_full_adwin_2000,5005,0.809375,0.7733796269850544,0.6915625,0.0728125,0,0,0,0,800,0,800,0
ps_full,adwin,2000,bh_ps_full_adwin_2000,5006,0.869375,0.8839122025000329,0.99046875,0.25171875,0,0,0,0,800,0,800,0
ps_full,adwin,2000,bh_ps_full_adwin_2000,5007,0.95328125,0.9551163617170324,0.9896875,0.083125,0,0,0,0,800,0,800,0
ps_full,adwin,2000,bh_ps_full_adwin_2000,5008,0.956015625,0.9573889873809148,0.98421875,0.0721875,0,0,0,0,800,0,800,0
ps_full,adwin,2000,bh_ps_full_adwin_2000,5009,0.81953125,0.789618658451254,0.721875,0.0828125,1,1,1,0,800,0,800,4000
ps_full,adwin,2000,bh_ps_full_adwin_2000,5010,0.87234375,0.8547443438843589,0.80734375,0.06265625,1,1,1,0,800,0,800,4000
ps_full,adwin,2000,bh_ps_full_adwin_2000,5011,0.827265625,0.7942053828268817,0.71375,0.05921875,1,1,1,0,800,0,800,4000
ps_full,adwin,2000,bh_ps_full_adwin_2000,5012,0.9546875,0.9559555817310048,0.98078125,0.07140625,0,0,0,0,800,0,800,0
ps_full,adwin,2000,bh_ps_full_adwin_2000,5013,0.808828125,0.7805464552719343,0.7209375,0.10328125,1,1,1,0,800,0,800,4000
ps_full,adwin,2000,bh_ps_full_adwin_2000,5014,0.948984375,0.9497972357418822,0.9653125,0.06734375,0,0,0,0,800,0,800,0
ps_full,adwin,2000,bh_ps_full_adwin_2000,5015,0.835546875,0.8074630060775608,0.74046875,0.069375,1,1,1,0,800,0,800,4000
ps_full,adwin,2000,bh_ps_full_adwin_2000,5016,0.8221875,0.7947577178817653,0.73109375,0.08671875,1,1,1,0,800,0,800,4000
ps_full,adwin,2000,bh_ps_full_adwin_2000,5017,0.81234375,0.7747194236473561,0.6925,0.0678125,0,0,0,0,800,0,800,0
ps_full,adwin,2000,bh_ps_full_adwin_2000,5018,0.87109375,0.8861167696615156,0.9984375,0.25625,0,0,0,0,800,0,800,0
ps_full,adwin,2000,bh_ps_full_adwin_2000,5019,0.823671875,0.7942491568489924,0.72859375,0.08125,1,1,1,0,800,0,800,4000
ps_full,adwin,2000,bh_ps_full_adwin_2000,5020,0.81703125,0.7839873217887717,0.70515625,0.07109375,0,0,0,0,800,0,800,0
ps_full,adwin,2000,bh_ps_full_adwin_2000,5021,0.85296875,0.8314201315584403,0.7790625,0.073125,1,1,1,0,800,0,800,4000
ps_full,adwin,2000,bh_ps_full_adwin_2000,5022,0.82078125,0.789605571876182,0.7203125,0.07875,1,1,1,0,800,0,800,4000
ps_full,adwin,2000,bh_ps_full_adwin_2000,5023,0.8878125,0.8828566158763346,0.859375,0.08375,0,0,0,0,800,0,800,0
ps_full,adwin,2000,bh_ps_full_adwin_2000,5024,0.939375,0.9414757475673958,0.97203125,0.09328125,0,0,0,0,800,0,800,0
ps_full,adwin,2000,bh_ps_full_adwin_2000,5025,0.931015625,0.932022631692655,0.94875,0.08671875,0,0,0,0,800,0,800,0
ps_full,adwin,2000,bh_ps_full_adwin_2000,5026,0.825,0.7918549219009263,0.70609375,0.05609375,0,0,0,0,800,0,800,0
ps_full,adwin,2000,bh_ps_full_adwin_2000,5027,0.943671875,0.9453484436275251,0.9721875,0.08484375,0,0,0,0,800,0,800,0
ps_full,adwin,2000,bh_ps_full_adwin_2000,5028,0.95265625,0.9541510335323901,0.98265625,0.07734375,0,0,0,0,800,0,800,0
ps_full,adwin,2000,bh_ps_full_adwin_2000,5029,0.881953125,0.8919039934896129,0.97015625,0.20625,0,0,0,0,800,0,800,0
ps_full,adwin,2000,bh_ps_full_adwin_2000,5030,0.808515625,0.7732689903746581,0.7,0.08296875,1,1,1,0,800,0,800,4000
ps_full,naive,512,bh_ps_full_naive_512,5001,0.9528125,0.953513629128612,0.9696875,0.0640625,3,3,3,0,0,0,0,3072
ps_full,naive,512,bh_ps_full_naive_512,5002,0.950390625,0.9521557778896337,0.98046875,0.0796875,3,3,3,0,0,0,0,3072
ps_full,naive,512,bh_ps_full_naive_512,5003,0.947734375,0.9489635979611079,0.973125,0.07765625,3,3,3,0,0,0,0,3072
ps_full,naive,512,bh_ps_full_naive_512,5004,0.9471875,0.9478783373125396,0.96203125,0.06765625,3,3,3,0,0,0,0,3072
ps_full,naive,512,bh_ps_full_naive_512,5005,0.93515625,0.9382956117562933,0.96921875,0.09890625,4,4,4,0,0,0,0,4096
ps_full,naive,512,bh_ps_full_naive_512,5006,0.94171875,0.9444234564134674,0.974375,0.0909375,5,5,5,0,0,0,0,5120
ps_full,naive,512,bh_ps_full_naive_512,5007,0.958828125,0.9591535049232948,0.9734375,0.05578125,3,3,3,0,0,0,0,3072
ps_full,naive,512,bh_ps_full_naive_512,5008,0.956640625,0.9584222665540577,0.9871875,0.07390625,5,5,5,0,0,0,0,5120
ps_full,naive,512,bh_ps_full_naive_512,5009,0.946171875,0.9487378034581829,0.9809375,0.08859375,4,4,4,0,0,0,0,4096
ps_full,naive,512,bh_ps_full_naive_512,5010,0.943671875,0.9434779184120459,0.94953125,0.0621875,3,3,3,0,0,0,0,3072
ps_full,naive,512,bh_ps_full_naive_512,5011,0.946875,0.9489233224708699,0.974375,0.080625,4,4,4,0,0,0,0,4096
ps_full,naive,512,bh_ps_full_naive_512,5012,0.9453125,0.9466330343052298,0.96609375,0.07546875,4,4,4,0,0,0,0,4096
ps_full,naive,512,bh_ps_full_naive_512,5013,0.937578125,0.9397424248366681,0.9628125,0.08765625,3,3,3,0,0,0,0,3072
ps_full,naive,512,bh_ps_full_naive_512,5014,0.953828125,0.9564484094569897,0.9909375,0.08328125,3,3,3,0,0,0,0,3072
ps_full,naive,512,bh_ps_full_naive_512,5015,0.940390625,0.9433000804336913,0.979375,0.09859375,3,3,3,0,0,0,0,3072
ps_full,naive,512,bh_ps_full_naive_512,5016,0.938515625,0.9397396511276765,0.95359375,0.0765625,4,4,4,0,0,0,0,4096
ps_full,naive,512,bh_ps_full_naive_512,5017,0.946328125,0.9481728144461269,0.97359375,0.0809375,3,3,3,0,0,0,0,3072
ps_full,naive,512,bh_ps_full_naive_512,5018,0.925625,0.9324858713709354,0.99203125,0.14078125,3,3,3,0,0,0,0,3072
ps_full,naive,512,bh_ps_full_naive_512,5019,0.940234375,0.941208157704092,0.9553125,0.07484375,3,3,3,0,0,0,0,3072
ps_full,naive,512,bh_ps_full_naive_512,5020,0.943046875,0.9438208173527213,0.95921875,0.073125,3,3,3,0,0,0,0,3072
ps_full,naive,512,bh_ps_full_naive_512,5021,0.9509375,0.9532462297366502,0.98671875,0.08484375,4,4,4,0,0,0,0,4096
ps_full,naive,512,bh_ps_full_naive_512,5022,0.942421875,0.942606659042985,0.9496875,0.06484375,3,3,3,0,0,0,0,3072
ps_full,naive,512,bh_ps_full_naive_512,5023,0.949765625,0.9517052850791119,0.97953125,0.08,4,4,4,0,0,0,0,4096
ps_full,naive,512,bh_ps_full_naive_512,5024,0.952734375,0.9547817332288696,0.98515625,0.0796875,4,4,4,0,0,0,0,4096
ps_full,naive,512,bh_ps_full_naive_512,5025,0.95375,0.9553996853662095,0.98171875,0.07421875,4,4,4,0,0,0,0,4096
ps_full,naive,512,bh_ps_full_naive_512,5026,0.94734375,0.9491647723948219,0.9740625,0.079375,3,3,3,0,0,0,0,3072
ps_full,naive,512,bh_ps_full_naive_512,5027,0.9328125,0.9367270586664455,0.97390625,0.10828125,3,3,3,0,0,0,0,3072
ps_full,naive,512,bh_ps_full_naive_512,5028,0.949921875,0.9512640367235687,0.970625,0.07078125,4,4,4,0,0,0,0,4096
ps_full,naive,512,bh_ps_full_naive_512,5029,0.930390625,0.9348891911309116,0.9778125,0.11703125,3,3,3,0,0,0,0,3072
ps_full,naive,512,bh_ps_full_naive_512,5030,0.929375,0.9297821484030199,0.9378125,0.0790625,3,3,3,0,0,0,0,3072
ps_full,point,512,bh_ps_full_point_512,5001,0.95625,0.957683388061658,0.98390625,0.07140625,5,5,2,3,160,160,0,5120
ps_full,point,512,bh_ps_full_point_512,5002,0.9565625,0.9573248815398919,0.974375,0.06125,4,4,2,2,128,128,0,4096
ps_full,point,512,bh_ps_full_point_512,5003,0.94640625,0.9476019111741388,0.9703125,0.0775,4,4,2,2,128,128,0,4096
ps_full,point,512,bh_ps_full_point_512,5004,0.9471875,0.9478783373125396,0.96203125,0.06765625,3,3,3,0,96,96,0,3072
ps_full,point,512,bh_ps_full_point_512,5005,0.93515625,0.9382956117562933,0.96921875,0.09890625,4,4,4,0,128,128,0,4096
ps_full,point,512,bh_ps_full_point_512,5006,0.94171875,0.9444234564134674,0.974375,0.0909375,5,5,5,0,160,160,0,5120
ps_full,point,512,bh_ps_full_point_512,5007,0.95546875,0.957400530680938,0.99203125,0.08109375,4,4,2,2,128,128,0,4096
ps_full,point,512,bh_ps_full_point_512,5008,0.956171875,0.9581605924744785,0.99109375,0.07875,5,5,4,1,160,160,0,5120
ps_full,point,512,bh_ps_full_point_512,5009,0.946484375,0.9491899779123462,0.98234375,0.089375,5,5,4,1,160,160,0,5120
ps_full,point,512,bh_ps_full_point_512,5010,0.943203125,0.9430737340025037,0.95109375,0.0646875,4,4,3,1,128,128,0,4096
ps_full,point,512,bh_ps_full_point_512,5011,0.947890625,0.9499117514113667,0.974375,0.07859375,5,5,4,1,160,160,0,5120
ps_full,point,512,bh_ps_full_point_512,5012,0.958046875,0.9599618437924821,0.9921875,0.07609375,6,6,2,4,192,192,0,6144
ps_full,point,512,bh_ps_full_point_512,5013,0.93640625,0.9386461705490099,0.9634375,0.090625,4,4,3,1,128,128,0,4096
ps_full,point,512,bh_ps_full_point_512,5014,0.96453125,0.9655283811127834,0.98625,0.0571875,4,4,2,2,128,128,0,4096
ps_full,point,512,bh_ps_full_point_512,5015,0.939140625,0.9414779212859901,0.96921875,0.0909375,4,4,3,1,128,128,0,4096
ps_full,point,512,bh_ps_full_point_512,5016,0.937421875,0.9391661309673871,0.96,0.08515625,5,5,3,2,160,160,0,5120
ps_full,point,512,bh_ps_full_point_512,5017,0.946328125,0.9481728144461269,0.97359375,0.0809375,3,3,3,0,96,96,0,3072
ps_full,point,512,bh_ps_full_point_512,5018,0.931875,0.9371904679192602,0.9815625,0.1178125,4,4,3,1,128,128,0,4096
ps_full,point,512,bh_ps_full_point_512,5019,0.941328125,0.9423616949080363,0.95765625,0.075,4,4,3,1,128,128,0,4096
ps_full,point,512,bh_ps_full_point_512,5020,0.943046875,0.9438208173527213,0.95921875,0.073125,3,3,3,0,96,96,0,3072
ps_full,point,512,bh_ps_full_point_512,5021,0.953125,0.9551540415634376,0.98453125,0.07828125,5,5,4,1,160,160,0,5120
ps_full,point,512,bh_ps_full_point_512,5022,0.942734375,0.9441572470060303,0.96609375,0.080625,5,5,3,2,160,160,0,5120
ps_full,point,512,bh_ps_full_point_512,5023,0.9471875,0.9492824202301818,0.97875,0.084375,5,5,3,2,160,160,0,5120
ps_full,point,512,bh_ps_full_point_512,5024,0.959140625,0.9607921238300583,0.990625,0.07234375,5,5,2,3,160,160,0,5120
ps_full,point,512,bh_ps_full_point_512,5025,0.95375,0.9553996853662095,0.98171875,0.07421875,4,4,4,0,128,128,0,4096
ps_full,point,512,bh_ps_full_point_512,5026,0.94734375,0.9491647723948219,0.9740625,0.079375,3,3,3,0,96,96,0,3072
ps_full,point,512,bh_ps_full_point_512,5027,0.954375,0.9555036110281159,0.97609375,0.06734375,6,6,2,4,192,192,0,6144
ps_full,point,512,bh_ps_full_point_512,5028,0.959453125,0.9604842031039472,0.9828125,0.06390625,5,5,1,4,160,160,0,5120
ps_full,point,512,bh_ps_full_point_512,5029,0.930390625,0.9348891911309116,0.9778125,0.11703125,3,3,3,0,96,96,0,3072
ps_full,point,512,bh_ps_full_point_512,5030,0.925078125,0.9254501043689441,0.93125,0.08109375,4,4,3,1,128,128,0,4096
ps_full,strict,512,bh_ps_full_strict_512,5001,0.95328125,0.9550364547648901,0.98515625,0.07859375,6,6,2,4,192,192,0,6144
ps_full,strict,512,bh_ps_full_strict_512,5002,0.9565625,0.9573248815398919,0.974375,0.06125,4,4,2,2,128,128,0,4096
ps_full,strict,512,bh_ps_full_strict_512,5003,0.9415625,0.9413004456754426,0.95140625,0.06828125,5,5,2,3,160,160,0,5120
ps_full,strict,512,bh_ps_full_strict_512,5004,0.9471875,0.9478783373125396,0.96203125,0.06765625,3,3,3,0,96,96,0,3072
ps_full,strict,512,bh_ps_full_strict_512,5005,0.932734375,0.934633010139797,0.96578125,0.1003125,5,5,2,3,160,160,0,5120
ps_full,strict,512,bh_ps_full_strict_512,5006,0.938203125,0.9424819733066525,0.993125,0.11671875,6,6,2,4,192,192,0,6144
ps_full,strict,512,bh_ps_full_strict_512,5007,0.960078125,0.961622140802807,0.9915625,0.07140625,6,6,1,5,192,192,0,6144
ps_full,strict,512,bh_ps_full_strict_512,5008,0.9640625,0.9650038923110976,0.9859375,0.0578125,6,6,1,5,192,192,0,6144
ps_full,strict,512,bh_ps_full_strict_512,5009,0.9309375,0.9341897486298003,0.96953125,0.10765625,5,5,3,2,160,160,0,5120
ps_full,strict,512,bh_ps_full_strict_512,5010,0.945546875,0.9459299117884933,0.96140625,0.0703125,4,4,2,2,128,128,0,4096
ps_full,strict,512,bh_ps_full_strict_512,5011,0.9478125,0.9498401400041083,0.974375,0.07875,5,5,3,2,160,160,0,5120
ps_full,strict,512,bh_ps_full_strict_512,5012,0.96,0.9609888270558438,0.98296875,0.06296875,7,7,2,5,224,224,0,7168
ps_full,strict,512,bh_ps_full_strict_512,5013,0.931875,0.9357756303788881,0.975625,0.111875,4,4,2,2,128,128,0,4096
ps_full,strict,512,bh_ps_full_strict_512,5014,0.96453125,0.9655283811127834,0.98625,0.0571875,4,4,2,2,128,128,0,4096
ps_full,strict,512,bh_ps_full_strict_512,5015,0.936328125,0.9398181751719522,0.98015625,0.1075,4,4,2,2,128,128,0,4096
ps_full,strict,512,bh_ps_full_strict_512,5016,0.93953125,0.9388528487601385,0.944375,0.0653125,5,5,2,3,160,160,0,5120
ps_full,strict,512,bh_ps_full_strict_512,5017,0.944921875,0.9471868796523494,0.979375,0.08953125,4,4,3,1,128,128,0,4096
ps_full,strict,512,bh_ps_full_strict_512,5018,0.93015625,0.9355170160262449,0.9809375,0.120625,5,5,3,2,160,160,0,5120
ps_full,strict,512,bh_ps_full_strict_512,5019,0.9396875,0.9415891783303629,0.96921875,0.08984375,4,4,2,2,128,128,0,4096
ps_full,strict,512,bh_ps_full_strict_512,5020,0.939296875,0.9408797835502222,0.96828125,0.0896875,5,5,2,3,160,160,0,5120
ps_full,strict,512,bh_ps_full_strict_512,5021,0.946875,0.9492902715919714,0.97984375,0.08609375,5,5,3,2,160,160,0,5120
ps_full,strict,512,bh_ps_full_strict_512,5022,0.9340625,0.9331202897147854,0.93390625,0.06578125,6,6,1,5,192,192,0,6144
ps_full,strict,512,bh_ps_full_strict_512,5023,0.948828125,0.9505775989889798,0.97703125,0.079375,6,6,3,3,192,192,0,6144
ps_full,strict,512,bh_ps_full_strict_512,5024,0.939375,0.9414757475673958,0.97203125,0.09328125,8,8,0,8,256,256,0,8192
ps_full,strict,512,bh_ps_full_strict_512,5025,0.946953125,0.9496141150161734,0.98953125,0.095625,5,5,2,3,160,160,0,5120
ps_full,strict,512,bh_ps_full_strict_512,5026,0.946875,0.9489369889613234,0.97640625,0.08265625,4,4,3,1,128,128,0,4096
ps_full,strict,512,bh_ps_full_strict_512,5027,0.954375,0.9557246364471988,0.97890625,0.07015625,6,6,1,5,192,192,0,6144
ps_full,strict,512,bh_ps_full_strict_512,5028,0.959453125,0.9604842031039472,0.9828125,0.06390625,5,5,1,4,160,160,0,5120
ps_full,strict,512,bh_ps_full_strict_512,5029,0.930390625,0.9348891911309116,0.9778125,0.11703125,3,3,3,0,96,96,0,3072
ps_full,strict,512,bh_ps_full_strict_512,5030,0.918359375,0.9209150458870404,0.94703125,0.1103125,3,3,2,1,96,96,0,3072
ps_full,atc,512,bh_ps_full_atc_512,5001,0.9484375,0.9504574503551158,0.984375,0.0875,7,7,2,5,0,0,0,7168
ps_full,atc,512,bh_ps_full_atc_512,5002,0.949453125,0.9515991324477675,0.98765625,0.08875,3,3,2,1,0,0,0,3072
ps_full,atc,512,bh_ps_full_atc_512,5003,0.93953125,0.9393726755532438,0.95203125,0.07296875,5,5,3,2,0,0,0,5120
ps_full,atc,512,bh_ps_full_atc_512,5004,0.916484375,0.9114697907815535,0.895,0.06203125,5,5,2,3,0,0,0,5120
ps_full,atc,512,bh_ps_full_atc_512,5005,0.9296875,0.928288286604976,0.935625,0.07625,5,5,2,3,0,0,0,5120
ps_full,atc,512,bh_ps_full_atc_512,5006,0.94234375,0.9451664650009449,0.975625,0.0909375,4,4,3,1,0,0,0,4096
ps_full,atc,512,bh_ps_full_atc_512,5007,0.9625,0.963975978618973,0.9940625,0.0690625,4,4,2,2,0,0,0,4096
ps_full,atc,512,bh_ps_full_atc_512,5008,0.947890625,0.9503948415415969,0.98859375,0.0928125,5,5,3,2,0,0,0,5120
ps_full,atc,512,bh_ps_full_atc_512,5009,0.903359375,0.8966288417870841,0.87640625,0.0696875,6,6,2,4,0,0,0,6144
ps_full,atc,512,bh_ps_full_atc_512,5010,0.945546875,0.9459299117884933,0.96140625,0.0703125,4,4,2,2,0,0,0,4096
ps_full,atc,512,bh_ps_full_atc_512,5011,0.839375,0.8103114728812324,0.73515625,0.05640625,8,8,1,7,0,0,0,8192
ps_full,atc,512,bh_ps_full_atc_512,5012,0.954296875,0.9565353150033566,0.986875,0.07828125,5,5,4,1,0,0,0,5120
ps_full,atc,512,bh_ps_full_atc_512,5013,0.91,0.9061293417056584,0.894375,0.074375,5,5,2,3,0,0,0,5120
ps_full,atc,512,bh_ps_full_atc_512,5014,0.943359375,0.9467784328335349,0.989375,0.10265625,4,4,3,1,0,0,0,4096
ps_full,atc,512,bh_ps_full_atc_512,5015,0.876875,0.8617330311733825,0.8171875,0.0634375,6,6,1,5,0,0,0,6144
ps_full,atc,512,bh_ps_full_atc_512,5016,0.9328125,0.9326703566288366,0.94703125,0.08140625,7,7,1,6,0,0,0,7168
ps_full,atc,512,bh_ps_full_atc_512,5017,0.87671875,0.8588635006134976,0.81015625,0.05671875,6,6,1,5,0,0,0,6144
ps_full,atc,512,bh_ps_full_atc_512,5018,0.92078125,0.9280294265059075,0.99421875,0.15265625,5,5,2,3,0,0,0,5120
ps_full,atc,512,bh_ps_full_atc_512,5019,0.926796875,0.9298788998103439,0.97421875,0.120625,6,6,1,5,0,0,0,6144
ps_full,atc,512,bh_ps_full_atc_512,5020,0.9434375,0.9443116030986425,0.9628125,0.0759375,3,3,2,1,0,0,0,3072
ps_full,atc,512,bh_ps_full_atc_512,5021,0.878671875,0.8640181596976357,0.82390625,0.0665625,7,7,1,6,0,0,0,7168
ps_full,atc,512,bh_ps_full_atc_512,5022,0.9271875,0.9246813337891899,0.9165625,0.0621875,5,5,2,3,0,0,0,5120
ps_full,atc,512,bh_ps_full_atc_512,5023,0.9509375,0.9523672782613178,0.97625,0.074375,5,5,3,2,0,0,0,5120
ps_full,atc,512,bh_ps_full_atc_512,5024,0.942578125,0.9456052658532402,0.9884375,0.10328125,6,6,3,3,0,0,0,6144
ps_full,atc,512,bh_ps_full_atc_512,5025,0.95375,0.9553996853662095,0.98171875,0.07421875,4,4,4,0,0,0,0,4096
ps_full,atc,512,bh_ps_full_atc_512,5026,0.901953125,0.8913896745691402,0.85265625,0.04875,5,5,1,4,0,0,0,5120
ps_full,atc,512,bh_ps_full_atc_512,5027,0.928984375,0.9349186207748378,0.986875,0.12890625,5,5,3,2,0,0,0,5120
ps_full,atc,512,bh_ps_full_atc_512,5028,0.94828125,0.9509206935058764,0.9875,0.0909375,4,4,2,2,0,0,0,4096
ps_full,atc,512,bh_ps_full_atc_512,5029,0.930390625,0.9348891911309116,0.9778125,0.11703125,3,3,3,0,0,0,0,3072
ps_full,atc,512,bh_ps_full_atc_512,5030,0.918359375,0.9209150458870404,0.94703125,0.1103125,3,3,2,1,0,0,0,3072
ps_full,doc,512,bh_ps_full_doc_512,5001,0.866015625,0.8462804601774162,0.7934375,0.06140625,7,7,1,6,0,0,0,7168
ps_full,doc,512,bh_ps_full_doc_512,5002,0.959296875,0.9602348866693275,0.9796875,0.06109375,5,5,1,4,0,0,0,5120
ps_full,doc,512,bh_ps_full_doc_512,5003,0.93546875,0.9354556412971395,0.95046875,0.07953125,6,6,2,4,0,0,0,6144
ps_full,doc,512,bh_ps_full_doc_512,5004,0.8409375,0.8154145591887806,0.75828125,0.07640625,7,7,1,6,0,0,0,7168
ps_full,doc,512,bh_ps_full_doc_512,5005,0.850234375,0.8266454697649267,0.76703125,0.0665625,7,7,1,6,0,0,0,7168
ps_full,doc,512,bh_ps_full_doc_512,5006,0.94125,0.9450699211031999,0.98953125,0.10703125,6,6,3,3,0,0,0,6144
ps_full,doc,512,bh_ps_full_doc_512,5007,0.9625,0.963975978618973,0.9940625,0.0690625,4,4,2,2,0,0,0,4096
ps_full,doc,512,bh_ps_full_doc_512,5008,0.955390625,0.9575143462435065,0.9928125,0.08203125,6,6,2,4,0,0,0,6144
ps_full,doc,512,bh_ps_full_doc_512,5009,0.85578125,0.8359370094777,0.78578125,0.07421875,7,7,1,6,0,0,0,7168
ps_full,doc,512,bh_ps_full_doc_512,5010,0.8778125,0.8619705064428984,0.8178125,0.0621875,5,5,1,4,0,0,0,5120
ps_full,doc,512,bh_ps_full_doc_512,5011,0.868203125,0.8471832765982491,0.7871875,0.05078125,7,7,1,6,0,0,0,7168
ps_full,doc,512,bh_ps_full_doc_512,5012,0.958046875,0.9599618437924821,0.9921875,0.07609375,6,6,2,4,0,0,0,6144
ps_full,doc,512,bh_ps_full_doc_512,5013,0.864140625,0.8499728544591301,0.81671875,0.0884375,6,6,1,5,0,0,0,6144
ps_full,doc,512,bh_ps_full_doc_512,5014,0.962421875,0.9635977259608783,0.988125,0.06328125,5,5,2,3,0,0,0,5120
ps_full,doc,512,bh_ps_full_doc_512,5015,0.876875,0.8617330311733825,0.8171875,0.0634375,6,6,1,5,0,0,0,6144
ps_full,doc,512,bh_ps_full_doc_512,5016,0.9328125,0.9326703566288366,0.94703125,0.08140625,7,7,1,6,0,0,0,7168
ps_full,doc,512,bh_ps_full_doc_512,5017,0.87671875,0.8588635006134976,0.81015625,0.05671875,6,6,1,5,0,0,0,6144
ps_full,doc,512,bh_ps_full_doc_512,5018,0.93453125,0.9404858291281508,0.99375,0.1246875,5,5,2,3,0,0,0,5120
ps_full,doc,512,bh_ps_full_doc_512,5019,0.85921875,0.8397590811888052,0.791875,0.0734375,6,6,1,5,0,0,0,6144
ps_full,doc,512,bh_ps_full_doc_512,5020,0.885859375,0.8720481194873235,0.830625,0.05890625,5,5,1,4,0,0,0,5120
ps_full,doc,512,bh_ps_full_doc_512,5021,0.850078125,0.8275698080753138,0.77328125,0.073125,8,8,1,7,0,0,0,8192
ps_full,doc,512,bh_ps_full_doc_512,5022,0.8653125,0.8468995812060798,0.799375,0.06875,6,6,1,5,0,0,0,6144
ps_full,doc,512,bh_ps_full_doc_512,5023,0.94796875,0.9480115215348326,0.955625,0.0596875,5,5,2,3,0,0,0,5120
ps_full,doc,512,bh_ps_full_doc_512,5024,0.958125,0.9599319989846671,0.99265625,0.07640625,6,6,2,4,0,0,0,6144
ps_full,doc,512,bh_ps_full_doc_512,5025,0.95515625,0.9561060059883755,0.97359375,0.06328125,4,4,2,2,0,0,0,4096
ps_full,doc,512,bh_ps_full_doc_512,5026,0.85171875,0.8257790002861529,0.7553125,0.051875,7,7,1,6,0,0,0,7168
ps_full,doc,512,bh_ps_full_doc_512,5027,0.954453125,0.9551829079392149,0.9690625,0.06015625,6,6,3,3,0,0,0,6144
ps_full,doc,512,bh_ps_full_doc_512,5028,0.9621875,0.9634010848575812,0.9878125,0.0634375,6,6,1,5,0,0,0,6144
ps_full,doc,512,bh_ps_full_doc_512,5029,0.93171875,0.9366036466878915,0.98515625,0.12171875,4,4,3,1,0,0,0,4096
ps_full,doc,512,bh_ps_full_doc_512,5030,0.9090625,0.9034087956114359,0.88515625,0.06703125,5,5,2,3,0,0,0,5120
ps_full,enscal,512,bh_ps_full_enscal_512,5001,0.951640625,0.951147487383897,0.9534375,0.05015625,3,3,3,0,0,0,0,3072
ps_full,enscal,512,bh_ps_full_enscal_512,5002,0.9678125,0.968743624704705,0.99109375,0.05546875,3,3,3,0,0,0,0,3072
ps_full,enscal,512,bh_ps_full_enscal_512,5003,0.93109375,0.9276484223103842,0.9190625,0.056875,3,3,3,0,0,0,0,3072
ps_full,enscal,512,bh_ps_full_enscal_512,5004,0.93671875,0.9341426420702402,0.92859375,0.05515625,3,3,3,0,0,0,0,3072
ps_full,enscal,512,bh_ps_full_enscal_512,5005,0.942421875,0.9413676446789969,0.9453125,0.06046875,4,4,4,0,0,0,0,4096
ps_full,enscal,512,bh_ps_full_enscal_512,5006,0.952578125,0.9549436781845532,0.98265625,0.0775,5,5,5,0,0,0,0,5120
ps_full,enscal,512,bh_ps_full_enscal_512,5007,0.96828125,0.9692502253015828,0.99234375,0.05578125,3,3,3,0,0,0,0,3072
ps_full,enscal,512,bh_ps_full_enscal_512,5008,0.96625,0.966850989525316,0.9828125,0.0503125,5,5,5,0,0,0,0,5120
ps_full,enscal,512,bh_ps_full_enscal_512,5009,0.946875,0.9461637794241134,0.953125,0.059375,4,4,4,0,0,0,0,4096
ps_full,enscal,512,bh_ps_full_enscal_512,5010,0.950703125,0.9503945311394824,0.95625,0.05484375,3,3,3,0,0,0,0,3072
ps_full,enscal,512,bh_ps_full_enscal_512,5011,0.947421875,0.9453809802357246,0.93578125,0.0409375,4,4,4,0,0,0,0,4096
ps_full,enscal,512,bh_ps_full_enscal_512,5012,0.96359375,0.9638459091431097,0.97390625,0.04671875,4,4,4,0,0,0,0,4096
ps_full,enscal,512,bh_ps_full_enscal_512,5013,0.93,0.9271629584392207,0.920625,0.060625,3,3,3,0,0,0,0,3072
ps_full,enscal,512,bh_ps_full_enscal_512,5014,0.96953125,0.9703087662914908,0.98984375,0.05078125,3,3,3,0,0,0,0,3072
ps_full,enscal,512,bh_ps_full_enscal_512,5015,0.936875,0.933641866641244,0.924375,0.050625,3,3,3,0,0,0,0,3072
ps_full,enscal,512,bh_ps_full_enscal_512,5016,0.9434375,0.9420217570815993,0.9403125,0.0534375,4,4,4,0,0,0,0,4096
ps_full,enscal,512,bh_ps_full_enscal_512,5017,0.94578125,0.9443714639548518,0.94203125,0.05046875,3,3,3,0,0,0,0,3072
ps_full,enscal,512,bh_ps_full_enscal_512,5018,0.94125,0.9456263107918502,0.989375,0.106875,3,3,3,0,0,0,0,3072
ps_full,enscal,512,bh_ps_full_enscal_512,5019,0.931328125,0.9295724918760344,0.9225,0.05984375,3,3,3,0,0,0,0,3072
ps_full,enscal,512,bh_ps_full_enscal_512,5020,0.921953125,0.9164356793886987,0.89296875,0.0490625,3,3,3,0,0,0,0,3072
ps_full,enscal,512,bh_ps_full_enscal_512,5021,0.958828125,0.958582049483147,0.9634375,0.04578125,4,4,4,0,0,0,0,4096
ps_full,enscal,512,bh_ps_full_enscal_512,5022,0.956640625,0.9568265855520751,0.965625,0.05234375,3,3,3,0,0,0,0,3072
ps_full,enscal,512,bh_ps_full_enscal_512,5023,0.9571875,0.9579379888847848,0.97296875,0.05859375,4,4,4,0,0,0,0,4096
ps_full,enscal,512,bh_ps_full_enscal_512,5024,0.96390625,0.965053993984225,0.98765625,0.05984375,4,4,4,0,0,0,0,4096
ps_full,enscal,512,bh_ps_full_enscal_512,5025,0.96328125,0.9640115038916897,0.9790625,0.0525,4,4,4,0,0,0,0,4096
ps_full,enscal,512,bh_ps_full_enscal_512,5026,0.9425,0.9406082600027047,0.93515625,0.05015625,3,3,3,0,0,0,0,3072
ps_full,enscal,512,bh_ps_full_enscal_512,5027,0.961796875,0.963125594127431,0.9903125,0.06671875,3,3,3,0,0,0,0,3072
ps_full,enscal,512,bh_ps_full_enscal_512,5028,0.96828125,0.9690335717599774,0.98671875,0.05015625,4,4,4,0,0,0,0,4096
ps_full,enscal,512,bh_ps_full_enscal_512,5029,0.943984375,0.946415845758468,0.970625,0.08265625,3,3,3,0,0,0,0,3072
ps_full,enscal,512,bh_ps_full_enscal_512,5030,0.92875,0.9258163889557263,0.913125,0.055625,3,3,3,0,0,0,0,3072
unsw_full,never,n/a,bh_unsw_full_never,5001,0.84046875,0.8526339727197245,,,0,0,0,0,0,0,0,0
unsw_full,never,n/a,bh_unsw_full_never,5002,0.83203125,0.8538466295466387,,,0,0,0,0,0,0,0,0
unsw_full,never,n/a,bh_unsw_full_never,5003,0.82828125,0.8510798284354153,,,0,0,0,0,0,0,0,0
unsw_full,never,n/a,bh_unsw_full_never,5004,0.826796875,0.8503408541739423,,,0,0,0,0,0,0,0,0
unsw_full,never,n/a,bh_unsw_full_never,5005,0.836640625,0.8571498195441296,,,0,0,0,0,0,0,0,0
unsw_full,never,n/a,bh_unsw_full_never,5006,0.83890625,0.8560459691896921,,,0,0,0,0,0,0,0,0
unsw_full,never,n/a,bh_unsw_full_never,5007,0.836328125,0.8542213235566071,,,0,0,0,0,0,0,0,0
unsw_full,never,n/a,bh_unsw_full_never,5008,0.833203125,0.8541373703836536,,,0,0,0,0,0,0,0,0
unsw_full,never,n/a,bh_unsw_full_never,5009,0.82234375,0.8475972605288201,,,0,0,0,0,0,0,0,0
unsw_full,never,n/a,bh_unsw_full_never,5010,0.833515625,0.8549476209823682,,,0,0,0,0,0,0,0,0
unsw_full,never,n/a,bh_unsw_full_never,5011,0.824296875,0.849484458149114,,,0,0,0,0,0,0,0,0
unsw_full,never,n/a,bh_unsw_full_never,5012,0.8275,0.8520278288209368,,,0,0,0,0,0,0,0,0
unsw_full,never,n/a,bh_unsw_full_never,5013,0.838984375,0.8597745707182676,,,0,0,0,0,0,0,0,0
unsw_full,never,n/a,bh_unsw_full_never,5014,0.827109375,0.850485905799633,,,0,0,0,0,0,0,0,0
unsw_full,never,n/a,bh_unsw_full_never,5015,0.830390625,0.8537255033799171,,,0,0,0,0,0,0,0,0
unsw_full,never,n/a,bh_unsw_full_never,5016,0.831328125,0.8535096078091564,,,0,0,0,0,0,0,0,0
unsw_full,never,n/a,bh_unsw_full_never,5017,0.83265625,0.8546428140140516,,,0,0,0,0,0,0,0,0
unsw_full,never,n/a,bh_unsw_full_never,5018,0.8340625,0.8545630574383212,,,0,0,0,0,0,0,0,0
unsw_full,never,n/a,bh_unsw_full_never,5019,0.8246875,0.8489574948939171,,,0,0,0,0,0,0,0,0
unsw_full,never,n/a,bh_unsw_full_never,5020,0.821875,0.8490772727727603,,,0,0,0,0,0,0,0,0
unsw_full,never,n/a,bh_unsw_full_never,5021,0.8328125,0.8542651612752613,,,0,0,0,0,0,0,0,0
unsw_full,never,n/a,bh_unsw_full_never,5022,0.836015625,0.8544999223248815,,,0,0,0,0,0,0,0,0
unsw_full,never,n/a,bh_unsw_full_never,5023,0.839765625,0.8585245159579056,,,0,0,0,0,0,0,0,0
unsw_full,never,n/a,bh_unsw_full_never,5024,0.8271875,0.8501895783891704,,,0,0,0,0,0,0,0,0
unsw_full,never,n/a,bh_unsw_full_never,5025,0.828515625,0.8514127920464597,,,0,0,0,0,0,0,0,0
unsw_full,never,n/a,bh_unsw_full_never,5026,0.8325,0.8542653908176169,,,0,0,0,0,0,0,0,0
unsw_full,never,n/a,bh_unsw_full_never,5027,0.8290625,0.8503843705052557,,,0,0,0,0,0,0,0,0
unsw_full,never,n/a,bh_unsw_full_never,5028,0.83578125,0.854743140514173,,,0,0,0,0,0,0,0,0
unsw_full,never,n/a,bh_unsw_full_never,5029,0.831171875,0.8538933759107533,,,0,0,0,0,0,0,0,0
unsw_full,never,n/a,bh_unsw_full_never,5030,0.83015625,0.8521117649871877,,,0,0,0,0,0,0,0,0
unsw_full,naive,2000,bh_unsw_full_naive_2000,5001,0.880078125,0.8881297368206162,0.946875,0.18671875,3,3,3,0,0,0,0,12000
unsw_full,naive,2000,bh_unsw_full_naive_2000,5002,0.872109375,0.8817929280658704,0.949375,0.20515625,2,2,2,0,0,0,0,8000
unsw_full,naive,2000,bh_unsw_full_naive_2000,5003,0.86875,0.8801198836926928,0.9575,0.22,3,3,3,0,0,0,0,12000
unsw_full,naive,2000,bh_unsw_full_naive_2000,5004,0.86390625,0.8764074436258287,0.96078125,0.23296875,2,2,2,0,0,0,0,8000
unsw_full,naive,2000,bh_unsw_full_naive_2000,5005,0.870546875,0.8815622060869991,0.9596875,0.21859375,2,2,2,0,0,0,0,8000
unsw_full,naive,2000,bh_unsw_full_naive_2000,5006,0.86921875,0.879360048360335,0.95,0.2115625,2,2,2,0,0,0,0,8000
unsw_full,naive,2000,bh_unsw_full_naive_2000,5007,0.875546875,0.8834194120743537,0.94015625,0.1890625,2,2,2,0,0,0,0,8000
unsw_full,naive,2000,bh_unsw_full_naive_2000,5008,0.875546875,0.8852909183233973,0.95578125,0.2046875,2,2,2,0,0,0,0,8000
unsw_full,naive,2000,bh_unsw_full_naive_2000,5009,0.872890625,0.8841763071941862,0.96578125,0.22,2,2,2,0,0,0,0,8000
unsw_full,naive,2000,bh_unsw_full_naive_2000,5010,0.88015625,0.8897048913792928,0.95953125,0.19921875,3,3,3,0,0,0,0,12000
unsw_full,naive,2000,bh_unsw_full_naive_2000,5011,0.8684375,0.879685505571151,0.95859375,0.22171875,2,2,2,0,0,0,0,8000
unsw_full,naive,2000,bh_unsw_full_naive_2000,5012,0.876875,0.8867497329569629,0.959375,0.205625,3,3,3,0,0,0,0,12000
unsw_full,naive,2000,bh_unsw_full_naive_2000,5013,0.87953125,0.8887023974876049,0.95734375,0.19828125,3,3,3,0,0,0,0,12000
unsw_full,naive,2000,bh_unsw_full_naive_2000,5014,0.8734375,0.8836031341757562,0.956875,0.21,3,3,3,0,0,0,0,12000
unsw_full,naive,2000,bh_unsw_full_naive_2000,5015,0.8696875,0.8813362203837823,0.9628125,0.2234375,2,2,2,0,0,0,0,8000
unsw_full,naive,2000,bh_unsw_full_naive_2000,5016,0.87421875,0.8837278128403787,0.9525,0.2040625,3,3,3,0,0,0,0,12000
unsw_full,naive,2000,bh_unsw_full_naive_2000,5017,0.875625,0.8847784516725729,0.95015625,0.19890625,4,4,4,0,0,0,0,16000
unsw_full,naive,2000,bh_unsw_full_naive_2000,5018,0.86484375,0.8758748801230098,0.9509375,0.22125,2,2,2,0,0,0,0,8000
unsw_full,naive,2000,bh_unsw_full_naive_2000,5019,0.87359375,0.8833506227056237,0.9534375,0.20625,3,3,3,0,0,0,0,12000
unsw_full,naive,2000,bh_unsw_full_naive_2000,5020,0.870546875,0.880582068610978,0.95140625,0.2103125,3,3,3,0,0,0,0,12000
unsw_full,naive,2000,bh_unsw_full_naive_2000,5021,0.87546875,0.8848777206988416,0.95328125,0.20234375,3,3,3,0,0,0,0,12000
unsw_full,naive,2000,bh_unsw_full_naive_2000,5022,0.86671875,0.8772736838093701,0.94703125,0.21359375,3,3,3,0,0,0,0,12000
unsw_full,naive,2000,bh_unsw_full_naive_2000,5023,0.88234375,0.890198351943546,0.95046875,0.18578125,3,3,3,0,0,0,0,12000
unsw_full,naive,2000,bh_unsw_full_naive_2000,5024,0.863671875,0.875995026107285,0.95828125,0.2309375,3,3,3,0,0,0,0,12000
unsw_full,naive,2000,bh_unsw_full_naive_2000,5025,0.8715625,0.8820182707460309,0.956875,0.21375,3,3,3,0,0,0,0,12000
unsw_full,naive,2000,bh_unsw_full_naive_2000,5026,0.86671875,0.8783504970745617,0.95453125,0.22109375,2,2,2,0,0,0,0,8000
unsw_full,naive,2000,bh_unsw_full_naive_2000,5027,0.869453125,0.8799294541657082,0.95203125,0.213125,3,3,3,0,0,0,0,12000
unsw_full,naive,2000,bh_unsw_full_naive_2000,5028,0.875703125,0.8849758401787465,0.95171875,0.2003125,3,3,3,0,0,0,0,12000
unsw_full,naive,2000,bh_unsw_full_naive_2000,5029,0.8690625,0.8806242645764973,0.96078125,0.22265625,2,2,2,0,0,0,0,8000
unsw_full,naive,2000,bh_unsw_full_naive_2000,5030,0.865234375,0.8772129657040769,0.9565625,0.22609375,2,2,2,0,0,0,0,8000
unsw_full,point,2000,bh_unsw_full_point_2000,5001,0.880078125,0.8881297368206162,0.946875,0.18671875,3,3,3,0,96,96,0,12000
unsw_full,point,2000,bh_unsw_full_point_2000,5002,0.870078125,0.880626335434861,0.950625,0.21046875,3,3,2,1,96,96,0,12000
unsw_full,point,2000,bh_unsw_full_point_2000,5003,0.86875,0.8801198836926928,0.9575,0.22,3,3,3,0,96,96,0,12000
unsw_full,point,2000,bh_unsw_full_point_2000,5004,0.86390625,0.8764074436258287,0.96078125,0.23296875,2,2,2,0,64,64,0,8000
unsw_full,point,2000,bh_unsw_full_point_2000,5005,0.878828125,0.8876981076779904,0.953125,0.19546875,3,3,2,1,96,96,0,12000
unsw_full,point,2000,bh_unsw_full_point_2000,5006,0.86921875,0.879360048360335,0.95,0.2115625,2,2,2,0,64,64,0,8000
unsw_full,point,2000,bh_unsw_full_point_2000,5007,0.875546875,0.8834194120743537,0.94015625,0.1890625,2,2,2,0,64,64,0,8000
unsw_full,point,2000,bh_unsw_full_point_2000,5008,0.875546875,0.8852909183233973,0.95578125,0.2046875,2,2,2,0,64,64,0,8000
unsw_full,point,2000,bh_unsw_full_point_2000,5009,0.869609375,0.8808255457053683,0.9575,0.21828125,3,3,2,1,96,96,0,12000
unsw_full,point,2000,bh_unsw_full_point_2000,5010,0.88015625,0.8897048913792928,0.95953125,0.19921875,3,3,3,0,96,96,0,12000
unsw_full,point,2000,bh_unsw_full_point_2000,5011,0.8684375,0.879685505571151,0.95859375,0.22171875,2,2,2,0,64,64,0,8000
unsw_full,point,2000,bh_unsw_full_point_2000,5012,0.876875,0.8867497329569629,0.959375,0.205625,3,3,3,0,96,96,0,12000
unsw_full,point,2000,bh_unsw_full_point_2000,5013,0.8765625,0.886618697052451,0.96109375,0.20796875,4,4,3,1,128,128,0,16000
unsw_full,point,2000,bh_unsw_full_point_2000,5014,0.875546875,0.8853473034598299,0.9559375,0.20484375,3,3,2,1,96,96,0,12000
unsw_full,point,2000,bh_unsw_full_point_2000,5015,0.8696875,0.8813362203837823,0.9628125,0.2234375,2,2,2,0,64,64,0,8000
unsw_full,point,2000,bh_unsw_full_point_2000,5016,0.87421875,0.8837278128403787,0.9525,0.2040625,3,3,3,0,96,96,0,12000
unsw_full,point,2000,bh_unsw_full_point_2000,5017,0.875625,0.8847784516725729,0.95015625,0.19890625,4,4,4,0,128,128,0,16000
unsw_full,point,2000,bh_unsw_full_point_2000,5018,0.86953125,0.8806881309056128,0.95625,0.2171875,3,3,2,1,96,96,0,12000
unsw_full,point,2000,bh_unsw_full_point_2000,5019,0.866640625,0.8786332192624379,0.96,0.22671875,4,4,3,1,128,128,0,16000
unsw_full,point,2000,bh_unsw_full_point_2000,5020,0.870546875,0.880582068610978,0.95140625,0.2103125,3,3,3,0,96,96,0,12000
unsw_full,point,2000,bh_unsw_full_point_2000,5021,0.871640625,0.882370992448556,0.9575,0.21421875,3,3,2,1,96,96,0,12000
unsw_full,point,2000,bh_unsw_full_point_2000,5022,0.86671875,0.8772736838093701,0.94703125,0.21359375,3,3,3,0,96,96,0,12000
unsw_full,point,2000,bh_unsw_full_point_2000,5023,0.88234375,0.890198351943546,0.95046875,0.18578125,3,3,3,0,96,96,0,12000
unsw_full,point,2000,bh_unsw_full_point_2000,5024,0.863671875,0.875995026107285,0.95828125,0.2309375,3,3,3,0,96,96,0,12000
unsw_full,point,2000,bh_unsw_full_point_2000,5025,0.8715625,0.8820182707460309,0.956875,0.21375,3,3,3,0,96,96,0,12000
unsw_full,point,2000,bh_unsw_full_point_2000,5026,0.86671875,0.8783504970745617,0.95453125,0.22109375,2,2,2,0,64,64,0,8000
unsw_full,point,2000,bh_unsw_full_point_2000,5027,0.872734375,0.8822341051492936,0.94859375,0.203125,5,5,3,2,160,160,0,20000
unsw_full,point,2000,bh_unsw_full_point_2000,5028,0.875703125,0.8849758401787465,0.95171875,0.2003125,3,3,3,0,96,96,0,12000
unsw_full,point,2000,bh_unsw_full_point_2000,5029,0.8690625,0.8806242645764973,0.96078125,0.22265625,2,2,2,0,64,64,0,8000
unsw_full,point,2000,bh_unsw_full_point_2000,5030,0.865234375,0.8772129657040769,0.9565625,0.22609375,2,2,2,0,64,64,0,8000
unsw_full,strict,2000,bh_unsw_full_strict_2000,5001,0.8775,0.8860044594288236,0.9475,0.1925,4,4,3,1,128,128,0,16000
unsw_full,strict,2000,bh_unsw_full_strict_2000,5002,0.8565625,0.8704647591863193,0.95578125,0.24265625,4,4,1,3,128,128,0,16000
unsw_full,strict,2000,bh_unsw_full_strict_2000,5003,0.867265625,0.8784393505701555,0.95328125,0.21875,4,4,3,1,128,128,0,16000
unsw_full,strict,2000,bh_unsw_full_strict_2000,5004,0.86390625,0.8764074436258287,0.96078125,0.23296875,2,2,2,0,64,64,0,8000
unsw_full,strict,2000,bh_unsw_full_strict_2000,5005,0.878828125,0.8876981076779904,0.953125,0.19546875,3,3,2,1,96,96,0,12000
unsw_full,strict,2000,bh_unsw_full_strict_2000,5006,0.86609375,0.8774519557432169,0.95234375,0.22015625,3,3,2,1,96,96,0,12000
unsw_full,strict,2000,bh_unsw_full_strict_2000,5007,0.867734375,0.878221536461379,0.94828125,0.2128125,4,4,2,2,128,128,0,16000
unsw_full,strict,2000,bh_unsw_full_strict_2000,5008,0.875546875,0.8852909183233973,0.95578125,0.2046875,2,2,2,0,64,64,0,8000
unsw_full,strict,2000,bh_unsw_full_strict_2000,5009,0.869609375,0.8808255457053683,0.9575,0.21828125,3,3,2,1,96,96,0,12000
unsw_full,strict,2000,bh_unsw_full_strict_2000,5010,0.872265625,0.8833631561028406,0.95890625,0.214375,4,4,2,2,128,128,0,16000
unsw_full,strict,2000,bh_unsw_full_strict_2000,5011,0.868984375,0.8804427456226306,0.95765625,0.2196875,3,3,2,1,96,96,0,12000
unsw_full,strict,2000,bh_unsw_full_strict_2000,5012,0.871640625,0.8826314227002843,0.961875,0.21859375,5,5,2,3,160,160,0,20000
unsw_full,strict,2000,bh_unsw_full_strict_2000,5013,0.875390625,0.885613233412818,0.9603125,0.20953125,3,3,2,1,96,96,0,12000
unsw_full,strict,2000,bh_unsw_full_strict_2000,5014,0.871796875,0.8827252484359641,0.959375,0.21578125,4,4,2,2,128,128,0,16000
unsw_full,strict,2000,bh_unsw_full_strict_2000,5015,0.8696875,0.8813362203837823,0.9628125,0.2234375,2,2,2,0,64,64,0,8000
unsw_full,strict,2000,bh_unsw_full_strict_2000,5016,0.871640625,0.8822474679150859,0.9559375,0.21265625,3,3,2,1,96,96,0,12000
unsw_full,strict,2000,bh_unsw_full_strict_2000,5017,0.871484375,0.8822862314216395,0.954375,0.21140625,5,5,2,3,160,160,0,20000
unsw_full,strict,2000,bh_unsw_full_strict_2000,5018,0.86515625,0.8768689938611665,0.95109375,0.22078125,5,5,2,3,160,160,0,20000
unsw_full,strict,2000,bh_unsw_full_strict_2000,5019,0.86453125,0.8769771368571011,0.9575,0.2284375,4,4,2,2,128,128,0,16000
unsw_full,strict,2000,bh_unsw_full_strict_2000,5020,0.868671875,0.8793060153351611,0.953125,0.21578125,6,6,3,3,192,192,0,24000
unsw_full,strict,2000,bh_unsw_full_strict_2000,5021,0.871640625,0.882370992448556,0.9575,0.21421875,3,3,2,1,96,96,0,12000
unsw_full,strict,2000,bh_unsw_full_strict_2000,5022,0.86765625,0.8795268177521203,0.95984375,0.22453125,4,4,2,2,128,128,0,16000
unsw_full,strict,2000,bh_unsw_full_strict_2000,5023,0.874453125,0.8838604336113258,0.9534375,0.20453125,3,3,2,1,96,96,0,12000
unsw_full,strict,2000,bh_unsw_full_strict_2000,5024,0.864609375,0.8771223943846959,0.9590625,0.22984375,4,4,3,1,128,128,0,16000
unsw_full,strict,2000,bh_unsw_full_strict_2000,5025,0.87125,0.8817375220829292,0.956875,0.214375,3,3,2,1,96,96,0,12000
unsw_full,strict,2000,bh_unsw_full_strict_2000,5026,0.86671875,0.8783504970745617,0.95453125,0.22109375,2,2,2,0,64,64,0,8000
unsw_full,strict,2000,bh_unsw_full_strict_2000,5027,0.87265625,0.88218655722728,0.94875,0.2034375,5,5,2,3,160,160,0,20000
unsw_full,strict,2000,bh_unsw_full_strict_2000,5028,0.875703125,0.8849758401787465,0.95171875,0.2003125,3,3,3,0,96,96,0,12000
unsw_full,strict,2000,bh_unsw_full_strict_2000,5029,0.8690625,0.8806242645764973,0.96078125,0.22265625,2,2,2,0,64,64,0,8000
unsw_full,strict,2000,bh_unsw_full_strict_2000,5030,0.865234375,0.8772129657040769,0.9565625,0.22609375,2,2,2,0,64,64,0,8000
unsw_full,atc,2000,bh_unsw_full_atc_2000,5001,0.880078125,0.8881297368206162,0.946875,0.18671875,3,3,3,0,0,0,0,12000
unsw_full,atc,2000,bh_unsw_full_atc_2000,5002,0.872109375,0.8817929280658704,0.949375,0.20515625,2,2,2,0,0,0,0,8000
unsw_full,atc,2000,bh_unsw_full_atc_2000,5003,0.861953125,0.8745485013221083,0.9571875,0.23328125,4,4,3,1,0,0,0,16000
unsw_full,atc,2000,bh_unsw_full_atc_2000,5004,0.86109375,0.8759120247452756,0.96953125,0.24734375,4,4,1,3,0,0,0,16000
unsw_full,atc,2000,bh_unsw_full_atc_2000,5005,0.870546875,0.8815622060869991,0.9596875,0.21859375,2,2,2,0,0,0,0,8000
unsw_full,atc,2000,bh_unsw_full_atc_2000,5006,0.86921875,0.879360048360335,0.95,0.2115625,2,2,2,0,0,0,0,8000
unsw_full,atc,2000,bh_unsw_full_atc_2000,5007,0.875546875,0.8834194120743537,0.94015625,0.1890625,2,2,2,0,0,0,0,8000
unsw_full,atc,2000,bh_unsw_full_atc_2000,5008,0.875546875,0.8852909183233973,0.95578125,0.2046875,2,2,2,0,0,0,0,8000
unsw_full,atc,2000,bh_unsw_full_atc_2000,5009,0.872890625,0.8841763071941862,0.96578125,0.22,2,2,2,0,0,0,0,8000
unsw_full,atc,2000,bh_unsw_full_atc_2000,5010,0.88015625,0.8897048913792928,0.95953125,0.19921875,3,3,3,0,0,0,0,12000
unsw_full,atc,2000,bh_unsw_full_atc_2000,5011,0.868984375,0.8804427456226306,0.95765625,0.2196875,3,3,2,1,0,0,0,12000
unsw_full,atc,2000,bh_unsw_full_atc_2000,5012,0.86546875,0.8787019774567811,0.966875,0.2359375,5,5,2,3,0,0,0,20000
unsw_full,atc,2000,bh_unsw_full_atc_2000,5013,0.864921875,0.8781483894644043,0.96671875,0.236875,5,5,1,4,0,0,0,20000
unsw_full,atc,2000,bh_unsw_full_atc_2000,5014,0.872578125,0.8831916821653294,0.956875,0.21171875,4,4,2,2,0,0,0,16000
unsw_full,atc,2000,bh_unsw_full_atc_2000,5015,0.8696875,0.8813362203837823,0.9628125,0.2234375,2,2,2,0,0,0,0,8000
unsw_full,atc,2000,bh_unsw_full_atc_2000,5016,0.866015625,0.8793344439299838,0.96875,0.23671875,4,4,1,3,0,0,0,16000
unsw_full,atc,2000,bh_unsw_full_atc_2000,5017,0.871484375,0.8822862314216395,0.954375,0.21140625,5,5,2,3,0,0,0,20000
unsw_full,atc,2000,bh_unsw_full_atc_2000,5018,0.86234375,0.8742263911224272,0.9515625,0.226875,4,4,2,2,0,0,0,16000
unsw_full,atc,2000,bh_unsw_full_atc_2000,5019,0.8634375,0.8767129389573948,0.96453125,0.23765625,5,5,2,3,0,0,0,20000
unsw_full,atc,2000,bh_unsw_full_atc_2000,5020,0.876328125,0.8855061290449839,0.95203125,0.199375,4,4,3,1,0,0,0,16000
unsw_full,atc,2000,bh_unsw_full_atc_2000,5021,0.86859375,0.8801852175105541,0.95984375,0.22265625,4,4,2,2,0,0,0,16000
unsw_full,atc,2000,bh_unsw_full_atc_2000,5022,0.869921875,0.880040873808397,0.94859375,0.20875,4,4,2,2,0,0,0,16000
unsw_full,atc,2000,bh_unsw_full_atc_2000,5023,0.8746875,0.8836780971582522,0.94953125,0.20015625,3,3,2,1,0,0,0,12000
unsw_full,atc,2000,bh_unsw_full_atc_2000,5024,0.86640625,0.8789083496619474,0.9634375,0.230625,3,3,2,1,0,0,0,12000
unsw_full,atc,2000,bh_unsw_full_atc_2000,5025,0.8715625,0.8820182707460309,0.956875,0.21375,3,3,3,0,0,0,0,12000
unsw_full,atc,2000,bh_unsw_full_atc_2000,5026,0.86671875,0.8783504970745617,0.95453125,0.22109375,2,2,2,0,0,0,0,8000
unsw_full,atc,2000,bh_unsw_full_atc_2000,5027,0.87078125,0.8812661142221038,0.954375,0.2128125,5,5,3,2,0,0,0,20000
unsw_full,atc,2000,bh_unsw_full_atc_2000,5028,0.875234375,0.8845311897873277,0.9503125,0.19984375,4,4,2,2,0,0,0,16000
unsw_full,atc,2000,bh_unsw_full_atc_2000,5029,0.859921875,0.8742598749983482,0.96671875,0.246875,5,5,2,3,0,0,0,20000
unsw_full,atc,2000,bh_unsw_full_atc_2000,5030,0.871328125,0.8819488646669954,0.956875,0.21421875,3,3,2,1,0,0,0,12000
unsw_full,doc,2000,bh_unsw_full_doc_2000,5001,0.85703125,0.8666979909504205,0.923125,0.2090625,6,6,1,5,0,0,0,24000
unsw_full,doc,2000,bh_unsw_full_doc_2000,5002,0.872109375,0.8817929280658704,0.949375,0.20515625,2,2,2,0,0,0,0,8000
unsw_full,doc,2000,bh_unsw_full_doc_2000,5003,0.864609375,0.8778156702546718,0.96328125,0.2340625,4,4,2,2,0,0,0,16000
unsw_full,doc,2000,bh_unsw_full_doc_2000,5004,0.86109375,0.8759120247452756,0.96953125,0.24734375,4,4,1,3,0,0,0,16000
unsw_full,doc,2000,bh_unsw_full_doc_2000,5005,0.864453125,0.877610709822385,0.96390625,0.235,5,5,1,4,0,0,0,20000
unsw_full,doc,2000,bh_unsw_full_doc_2000,5006,0.8659375,0.8768547633402725,0.946875,0.215,4,4,1,3,0,0,0,16000
unsw_full,doc,2000,bh_unsw_full_doc_2000,5007,0.860625,0.8718561050560164,0.94359375,0.22234375,4,4,1,3,0,0,0,16000
unsw_full,doc,2000,bh_unsw_full_doc_2000,5008,0.875546875,0.8852909183233973,0.95578125,0.2046875,2,2,2,0,0,0,0,8000
unsw_full,doc,2000,bh_unsw_full_doc_2000,5009,0.872890625,0.8841763071941862,0.96578125,0.22,2,2,2,0,0,0,0,8000
unsw_full,doc,2000,bh_unsw_full_doc_2000,5010,0.86484375,0.8773724092078234,0.9609375,0.23125,5,5,2,3,0,0,0,20000
unsw_full,doc,2000,bh_unsw_full_doc_2000,5011,0.857578125,0.8719504216383698,0.96546875,0.2503125,3,3,1,2,0,0,0,12000
unsw_full,doc,2000,bh_unsw_full_doc_2000,5012,0.86546875,0.8787019774567811,0.966875,0.2359375,5,5,2,3,0,0,0,20000
unsw_full,doc,2000,bh_unsw_full_doc_2000,5013,0.864921875,0.8781483894644043,0.96671875,0.236875,5,5,1,4,0,0,0,20000
unsw_full,doc,2000,bh_unsw_full_doc_2000,5014,0.86109375,0.874183435275175,0.96046875,0.23828125,3,3,1,2,0,0,0,12000
unsw_full,doc,2000,bh_unsw_full_doc_2000,5015,0.87203125,0.8836422176014094,0.96390625,0.21984375,3,3,2,1,0,0,0,12000
unsw_full,doc,2000,bh_unsw_full_doc_2000,5016,0.866015625,0.8793344439299838,0.96875,0.23671875,4,4,1,3,0,0,0,16000
unsw_full,doc,2000,bh_unsw_full_doc_2000,5017,0.861875,0.87496621617506,0.95828125,0.23453125,5,5,1,4,0,0,0,20000
unsw_full,doc,2000,bh_unsw_full_doc_2000,5018,0.86234375,0.8742263911224272,0.9515625,0.226875,4,4,2,2,0,0,0,16000
unsw_full,doc,2000,bh_unsw_full_doc_2000,5019,0.8634375,0.8767129389573948,0.96453125,0.23765625,5,5,2,3,0,0,0,20000
unsw_full,doc,2000,bh_unsw_full_doc_2000,5020,0.8709375,0.8830995824708624,0.96609375,0.22421875,4,4,2,2,0,0,0,16000
unsw_full,doc,2000,bh_unsw_full_doc_2000,5021,0.865234375,0.8785397354010347,0.96484375,0.234375,5,5,2,3,0,0,0,20000
unsw_full,doc,2000,bh_unsw_full_doc_2000,5022,0.869921875,0.880040873808397,0.94859375,0.20875,4,4,2,2,0,0,0,16000
unsw_full,doc,2000,bh_unsw_full_doc_2000,5023,0.868203125,0.8799631268279843,0.959375,0.22296875,4,4,1,3,0,0,0,16000
unsw_full,doc,2000,bh_unsw_full_doc_2000,5024,0.870078125,0.8817867389354851,0.96234375,0.2221875,4,4,2,2,0,0,0,16000
unsw_full,doc,2000,bh_unsw_full_doc_2000,5025,0.8715625,0.8820182707460309,0.956875,0.21375,3,3,3,0,0,0,0,12000
unsw_full,doc,2000,bh_unsw_full_doc_2000,5026,0.871875,0.8821018237420148,0.9534375,0.2096875,3,3,2,1,0,0,0,12000
unsw_full,doc,2000,bh_unsw_full_doc_2000,5027,0.87078125,0.8812661142221038,0.954375,0.2128125,5,5,3,2,0,0,0,20000
unsw_full,doc,2000,bh_unsw_full_doc_2000,5028,0.8665625,0.8782633675615173,0.95515625,0.22203125,5,5,1,4,0,0,0,20000
unsw_full,doc,2000,bh_unsw_full_doc_2000,5029,0.860703125,0.8759829814249148,0.9721875,0.25078125,5,5,2,3,0,0,0,20000
unsw_full,doc,2000,bh_unsw_full_doc_2000,5030,0.865546875,0.8765133031789477,0.95125,0.22015625,5,5,2,3,0,0,0,20000
unsw_full,enscal,2000,bh_unsw_full_enscal_2000,5001,0.8765625,0.8835137222963659,0.93234375,0.17921875,3,3,3,0,0,0,0,12000
unsw_full,enscal,2000,bh_unsw_full_enscal_2000,5002,0.86390625,0.8747379866164074,0.94609375,0.21828125,2,2,2,0,0,0,0,8000
unsw_full,enscal,2000,bh_unsw_full_enscal_2000,5003,0.86484375,0.8758466044711973,0.94875,0.2190625,3,3,3,0,0,0,0,12000
unsw_full,enscal,2000,bh_unsw_full_enscal_2000,5004,0.859765625,0.8724913435769561,0.95640625,0.236875,2,2,2,0,0,0,0,8000
unsw_full,enscal,2000,bh_unsw_full_enscal_2000,5005,0.865,0.8760079915714578,0.95078125,0.22078125,2,2,2,0,0,0,0,8000
unsw_full,enscal,2000,bh_unsw_full_enscal_2000,5006,0.86578125,0.8757940633100435,0.943125,0.2115625,2,2,2,0,0,0,0,8000
unsw_full,enscal,2000,bh_unsw_full_enscal_2000,5007,0.870859375,0.8784397498198493,0.93125,0.18953125,2,2,2,0,0,0,0,8000
unsw_full,enscal,2000,bh_unsw_full_enscal_2000,5008,0.870078125,0.8804680439512499,0.95328125,0.213125,2,2,2,0,0,0,0,8000
unsw_full,enscal,2000,bh_unsw_full_enscal_2000,5009,0.865703125,0.8782080100105065,0.965,0.23359375,2,2,2,0,0,0,0,8000
unsw_full,enscal,2000,bh_unsw_full_enscal_2000,5010,0.876796875,0.8864841440673763,0.95546875,0.201875,3,3,3,0,0,0,0,12000
unsw_full,enscal,2000,bh_unsw_full_enscal_2000,5011,0.86125,0.8731741955446214,0.95234375,0.22984375,2,2,2,0,0,0,0,8000
unsw_full,enscal,2000,bh_unsw_full_enscal_2000,5012,0.87421875,0.8842543034925545,0.9565625,0.208125,3,3,3,0,0,0,0,12000
unsw_full,enscal,2000,bh_unsw_full_enscal_2000,5013,0.875703125,0.8849497641332547,0.9528125,0.20140625,3,3,3,0,0,0,0,12000
unsw_full,enscal,2000,bh_unsw_full_enscal_2000,5014,0.86703125,0.877898156761308,0.953125,0.2190625,3,3,3,0,0,0,0,12000
unsw_full,enscal,2000,bh_unsw_full_enscal_2000,5015,0.86421875,0.8762866649380409,0.95734375,0.22890625,2,2,2,0,0,0,0,8000
unsw_full,enscal,2000,bh_unsw_full_enscal_2000,5016,0.8696875,0.8793902674455891,0.94734375,0.20796875,3,3,3,0,0,0,0,12000
unsw_full,enscal,2000,bh_unsw_full_enscal_2000,5017,0.872265625,0.8810466600500103,0.94203125,0.1975,4,4,4,0,0,0,0,16000
unsw_full,enscal,2000,bh_unsw_full_enscal_2000,5018,0.863203125,0.8740919939914407,0.9475,0.22109375,2,2,2,0,0,0,0,8000
unsw_full,enscal,2000,bh_unsw_full_enscal_2000,5019,0.86828125,0.8784377223706641,0.9478125,0.21125,3,3,3,0,0,0,0,12000
unsw_full,enscal,2000,bh_unsw_full_enscal_2000,5020,0.868359375,0.8788097617413712,0.95109375,0.214375,3,3,3,0,0,0,0,12000
unsw_full,enscal,2000,bh_unsw_full_enscal_2000,5021,0.870859375,0.8799524435413926,0.9434375,0.20171875,3,3,3,0,0,0,0,12000
unsw_full,enscal,2000,bh_unsw_full_enscal_2000,5022,0.8671875,0.8767017798909228,0.94015625,0.20578125,3,3,3,0,0,0,0,12000
unsw_full,enscal,2000,bh_unsw_full_enscal_2000,5023,0.87703125,0.8851562078098835,0.944375,0.1903125,3,3,3,0,0,0,0,12000
unsw_full,enscal,2000,bh_unsw_full_enscal_2000,5024,0.86203125,0.8732550820251072,0.9471875,0.223125,3,3,3,0,0,0,0,12000
unsw_full,enscal,2000,bh_unsw_full_enscal_2000,5025,0.8653125,0.876529325456791,0.95328125,0.22265625,3,3,3,0,0,0,0,12000
unsw_full,enscal,2000,bh_unsw_full_enscal_2000,5026,0.8646875,0.8755594320896977,0.94734375,0.21796875,2,2,2,0,0,0,0,8000
unsw_full,enscal,2000,bh_unsw_full_enscal_2000,5027,0.86609375,0.8759005979500177,0.94203125,0.20984375,3,3,3,0,0,0,0,12000
unsw_full,enscal,2000,bh_unsw_full_enscal_2000,5028,0.872578125,0.8810817274877587,0.94015625,0.195,3,3,3,0,0,0,0,12000
unsw_full,enscal,2000,bh_unsw_full_enscal_2000,5029,0.864921875,0.8767058161768336,0.9565625,0.22671875,2,2,2,0,0,0,0,8000
unsw_full,enscal,2000,bh_unsw_full_enscal_2000,5030,0.86078125,0.8718789721019392,0.94359375,0.22203125,2,2,2,0,0,0,0,8000
unsw_full,replay,2000,bh_unsw_full_replay_2000,5001,0.85828125,0.8717886858528384,0.9578125,0.24125,3,3,3,0,0,0,0,12000
unsw_full,replay,2000,bh_unsw_full_replay_2000,5002,0.851015625,0.8663204905222684,0.95875,0.25671875,2,2,2,0,0,0,0,8000
unsw_full,replay,2000,bh_unsw_full_replay_2000,5003,0.83875,0.8577462491245517,0.965625,0.288125,3,3,3,0,0,0,0,12000
unsw_full,replay,2000,bh_unsw_full_replay_2000,5004,0.84984375,0.8654409406737723,0.96125,0.2615625,2,2,2,0,0,0,0,8000
unsw_full,replay,2000,bh_unsw_full_replay_2000,5005,0.858984375,0.8724746521942663,0.9596875,0.24171875,2,2,2,0,0,0,0,8000
unsw_full,replay,2000,bh_unsw_full_replay_2000,5006,0.85140625,0.8669225147605083,0.96203125,0.25921875,2,2,2,0,0,0,0,8000
unsw_full,replay,2000,bh_unsw_full_replay_2000,5007,0.85046875,0.864308257281574,0.9471875,0.24625,2,2,2,0,0,0,0,8000
unsw_full,replay,2000,bh_unsw_full_replay_2000,5008,0.854453125,0.8687160802316637,0.96046875,0.2515625,2,2,2,0,0,0,0,8000
unsw_full,replay,2000,bh_unsw_full_replay_2000,5009,0.850703125,0.8677504887385402,0.97546875,0.2740625,2,2,2,0,0,0,0,8000
unsw_full,replay,2000,bh_unsw_full_replay_2000,5010,0.860234375,0.8739169025669543,0.963125,0.24265625,3,3,3,0,0,0,0,12000
unsw_full,replay,2000,bh_unsw_full_replay_2000,5011,0.84578125,0.8634436580058026,0.97046875,0.27890625,2,2,2,0,0,0,0,8000
unsw_full,replay,2000,bh_unsw_full_replay_2000,5012,0.8525,0.8683037393110931,0.96765625,0.26265625,3,3,3,0,0,0,0,12000
unsw_full,replay,2000,bh_unsw_full_replay_2000,5013,0.855078125,0.8690497255500591,0.958125,0.24796875,3,3,3,0,0,0,0,12000
unsw_full,replay,2000,bh_unsw_full_replay_2000,5014,0.8490625,0.8648539030369523,0.96203125,0.26390625,3,3,3,0,0,0,0,12000
unsw_full,replay,2000,bh_unsw_full_replay_2000,5015,0.857265625,0.8712196644518242,0.9609375,0.24640625,2,2,2,0,0,0,0,8000
unsw_full,replay,2000,bh_unsw_full_replay_2000,5016,0.858125,0.8716572715096507,0.9609375,0.2446875,3,3,3,0,0,0,0,12000
unsw_full,replay,2000,bh_unsw_full_replay_2000,5017,0.849296875,0.864655769884278,0.95765625,0.2590625,4,4,4,0,0,0,0,16000
unsw_full,replay,2000,bh_unsw_full_replay_2000,5018,0.84640625,0.8626579822481466,0.959375,0.2665625,2,2,2,0,0,0,0,8000
unsw_full,replay,2000,bh_unsw_full_replay_2000,5019,0.848984375,0.864002235060575,0.95546875,0.2575,3,3,3,0,0,0,0,12000
unsw_full,replay,2000,bh_unsw_full_replay_2000,5020,0.853671875,0.8690285412806678,0.9646875,0.25734375,3,3,3,0,0,0,0,12000
unsw_full,replay,2000,bh_unsw_full_replay_2000,5021,0.848515625,0.8646259198063594,0.96046875,0.2634375,3,3,3,0,0,0,0,12000
unsw_full,replay,2000,bh_unsw_full_replay_2000,5022,0.84890625,0.8647904105964215,0.9603125,0.2625,3,3,3,0,0,0,0,12000
unsw_full,replay,2000,bh_unsw_full_replay_2000,5023,0.856640625,0.8709168571194341,0.96265625,0.249375,3,3,3,0,0,0,0,12000
unsw_full,replay,2000,bh_unsw_full_replay_2000,5024,0.84703125,0.8638889493830344,0.9653125,0.27125,3,3,3,0,0,0,0,12000
unsw_full,replay,2000,bh_unsw_full_replay_2000,5025,0.855390625,0.8703915207495938,0.96671875,0.2559375,3,3,3,0,0,0,0,12000
unsw_full,replay,2000,bh_unsw_full_replay_2000,5026,0.844765625,0.8612152399697962,0.95734375,0.2678125,2,2,2,0,0,0,0,8000
unsw_full,replay,2000,bh_unsw_full_replay_2000,5027,0.8503125,0.8644011075511416,0.9503125,0.2496875,3,3,3,0,0,0,0,12000
unsw_full,replay,2000,bh_unsw_full_replay_2000,5028,0.851640625,0.866971479489725,0.96203125,0.25875,3,3,3,0,0,0,0,12000
unsw_full,replay,2000,bh_unsw_full_replay_2000,5029,0.845078125,0.8626787996358902,0.9671875,0.27703125,2,2,2,0,0,0,0,8000
unsw_full,replay,2000,bh_unsw_full_replay_2000,5030,0.8521875,0.8682671823753096,0.96875,0.264375,2,2,2,0,0,0,0,8000
unsw_full,ddm,2000,bh_unsw_full_ddm_2000,5001,0.861171875,0.8703865458608288,0.92609375,0.20375,1,1,1,0,800,0,800,4000
unsw_full,ddm,2000,bh_unsw_full_ddm_2000,5002,0.83203125,0.8538466295466387,0.97015625,0.30609375,0,0,0,0,800,0,800,0
unsw_full,ddm,2000,bh_unsw_full_ddm_2000,5003,0.82828125,0.8510798284354153,0.97125,0.3146875,0,0,0,0,800,0,800,0
unsw_full,ddm,2000,bh_unsw_full_ddm_2000,5004,0.85640625,0.8724251010452018,0.96796875,0.25515625,1,1,1,0,800,0,800,4000
unsw_full,ddm,2000,bh_unsw_full_ddm_2000,5005,0.8659375,0.8786747570397434,0.963125,0.23125,1,1,1,0,800,0,800,4000
unsw_full,ddm,2000,bh_unsw_full_ddm_2000,5006,0.83953125,0.8575668856176396,0.9578125,0.27875,1,1,1,0,800,0,800,4000
unsw_full,ddm,2000,bh_unsw_full_ddm_2000,5007,0.86734375,0.8776166191541068,0.945625,0.2109375,1,1,1,0,800,0,800,4000
unsw_full,ddm,2000,bh_unsw_full_ddm_2000,5008,0.871328125,0.8822862046312064,0.95796875,0.2153125,2,2,2,0,800,0,800,8000
unsw_full,ddm,2000,bh_unsw_full_ddm_2000,5009,0.82875,0.8524766481289713,0.97671875,0.31921875,1,1,1,0,800,0,800,4000
unsw_full,ddm,2000,bh_unsw_full_ddm_2000,5010,0.85890625,0.8739952126800634,0.96734375,0.24953125,1,1,1,0,800,0,800,4000
unsw_full,ddm,2000,bh_unsw_full_ddm_2000,5011,0.824296875,0.849484458149114,0.98078125,0.3321875,0,0,0,0,800,0,800,0
unsw_full,ddm,2000,bh_unsw_full_ddm_2000,5012,0.8228125,0.849545708440812,0.98875,0.343125,1,1,1,0,800,0,800,4000
unsw_full,ddm,2000,bh_unsw_full_ddm_2000,5013,0.840703125,0.8609483425094893,0.97609375,0.2946875,1,1,1,0,800,0,800,4000
unsw_full,ddm,2000,bh_unsw_full_ddm_2000,5014,0.866640625,0.8793453392783952,0.96328125,0.23,2,2,2,0,800,0,800,8000
unsw_full,ddm,2000,bh_unsw_full_ddm_2000,5015,0.830390625,0.8537255033799171,0.97875,0.31796875,0,0,0,0,800,0,800,0
unsw_full,ddm,2000,bh_unsw_full_ddm_2000,5016,0.831328125,0.8535096078091564,0.97484375,0.3121875,0,0,0,0,800,0,800,0
unsw_full,ddm,2000,bh_unsw_full_ddm_2000,5017,0.841484375,0.8595706961194906,0.9625,0.27953125,1,1,1,0,800,0,800,4000
unsw_full,ddm,2000,bh_unsw_full_ddm_2000,5018,0.85859375,0.8701058798480856,0.94234375,0.22515625,2,2,2,0,800,0,800,8000
unsw_full,ddm,2000,bh_unsw_full_ddm_2000,5019,0.8246875,0.8489574948939171,0.9759375,0.3265625,0,0,0,0,800,0,800,0
unsw_full,ddm,2000,bh_unsw_full_ddm_2000,5020,0.8540625,0.8696598750929613,0.9665625,0.2584375,2,2,2,0,800,0,800,8000
unsw_full,ddm,2000,bh_unsw_full_ddm_2000,5021,0.8328125,0.8542651612752613,0.969375,0.30375,0,0,0,0,800,0,800,0
unsw_full,ddm,2000,bh_unsw_full_ddm_2000,5022,0.85109375,0.8660489256068385,0.9534375,0.25125,2,2,2,0,800,0,800,8000
unsw_full,ddm,2000,bh_unsw_full_ddm_2000,5023,0.867421875,0.8802617730188743,0.96625,0.23140625,3,3,3,0,800,0,800,12000
unsw_full,ddm,2000,bh_unsw_full_ddm_2000,5024,0.8271875,0.8501895783891704,0.9715625,0.3171875,0,0,0,0,800,0,800,0
unsw_full,ddm,2000,bh_unsw_full_ddm_2000,5025,0.828515625,0.8514127920464597,0.97421875,0.3171875,0,0,0,0,800,0,800,0
unsw_full,ddm,2000,bh_unsw_full_ddm_2000,5026,0.849921875,0.8651313381497668,0.95765625,0.2578125,1,1,1,0,800,0,800,4000
unsw_full,ddm,2000,bh_unsw_full_ddm_2000,5027,0.843984375,0.8610651345272808,0.96046875,0.2725,1,1,1,0,800,0,800,4000
unsw_full,ddm,2000,bh_unsw_full_ddm_2000,5028,0.867734375,0.8793181189261448,0.9575,0.22203125,3,3,3,0,800,0,800,12000
unsw_full,ddm,2000,bh_unsw_full_ddm_2000,5029,0.856015625,0.8699900431099299,0.95921875,0.2471875,1,1,1,0,800,0,800,4000
unsw_full,ddm,2000,bh_unsw_full_ddm_2000,5030,0.83109375,0.854757878397642,0.98390625,0.32171875,1,1,1,0,800,0,800,4000
unsw_full,adwin,2000,bh_unsw_full_adwin_2000,5001,0.84046875,0.8526339727197245,0.9171875,0.23625,0,0,0,0,800,0,800,0
unsw_full,adwin,2000,bh_unsw_full_adwin_2000,5002,0.83203125,0.8538466295466387,0.97015625,0.30609375,0,0,0,0,800,0,800,0
unsw_full,adwin,2000,bh_unsw_full_adwin_2000,5003,0.82828125,0.8510798284354153,0.97125,0.3146875,0,0,0,0,800,0,800,0
unsw_full,adwin,2000,bh_unsw_full_adwin_2000,5004,0.826796875,0.8503408541739423,0.97453125,0.3209375,0,0,0,0,800,0,800,0
unsw_full,adwin,2000,bh_unsw_full_adwin_2000,5005,0.836640625,0.8571498195441296,0.970625,0.29734375,0,0,0,0,800,0,800,0
unsw_full,adwin,2000,bh_unsw_full_adwin_2000,5006,0.83890625,0.8560459691896921,0.9503125,0.2725,0,0,0,0,800,0,800,0
unsw_full,adwin,2000,bh_unsw_full_adwin_2000,5007,0.836328125,0.8542213235566071,0.95046875,0.2778125,0,0,0,0,800,0,800,0
unsw_full,adwin,2000,bh_unsw_full_adwin_2000,5008,0.833203125,0.8541373703836536,0.9690625,0.30265625,0,0,0,0,800,0,800,0
unsw_full,adwin,2000,bh_unsw_full_adwin_2000,5009,0.82234375,0.8475972605288201,0.9790625,0.334375,0,0,0,0,800,0,800,0
unsw_full,adwin,2000,bh_unsw_full_adwin_2000,5010,0.833515625,0.8549476209823682,0.9709375,0.30390625,0,0,0,0,800,0,800,0
unsw_full,adwin,2000,bh_unsw_full_adwin_2000,5011,0.824296875,0.849484458149114,0.98078125,0.3321875,0,0,0,0,800,0,800,0
unsw_full,adwin,2000,bh_unsw_full_adwin_2000,5012,0.8275,0.8520278288209368,0.98234375,0.32734375,0,0,0,0,800,0,800,0
unsw_full,adwin,2000,bh_unsw_full_adwin_2000,5013,0.838984375,0.8597745707182676,0.97734375,0.299375,0,0,0,0,800,0,800,0
unsw_full,adwin,2000,bh_unsw_full_adwin_2000,5014,0.827109375,0.850485905799633,0.97421875,0.32,0,0,0,0,800,0,800,0
unsw_full,adwin,2000,bh_unsw_full_adwin_2000,5015,0.830390625,0.8537255033799171,0.97875,0.31796875,0,0,0,0,800,0,800,0
unsw_full,adwin,2000,bh_unsw_full_adwin_2000,5016,0.831328125,0.8535096078091564,0.97484375,0.3121875,0,0,0,0,800,0,800,0
unsw_full,adwin,2000,bh_unsw_full_adwin_2000,5017,0.83265625,0.8546428140140516,0.9746875,0.309375,0,0,0,0,800,0,800,0
unsw_full,adwin,2000,bh_unsw_full_adwin_2000,5018,0.8340625,0.8545630574383212,0.96640625,0.29828125,0,0,0,0,800,0,800,0
unsw_full,adwin,2000,bh_unsw_full_adwin_2000,5019,0.8246875,0.8489574948939171,0.9759375,0.3265625,0,0,0,0,800,0,800,0
unsw_full,adwin,2000,bh_unsw_full_adwin_2000,5020,0.821875,0.8490772727727603,0.98890625,0.34515625,0,0,0,0,800,0,800,0
unsw_full,adwin,2000,bh_unsw_full_adwin_2000,5021,0.8328125,0.8542651612752613,0.969375,0.30375,0,0,0,0,800,0,800,0
unsw_full,adwin,2000,bh_unsw_full_adwin_2000,5022,0.836015625,0.8544999223248815,0.955,0.28296875,0,0,0,0,800,0,800,0
unsw_full,adwin,2000,bh_unsw_full_adwin_2000,5023,0.839765625,0.8585245159579056,0.96265625,0.283125,0,0,0,0,800,0,800,0
unsw_full,adwin,2000,bh_unsw_full_adwin_2000,5024,0.8271875,0.8501895783891704,0.9715625,0.3171875,0,0,0,0,800,0,800,0
unsw_full,adwin,2000,bh_unsw_full_adwin_2000,5025,0.828515625,0.8514127920464597,0.97421875,0.3171875,0,0,0,0,800,0,800,0
unsw_full,adwin,2000,bh_unsw_full_adwin_2000,5026,0.8325,0.8542653908176169,0.971875,0.306875,0,0,0,0,800,0,800,0
unsw_full,adwin,2000,bh_unsw_full_adwin_2000,5027,0.8290625,0.8503843705052557,0.96359375,0.30546875,0,0,0,0,800,0,800,0
unsw_full,adwin,2000,bh_unsw_full_adwin_2000,5028,0.83578125,0.854743140514173,0.95796875,0.28640625,0,0,0,0,800,0,800,0
unsw_full,adwin,2000,bh_unsw_full_adwin_2000,5029,0.831171875,0.8538933759107533,0.97671875,0.314375,0,0,0,0,800,0,800,0
unsw_full,adwin,2000,bh_unsw_full_adwin_2000,5030,0.83015625,0.8521117649871877,0.97,0.3096875,0,0,0,0,800,0,800,0
unsw_full,naive,512,bh_unsw_full_naive_512,5001,0.86234375,0.8747404749083186,0.9534375,0.22875,3,3,3,0,0,0,0,3072
unsw_full,naive,512,bh_unsw_full_naive_512,5002,0.85546875,0.868728556345255,0.95203125,0.24109375,2,2,2,0,0,0,0,2048
unsw_full,naive,512,bh_unsw_full_naive_512,5003,0.85296875,0.8682179301048732,0.963125,0.2571875,3,3,3,0,0,0,0,3072
unsw_full,naive,512,bh_unsw_full_naive_512,5004,0.84421875,0.8626361071764903,0.97171875,0.28328125,2,2,2,0,0,0,0,2048
unsw_full,naive,512,bh_unsw_full_naive_512,5005,0.848984375,0.8657120673812579,0.96671875,0.26875,2,2,2,0,0,0,0,2048
unsw_full,naive,512,bh_unsw_full_naive_512,5006,0.8525,0.8674046128987102,0.95640625,0.25140625,2,2,2,0,0,0,0,2048
unsw_full,naive,512,bh_unsw_full_naive_512,5007,0.854609375,0.8690106557651912,0.9571875,0.24796875,2,2,2,0,0,0,0,2048
unsw_full,naive,512,bh_unsw_full_naive_512,5008,0.862890625,0.8751673387120141,0.95703125,0.23125,2,2,2,0,0,0,0,2048
unsw_full,naive,512,bh_unsw_full_naive_512,5009,0.861640625,0.8750011700440635,0.965,0.24171875,2,2,2,0,0,0,0,2048
unsw_full,naive,512,bh_unsw_full_naive_512,5010,0.8596875,0.8728831514957643,0.95875,0.239375,3,3,3,0,0,0,0,3072
unsw_full,naive,512,bh_unsw_full_naive_512,5011,0.8525,0.8684077125251103,0.96890625,0.26390625,2,2,2,0,0,0,0,2048
unsw_full,naive,512,bh_unsw_full_naive_512,5012,0.861796875,0.8742524407757797,0.95703125,0.2334375,3,3,3,0,0,0,0,3072
unsw_full,naive,512,bh_unsw_full_naive_512,5013,0.86125,0.8735395432948977,0.95375,0.23125,3,3,3,0,0,0,0,3072
unsw_full,naive,512,bh_unsw_full_naive_512,5014,0.85046875,0.8650824946071818,0.95515625,0.25421875,3,3,3,0,0,0,0,3072
unsw_full,naive,512,bh_unsw_full_naive_512,5015,0.855859375,0.8707059393005406,0.96484375,0.253125,2,2,2,0,0,0,0,2048
unsw_full,naive,512,bh_unsw_full_naive_512,5016,0.86046875,0.8735055213986285,0.96046875,0.23953125,3,3,3,0,0,0,0,3072
unsw_full,naive,512,bh_unsw_full_naive_512,5017,0.855234375,0.8696959808185213,0.9609375,0.25046875,4,4,4,0,0,0,0,4096
unsw_full,naive,512,bh_unsw_full_naive_512,5018,0.858125,0.8702709936793106,0.946875,0.230625,2,2,2,0,0,0,0,2048
unsw_full,naive,512,bh_unsw_full_naive_512,5019,0.851484375,0.8656391907220363,0.95359375,0.250625,3,3,3,0,0,0,0,3072
unsw_full,naive,512,bh_unsw_full_naive_512,5020,0.856953125,0.8696795510416163,0.95109375,0.2371875,3,3,3,0,0,0,0,3072
unsw_full,naive,512,bh_unsw_full_naive_512,5021,0.862578125,0.8744447611173178,0.95265625,0.2275,3,3,3,0,0,0,0,3072
unsw_full,naive,512,bh_unsw_full_naive_512,5022,0.8475,0.8621483761165427,0.94671875,0.25171875,3,3,3,0,0,0,0,3072
unsw_full,naive,512,bh_unsw_full_naive_512,5023,0.86703125,0.8783850379651263,0.955625,0.2215625,3,3,3,0,0,0,0,3072
unsw_full,naive,512,bh_unsw_full_naive_512,5024,0.856484375,0.869433820537094,0.950625,0.23765625,3,3,3,0,0,0,0,3072
unsw_full,naive,512,bh_unsw_full_naive_512,5025,0.855390625,0.8701648005210885,0.96484375,0.2540625,3,3,3,0,0,0,0,3072
unsw_full,naive,512,bh_unsw_full_naive_512,5026,0.847890625,0.8648938204787118,0.965,0.26921875,2,2,2,0,0,0,0,2048
unsw_full,naive,512,bh_unsw_full_naive_512,5027,0.85734375,0.8696996915223545,0.94796875,0.23328125,3,3,3,0,0,0,0,3072
unsw_full,naive,512,bh_unsw_full_naive_512,5028,0.858671875,0.8716080823975212,0.95453125,0.2371875,3,3,3,0,0,0,0,3072
unsw_full,naive,512,bh_unsw_full_naive_512,5029,0.8521875,0.8662752185052246,0.9534375,0.2490625,2,2,2,0,0,0,0,2048
unsw_full,naive,512,bh_unsw_full_naive_512,5030,0.841640625,0.859841881819592,0.965625,0.28234375,2,2,2,0,0,0,0,2048
unsw_full,point,512,bh_unsw_full_point_512,5001,0.86234375,0.8747404749083186,0.9534375,0.22875,3,3,3,0,96,96,0,3072
unsw_full,point,512,bh_unsw_full_point_512,5002,0.861171875,0.8726309016451016,0.94609375,0.22375,3,3,2,1,96,96,0,3072
unsw_full,point,512,bh_unsw_full_point_512,5003,0.855078125,0.8688746830337625,0.9534375,0.24328125,4,4,3,1,128,128,0,4096
unsw_full,point,512,bh_unsw_full_point_512,5004,0.86125,0.8737280129564903,0.955625,0.233125,3,3,2,1,96,96,0,3072
unsw_full,point,512,bh_unsw_full_point_512,5005,0.857578125,0.8704593008837769,0.9528125,0.23765625,3,3,2,1,96,96,0,3072
unsw_full,point,512,bh_unsw_full_point_512,5006,0.85796875,0.8692182850780228,0.94015625,0.22421875,3,3,2,1,96,96,0,3072
unsw_full,point,512,bh_unsw_full_point_512,5007,0.854609375,0.8690106557651912,0.9571875,0.24796875,2,2,2,0,64,64,0,2048
unsw_full,point,512,bh_unsw_full_point_512,5008,0.862890625,0.8751673387120141,0.95703125,0.23125,2,2,2,0,64,64,0,2048
unsw_full,point,512,bh_unsw_full_point_512,5009,0.85625,0.8711374400795566,0.96703125,0.25453125,3,3,2,1,96,96,0,3072
unsw_full,point,512,bh_unsw_full_point_512,5010,0.8596875,0.8728831514957643,0.95875,0.239375,3,3,3,0,96,96,0,3072
unsw_full,point,512,bh_unsw_full_point_512,5011,0.8525,0.8684077125251103,0.96890625,0.26390625,2,2,2,0,64,64,0,2048
unsw_full,point,512,bh_unsw_full_point_512,5012,0.8590625,0.8722730777197036,0.95875,0.240625,4,4,3,1,128,128,0,4096
unsw_full,point,512,bh_unsw_full_point_512,5013,0.86125,0.8735395432948977,0.95375,0.23125,3,3,3,0,96,96,0,3072
unsw_full,point,512,bh_unsw_full_point_512,5014,0.85046875,0.8650824946071818,0.95515625,0.25421875,3,3,3,0,96,96,0,3072
unsw_full,point,512,bh_unsw_full_point_512,5015,0.855859375,0.8707059393005406,0.96484375,0.253125,2,2,2,0,64,64,0,2048
unsw_full,point,512,bh_unsw_full_point_512,5016,0.86046875,0.8735055213986285,0.96046875,0.23953125,3,3,3,0,96,96,0,3072
unsw_full,point,512,bh_unsw_full_point_512,5017,0.851796875,0.8668657826627504,0.95703125,0.2534375,4,4,3,1,128,128,0,4096
unsw_full,point,512,bh_unsw_full_point_512,5018,0.85625,0.8702077998946676,0.95703125,0.24453125,3,3,2,1,96,96,0,3072
unsw_full,point,512,bh_unsw_full_point_512,5019,0.851484375,0.8656391907220363,0.95359375,0.250625,3,3,3,0,96,96,0,3072
unsw_full,point,512,bh_unsw_full_point_512,5020,0.859609375,0.8716194109274485,0.9503125,0.23109375,4,4,3,1,128,128,0,4096
unsw_full,point,512,bh_unsw_full_point_512,5021,0.86171875,0.8743126268297385,0.9575,0.2340625,4,4,3,1,128,128,0,4096
unsw_full,point,512,bh_unsw_full_point_512,5022,0.8509375,0.865709870157678,0.95421875,0.25234375,4,4,3,1,128,128,0,4096
unsw_full,point,512,bh_unsw_full_point_512,5023,0.86703125,0.8783850379651263,0.955625,0.2215625,3,3,3,0,96,96,0,3072
unsw_full,point,512,bh_unsw_full_point_512,5024,0.853515625,0.8693459487878077,0.9690625,0.26203125,3,3,2,1,96,96,0,3072
unsw_full,point,512,bh_unsw_full_point_512,5025,0.855390625,0.8701648005210885,0.96484375,0.2540625,3,3,3,0,96,96,0,3072
unsw_full,point,512,bh_unsw_full_point_512,5026,0.858828125,0.8717031342045632,0.955625,0.23796875,3,3,2,1,96,96,0,3072
unsw_full,point,512,bh_unsw_full_point_512,5027,0.861328125,0.8738434111143535,0.956875,0.23421875,3,3,2,1,96,96,0,3072
unsw_full,point,512,bh_unsw_full_point_512,5028,0.858671875,0.8716080823975212,0.95453125,0.2371875,3,3,3,0,96,96,0,3072
unsw_full,point,512,bh_unsw_full_point_512,5029,0.86265625,0.874085373154692,0.95015625,0.22484375,3,3,2,1,96,96,0,3072
unsw_full,point,512,bh_unsw_full_point_512,5030,0.841640625,0.859841881819592,0.965625,0.28234375,2,2,2,0,64,64,0,2048
unsw_full,strict,512,bh_unsw_full_strict_512,5001,0.858515625,0.8689214454435303,0.934375,0.21734375,4,4,1,3,128,128,0,4096
unsw_full,strict,512,bh_unsw_full_strict_512,5002,0.84953125,0.8655105847596428,0.96078125,0.26171875,4,4,1,3,128,128,0,4096
unsw_full,strict,512,bh_unsw_full_strict_512,5003,0.85484375,0.8693626674423374,0.96078125,0.25109375,5,5,2,3,160,160,0,5120
unsw_full,strict,512,bh_unsw_full_strict_512,5004,0.86125,0.8737280129564903,0.955625,0.233125,3,3,2,1,96,96,0,3072
unsw_full,strict,512,bh_unsw_full_strict_512,5005,0.852890625,0.868278579313375,0.964375,0.25859375,4,4,1,3,128,128,0,4096
unsw_full,strict,512,bh_unsw_full_strict_512,5006,0.85796875,0.8692182850780228,0.94015625,0.22421875,3,3,2,1,96,96,0,3072
unsw_full,strict,512,bh_unsw_full_strict_512,5007,0.854609375,0.8690106557651912,0.9571875,0.24796875,2,2,2,0,64,64,0,2048
unsw_full,strict,512,bh_unsw_full_strict_512,5008,0.862890625,0.8751673387120141,0.95703125,0.23125,2,2,2,0,64,64,0,2048
unsw_full,strict,512,bh_unsw_full_strict_512,5009,0.85625,0.8711374400795566,0.96703125,0.25453125,3,3,2,1,96,96,0,3072
unsw_full,strict,512,bh_unsw_full_strict_512,5010,0.859765625,0.8735671893712113,0.96234375,0.2428125,4,4,2,2,128,128,0,4096
unsw_full,strict,512,bh_unsw_full_strict_512,5011,0.854609375,0.8692445868568144,0.9609375,0.25171875,3,3,2,1,96,96,0,3072
unsw_full,strict,512,bh_unsw_full_strict_512,5012,0.855546875,0.8707807719564872,0.9665625,0.25546875,5,5,2,3,160,160,0,5120
unsw_full,strict,512,bh_unsw_full_strict_512,5013,0.857890625,0.8716922288884561,0.96109375,0.2453125,3,3,2,1,96,96,0,3072
unsw_full,strict,512,bh_unsw_full_strict_512,5014,0.849140625,0.86409262959119,0.95609375,0.2578125,3,3,2,1,96,96,0,3072
unsw_full,strict,512,bh_unsw_full_strict_512,5015,0.855859375,0.8707059393005406,0.96484375,0.253125,2,2,2,0,64,64,0,2048
unsw_full,strict,512,bh_unsw_full_strict_512,5016,0.851484375,0.8674948704293106,0.96859375,0.265625,3,3,1,2,96,96,0,3072
unsw_full,strict,512,bh_unsw_full_strict_512,5017,0.85296875,0.8685525822202349,0.96578125,0.25984375,5,5,1,4,160,160,0,5120
unsw_full,strict,512,bh_unsw_full_strict_512,5018,0.8446875,0.8616961341840118,0.95890625,0.26953125,6,6,1,5,192,192,0,6144
unsw_full,strict,512,bh_unsw_full_strict_512,5019,0.846171875,0.8626213415937571,0.9603125,0.26796875,4,4,3,1,128,128,0,4096
unsw_full,strict,512,bh_unsw_full_strict_512,5020,0.859609375,0.8716194109274485,0.9503125,0.23109375,4,4,3,1,128,128,0,4096
unsw_full,strict,512,bh_unsw_full_strict_512,5021,0.856171875,0.871005717372148,0.96578125,0.2534375,4,4,2,2,128,128,0,4096
unsw_full,strict,512,bh_unsw_full_strict_512,5022,0.84515625,0.8620826741331297,0.95984375,0.26953125,4,4,2,2,128,128,0,4096
unsw_full,strict,512,bh_unsw_full_strict_512,5023,0.86375,0.8768521665576136,0.9646875,0.2371875,4,4,2,2,128,128,0,4096
unsw_full,strict,512,bh_unsw_full_strict_512,5024,0.853515625,0.8693459487878077,0.9690625,0.26203125,3,3,2,1,96,96,0,3072
unsw_full,strict,512,bh_unsw_full_strict_512,5025,0.851015625,0.8671309803210719,0.96765625,0.265625,4,4,2,2,128,128,0,4096
unsw_full,strict,512,bh_unsw_full_strict_512,5026,0.853984375,0.8685025321559433,0.95984375,0.251875,4,4,2,2,128,128,0,4096
unsw_full,strict,512,bh_unsw_full_strict_512,5027,0.85765625,0.870028656777594,0.9484375,0.233125,5,5,2,3,160,160,0,5120
unsw_full,strict,512,bh_unsw_full_strict_512,5028,0.86265625,0.8746969555977796,0.95296875,0.22765625,5,5,2,3,160,160,0,5120
unsw_full,strict,512,bh_unsw_full_strict_512,5029,0.859609375,0.8718216132023561,0.95078125,0.2315625,4,4,2,2,128,128,0,4096
unsw_full,strict,512,bh_unsw_full_strict_512,5030,0.854609375,0.8695731927286795,0.9653125,0.25609375,5,5,2,3,160,160,0,5120
unsw_full,atc,512,bh_unsw_full_atc_512,5001,0.858515625,0.8689214454435303,0.934375,0.21734375,4,4,1,3,0,0,0,4096
unsw_full,atc,512,bh_unsw_full_atc_512,5002,0.85546875,0.868728556345255,0.95203125,0.24109375,2,2,2,0,0,0,0,2048
unsw_full,atc,512,bh_unsw_full_atc_512,5003,0.855078125,0.8688746830337625,0.9534375,0.24328125,4,4,3,1,0,0,0,4096
unsw_full,atc,512,bh_unsw_full_atc_512,5004,0.852265625,0.8685806723348699,0.96875,0.26421875,4,4,1,3,0,0,0,4096
unsw_full,atc,512,bh_unsw_full_atc_512,5005,0.857578125,0.8704593008837769,0.9528125,0.23765625,3,3,2,1,0,0,0,3072
unsw_full,atc,512,bh_unsw_full_atc_512,5006,0.85875,0.87031095393049,0.94453125,0.22703125,3,3,1,2,0,0,0,3072
unsw_full,atc,512,bh_unsw_full_atc_512,5007,0.854609375,0.8690106557651912,0.9571875,0.24796875,2,2,2,0,0,0,0,2048
unsw_full,atc,512,bh_unsw_full_atc_512,5008,0.848515625,0.8637683183745456,0.9565625,0.25953125,4,4,2,2,0,0,0,4096
unsw_full,atc,512,bh_unsw_full_atc_512,5009,0.8621875,0.8757379544670947,0.96609375,0.24171875,3,3,2,1,0,0,0,3072
unsw_full,atc,512,bh_unsw_full_atc_512,5010,0.8596875,0.8728831514957643,0.95875,0.239375,3,3,3,0,0,0,0,3072
unsw_full,atc,512,bh_unsw_full_atc_512,5011,0.846796875,0.8645669200634436,0.96921875,0.275625,4,4,2,2,0,0,0,4096
unsw_full,atc,512,bh_unsw_full_atc_512,5012,0.855859375,0.8712444286650832,0.97125,0.25953125,6,6,3,3,0,0,0,6144
unsw_full,atc,512,bh_unsw_full_atc_512,5013,0.846953125,0.8651145175288661,0.97234375,0.2784375,7,7,1,6,0,0,0,7168
unsw_full,atc,512,bh_unsw_full_atc_512,5014,0.856171875,0.8705606953624081,0.96375,0.25140625,3,3,2,1,0,0,0,3072
unsw_full,atc,512,bh_unsw_full_atc_512,5015,0.858828125,0.8735862928576368,0.96890625,0.25125,3,3,2,1,0,0,0,3072
unsw_full,atc,512,bh_unsw_full_atc_512,5016,0.85265625,0.8686063567853082,0.96984375,0.26453125,4,4,1,3,0,0,0,4096
unsw_full,atc,512,bh_unsw_full_atc_512,5017,0.85296875,0.8685525822202349,0.96578125,0.25984375,5,5,1,4,0,0,0,5120
unsw_full,atc,512,bh_unsw_full_atc_512,5018,0.844296875,0.8607385765142405,0.95640625,0.2678125,4,4,2,2,0,0,0,4096
unsw_full,atc,512,bh_unsw_full_atc_512,5019,0.846796875,0.8630490073067879,0.9609375,0.26734375,5,5,2,3,0,0,0,5120
unsw_full,atc,512,bh_unsw_full_atc_512,5020,0.85265625,0.8678413992503415,0.9621875,0.256875,5,5,1,4,0,0,0,5120
unsw_full,atc,512,bh_unsw_full_atc_512,5021,0.856953125,0.8717680064122978,0.965,0.25109375,5,5,2,3,0,0,0,5120
unsw_full,atc,512,bh_unsw_full_atc_512,5022,0.8571875,0.8706196169400476,0.955,0.240625,6,6,2,4,0,0,0,6144
unsw_full,atc,512,bh_unsw_full_atc_512,5023,0.8653125,0.8771066923961098,0.95609375,0.22546875,4,4,3,1,0,0,0,4096
unsw_full,atc,512,bh_unsw_full_atc_512,5024,0.846953125,0.8647881704934519,0.97,0.27609375,6,6,1,5,0,0,0,6144
unsw_full,atc,512,bh_unsw_full_atc_512,5025,0.859609375,0.8733074407117211,0.9625,0.24328125,4,4,2,2,0,0,0,4096
unsw_full,atc,512,bh_unsw_full_atc_512,5026,0.858828125,0.8717031342045632,0.955625,0.23796875,3,3,2,1,0,0,0,3072
unsw_full,atc,512,bh_unsw_full_atc_512,5027,0.85734375,0.8696996915223545,0.94796875,0.23328125,3,3,3,0,0,0,0,3072
unsw_full,atc,512,bh_unsw_full_atc_512,5028,0.86171875,0.8727820628861849,0.9453125,0.221875,4,4,2,2,0,0,0,4096
unsw_full,atc,512,bh_unsw_full_atc_512,5029,0.859609375,0.8718216132023561,0.95078125,0.2315625,4,4,2,2,0,0,0,4096
unsw_full,atc,512,bh_unsw_full_atc_512,5030,0.841640625,0.859841881819592,0.965625,0.28234375,2,2,2,0,0,0,0,2048
unsw_full,doc,512,bh_unsw_full_doc_512,5001,0.854609375,0.8646544917655276,0.9234375,0.21421875,6,6,1,5,0,0,0,6144
unsw_full,doc,512,bh_unsw_full_doc_512,5002,0.861171875,0.8726309016451016,0.94609375,0.22375,3,3,2,1,0,0,0,3072
unsw_full,doc,512,bh_unsw_full_doc_512,5003,0.848359375,0.8652346631890541,0.96640625,0.2696875,4,4,2,2,0,0,0,4096
unsw_full,doc,512,bh_unsw_full_doc_512,5004,0.852265625,0.8685806723348699,0.96875,0.26421875,4,4,1,3,0,0,0,4096
unsw_full,doc,512,bh_unsw_full_doc_512,5005,0.853984375,0.8696065499877755,0.96359375,0.255625,6,6,1,5,0,0,0,6144
unsw_full,doc,512,bh_unsw_full_doc_512,5006,0.851171875,0.8651527067682849,0.9465625,0.24421875,5,5,1,4,0,0,0,5120
unsw_full,doc,512,bh_unsw_full_doc_512,5007,0.85703125,0.869438895238551,0.9471875,0.233125,5,5,1,4,0,0,0,5120
unsw_full,doc,512,bh_unsw_full_doc_512,5008,0.862890625,0.8751673387120141,0.95703125,0.23125,2,2,2,0,0,0,0,2048
unsw_full,doc,512,bh_unsw_full_doc_512,5009,0.85015625,0.8674945872834608,0.97375,0.2734375,4,4,1,3,0,0,0,4096
unsw_full,doc,512,bh_unsw_full_doc_512,5010,0.839140625,0.8590243801830549,0.96953125,0.29125,6,6,1,5,0,0,0,6144
unsw_full,doc,512,bh_unsw_full_doc_512,5011,0.84453125,0.8633033304893387,0.9721875,0.283125,5,5,1,4,0,0,0,5120
unsw_full,doc,512,bh_unsw_full_doc_512,5012,0.84453125,0.8638565772889492,0.97390625,0.28484375,6,6,1,5,0,0,0,6144
unsw_full,doc,512,bh_unsw_full_doc_512,5013,0.846953125,0.8651145175288661,0.97234375,0.2784375,7,7,1,6,0,0,0,7168
unsw_full,doc,512,bh_unsw_full_doc_512,5014,0.849140625,0.8664137112763443,0.9684375,0.27015625,5,5,1,4,0,0,0,5120
unsw_full,doc,512,bh_unsw_full_doc_512,5015,0.860234375,0.8746335789660756,0.96828125,0.2478125,4,4,2,2,0,0,0,4096
unsw_full,doc,512,bh_unsw_full_doc_512,5016,0.8496875,0.8664785572609136,0.96859375,0.26921875,5,5,1,4,0,0,0,5120
unsw_full,doc,512,bh_unsw_full_doc_512,5017,0.85296875,0.8685525822202349,0.96578125,0.25984375,5,5,1,4,0,0,0,5120
unsw_full,doc,512,bh_unsw_full_doc_512,5018,0.84875,0.8643718511275488,0.95703125,0.25953125,5,5,1,4,0,0,0,5120
unsw_full,doc,512,bh_unsw_full_doc_512,5019,0.85,0.8672607335422196,0.97421875,0.27421875,6,6,2,4,0,0,0,6144
unsw_full,doc,512,bh_unsw_full_doc_512,5020,0.85265625,0.8678413992503415,0.9621875,0.256875,5,5,1,4,0,0,0,5120
unsw_full,doc,512,bh_unsw_full_doc_512,5021,0.856953125,0.8717680064122978,0.965,0.25109375,5,5,2,3,0,0,0,5120
unsw_full,doc,512,bh_unsw_full_doc_512,5022,0.851171875,0.8660129179053909,0.95375,0.25140625,6,6,1,5,0,0,0,6144
unsw_full,doc,512,bh_unsw_full_doc_512,5023,0.8571875,0.870577967488773,0.95265625,0.23828125,5,5,1,4,0,0,0,5120
unsw_full,doc,512,bh_unsw_full_doc_512,5024,0.846953125,0.8647881704934519,0.97,0.27609375,6,6,1,5,0,0,0,6144
unsw_full,doc,512,bh_unsw_full_doc_512,5025,0.848515625,0.8650473480850213,0.96265625,0.265625,5,5,1,4,0,0,0,5120
unsw_full,doc,512,bh_unsw_full_doc_512,5026,0.848828125,0.8655524544799031,0.96609375,0.2684375,5,5,1,4,0,0,0,5120
unsw_full,doc,512,bh_unsw_full_doc_512,5027,0.84875,0.8651555266676685,0.96453125,0.26703125,5,5,1,4,0,0,0,5120
unsw_full,doc,512,bh_unsw_full_doc_512,5028,0.853359375,0.8679173725498395,0.95546875,0.24875,6,6,1,5,0,0,0,6144
unsw_full,doc,512,bh_unsw_full_doc_512,5029,0.831171875,0.8538933759107533,0.97671875,0.314375,6,6,0,6,0,0,0,6144
unsw_full,doc,512,bh_unsw_full_doc_512,5030,0.8475,0.8636864977381963,0.9609375,0.2659375,5,5,2,3,0,0,0,5120
unsw_full,enscal,512,bh_unsw_full_enscal_512,5001,0.86734375,0.8772662836528363,0.9434375,0.20875,3,3,3,0,0,0,0,3072
unsw_full,enscal,512,bh_unsw_full_enscal_512,5002,0.855703125,0.8681835252059545,0.94609375,0.2346875,2,2,2,0,0,0,0,2048
unsw_full,enscal,512,bh_unsw_full_enscal_512,5003,0.856640625,0.8697895354329198,0.9534375,0.24015625,3,3,3,0,0,0,0,3072
unsw_full,enscal,512,bh_unsw_full_enscal_512,5004,0.851171875,0.8663291796995288,0.960625,0.25828125,2,2,2,0,0,0,0,2048
unsw_full,enscal,512,bh_unsw_full_enscal_512,5005,0.85359375,0.8674864350328829,0.9540625,0.246875,2,2,2,0,0,0,0,2048
unsw_full,enscal,512,bh_unsw_full_enscal_512,5006,0.856171875,0.8685674726631778,0.94546875,0.233125,2,2,2,0,0,0,0,2048
unsw_full,enscal,512,bh_unsw_full_enscal_512,5007,0.858046875,0.8687988155457402,0.93703125,0.2209375,2,2,2,0,0,0,0,2048
unsw_full,enscal,512,bh_unsw_full_enscal_512,5008,0.8603125,0.8721164745383148,0.94984375,0.22921875,2,2,2,0,0,0,0,2048
unsw_full,enscal,512,bh_unsw_full_enscal_512,5009,0.858359375,0.8720027576473786,0.96234375,0.245625,2,2,2,0,0,0,0,2048
unsw_full,enscal,512,bh_unsw_full_enscal_512,5010,0.865703125,0.8774484828218705,0.9571875,0.22578125,3,3,3,0,0,0,0,3072
unsw_full,enscal,512,bh_unsw_full_enscal_512,5011,0.85671875,0.8709533055684446,0.96390625,0.25046875,2,2,2,0,0,0,0,2048
unsw_full,enscal,512,bh_unsw_full_enscal_512,5012,0.863203125,0.8754200222910064,0.95765625,0.23125,3,3,3,0,0,0,0,3072
unsw_full,enscal,512,bh_unsw_full_enscal_512,5013,0.863828125,0.8747711725668507,0.948125,0.22046875,3,3,3,0,0,0,0,3072
unsw_full,enscal,512,bh_unsw_full_enscal_512,5014,0.84890625,0.8626005867111602,0.94546875,0.24765625,3,3,3,0,0,0,0,3072
unsw_full,enscal,512,bh_unsw_full_enscal_512,5015,0.857734375,0.8711216790041952,0.9575,0.24203125,2,2,2,0,0,0,0,2048
unsw_full,enscal,512,bh_unsw_full_enscal_512,5016,0.863828125,0.8752216475057325,0.95234375,0.2246875,3,3,3,0,0,0,0,3072
unsw_full,enscal,512,bh_unsw_full_enscal_512,5017,0.85828125,0.8699803068101507,0.944375,0.2278125,4,4,4,0,0,0,0,4096
unsw_full,enscal,512,bh_unsw_full_enscal_512,5018,0.858671875,0.8707711914760873,0.94921875,0.231875,2,2,2,0,0,0,0,2048
unsw_full,enscal,512,bh_unsw_full_enscal_512,5019,0.856015625,0.8682454816989938,0.94578125,0.23375,3,3,3,0,0,0,0,3072
unsw_full,enscal,512,bh_unsw_full_enscal_512,5020,0.861484375,0.8738575298610708,0.9553125,0.23234375,3,3,3,0,0,0,0,3072
unsw_full,enscal,512,bh_unsw_full_enscal_512,5021,0.859765625,0.87147040714906,0.94703125,0.2275,3,3,3,0,0,0,0,3072
unsw_full,enscal,512,bh_unsw_full_enscal_512,5022,0.85296875,0.8653130850717129,0.94,0.2340625,3,3,3,0,0,0,0,3072
unsw_full,enscal,512,bh_unsw_full_enscal_512,5023,0.86765625,0.8780762976352023,0.95015625,0.21484375,3,3,3,0,0,0,0,3072
unsw_full,enscal,512,bh_unsw_full_enscal_512,5024,0.85890625,0.8700216172081674,0.9421875,0.224375,3,3,3,0,0,0,0,3072
unsw_full,enscal,512,bh_unsw_full_enscal_512,5025,0.85859375,0.8719120328346684,0.95859375,0.24140625,3,3,3,0,0,0,0,3072
unsw_full,enscal,512,bh_unsw_full_enscal_512,5026,0.85640625,0.8702847114327795,0.95890625,0.24609375,2,2,2,0,0,0,0,2048
unsw_full,enscal,512,bh_unsw_full_enscal_512,5027,0.855390625,0.8667929573655921,0.9384375,0.22765625,3,3,3,0,0,0,0,3072
unsw_full,enscal,512,bh_unsw_full_enscal_512,5028,0.864140625,0.8743096744879463,0.9409375,0.21265625,3,3,3,0,0,0,0,3072
unsw_full,enscal,512,bh_unsw_full_enscal_512,5029,0.856875,0.8698785232561056,0.95328125,0.23953125,2,2,2,0,0,0,0,2048
unsw_full,enscal,512,bh_unsw_full_enscal_512,5030,0.8528125,0.8669553575958999,0.95546875,0.24984375,2,2,2,0,0,0,0,2048
ton_full,never,n/a,bh_ton_full_never,5001,0.898984375,0.8970630311317391,,,0,0,0,0,0,0,0,0
ton_full,never,n/a,bh_ton_full_never,5002,0.927109375,0.9276047973494144,,,0,0,0,0,0,0,0,0
ton_full,never,n/a,bh_ton_full_never,5003,0.922734375,0.9230203154232386,,,0,0,0,0,0,0,0,0
ton_full,never,n/a,bh_ton_full_never,5004,0.931796875,0.9328383439349353,,,0,0,0,0,0,0,0,0
ton_full,never,n/a,bh_ton_full_never,5005,0.92828125,0.9291783532109956,,,0,0,0,0,0,0,0,0
ton_full,never,n/a,bh_ton_full_never,5006,0.92125,0.9210531780494966,,,0,0,0,0,0,0,0,0
ton_full,never,n/a,bh_ton_full_never,5007,0.8771875,0.872133901173976,,,0,0,0,0,0,0,0,0
ton_full,never,n/a,bh_ton_full_never,5008,0.923671875,0.9250838536877711,,,0,0,0,0,0,0,0,0
ton_full,never,n/a,bh_ton_full_never,5009,0.928828125,0.9290688005967435,,,0,0,0,0,0,0,0,0
ton_full,never,n/a,bh_ton_full_never,5010,0.915703125,0.9162958256462942,,,0,0,0,0,0,0,0,0
ton_full,never,n/a,bh_ton_full_never,5011,0.920234375,0.9200349019033197,,,0,0,0,0,0,0,0,0
ton_full,never,n/a,bh_ton_full_never,5012,0.923515625,0.9243175637553241,,,0,0,0,0,0,0,0,0
ton_full,never,n/a,bh_ton_full_never,5013,0.931484375,0.9323880013684693,,,0,0,0,0,0,0,0,0
ton_full,never,n/a,bh_ton_full_never,5014,0.896640625,0.8936611903175111,,,0,0,0,0,0,0,0,0
ton_full,never,n/a,bh_ton_full_never,5015,0.913359375,0.9129253866630545,,,0,0,0,0,0,0,0,0
ton_full,never,n/a,bh_ton_full_never,5016,0.926171875,0.926851897217349,,,0,0,0,0,0,0,0,0
ton_full,never,n/a,bh_ton_full_never,5017,0.92078125,0.9213178810335446,,,0,0,0,0,0,0,0,0
ton_full,never,n/a,bh_ton_full_never,5018,0.929375,0.929892367341405,,,0,0,0,0,0,0,0,0
ton_full,never,n/a,bh_ton_full_never,5019,0.926328125,0.9268531358392816,,,0,0,0,0,0,0,0,0
ton_full,never,n/a,bh_ton_full_never,5020,0.9278125,0.9286368806263328,,,0,0,0,0,0,0,0,0
ton_full,never,n/a,bh_ton_full_never,5021,0.931484375,0.932280279074672,,,0,0,0,0,0,0,0,0
ton_full,never,n/a,bh_ton_full_never,5022,0.92640625,0.9272843240569599,,,0,0,0,0,0,0,0,0
ton_full,never,n/a,bh_ton_full_never,5023,0.916171875,0.9159068802223146,,,0,0,0,0,0,0,0,0
ton_full,never,n/a,bh_ton_full_never,5024,0.90625,0.9046410064005024,,,0,0,0,0,0,0,0,0
ton_full,never,n/a,bh_ton_full_never,5025,0.923203125,0.9237844690510348,,,0,0,0,0,0,0,0,0
ton_full,never,n/a,bh_ton_full_never,5026,0.9146875,0.9144502742334175,,,0,0,0,0,0,0,0,0
ton_full,never,n/a,bh_ton_full_never,5027,0.926796875,0.9274602327134014,,,0,0,0,0,0,0,0,0
ton_full,never,n/a,bh_ton_full_never,5028,0.89,0.8864088172946445,,,0,0,0,0,0,0,0,0
ton_full,never,n/a,bh_ton_full_never,5029,0.918125,0.9185941799722116,,,0,0,0,0,0,0,0,0
ton_full,never,n/a,bh_ton_full_never,5030,0.930703125,0.9318048087040718,,,0,0,0,0,0,0,0,0
ton_full,naive,2000,bh_ton_full_naive_2000,5001,0.9440625,0.9449714223474516,0.9575,0.069375,3,3,3,0,0,0,0,12000
ton_full,naive,2000,bh_ton_full_naive_2000,5002,0.947890625,0.9485584212211848,0.95953125,0.06375,2,2,2,0,0,0,0,8000
ton_full,naive,2000,bh_ton_full_naive_2000,5003,0.948046875,0.9489705518193816,0.9634375,0.06734375,3,3,3,0,0,0,0,12000
ton_full,naive,2000,bh_ton_full_naive_2000,5004,0.953984375,0.9548346905465932,0.9659375,0.05796875,3,3,3,0,0,0,0,12000
ton_full,naive,2000,bh_ton_full_naive_2000,5005,0.938671875,0.9403638387523883,0.96421875,0.086875,3,3,3,0,0,0,0,12000
ton_full,naive,2000,bh_ton_full_naive_2000,5006,0.952890625,0.9532590557828581,0.9575,0.05171875,2,2,2,0,0,0,0,8000
ton_full,naive,2000,bh_ton_full_naive_2000,5007,0.936484375,0.9370514756158732,0.94828125,0.0753125,2,2,2,0,0,0,0,8000
ton_full,naive,2000,bh_ton_full_naive_2000,5008,0.94328125,0.9442660086816892,0.956875,0.0703125,3,3,3,0,0,0,0,12000
ton_full,naive,2000,bh_ton_full_naive_2000,5009,0.952734375,0.9532944573745765,0.961875,0.05640625,2,2,2,0,0,0,0,8000
ton_full,naive,2000,bh_ton_full_naive_2000,5010,0.93625,0.9377305660885367,0.96109375,0.08859375,2,2,2,0,0,0,0,8000
ton_full,naive,2000,bh_ton_full_naive_2000,5011,0.94125,0.9420189087457266,0.9534375,0.0709375,3,3,3,0,0,0,0,12000
ton_full,naive,2000,bh_ton_full_naive_2000,5012,0.9590625,0.959892968840803,0.970625,0.0525,3,3,3,0,0,0,0,12000
ton_full,naive,2000,bh_ton_full_naive_2000,5013,0.9440625,0.945107893672292,0.9609375,0.0728125,3,3,3,0,0,0,0,12000
ton_full,naive,2000,bh_ton_full_naive_2000,5014,0.95078125,0.9517204732066799,0.965,0.0634375,3,3,3,0,0,0,0,12000
ton_full,naive,2000,bh_ton_full_naive_2000,5015,0.946640625,0.9476540260986401,0.96203125,0.06875,3,3,3,0,0,0,0,12000
ton_full,naive,2000,bh_ton_full_naive_2000,5016,0.935546875,0.9380625113152652,0.96421875,0.093125,4,4,4,0,0,0,0,16000
ton_full,naive,2000,bh_ton_full_naive_2000,5017,0.94421875,0.9453909045886607,0.96375,0.0753125,4,4,4,0,0,0,0,16000
ton_full,naive,2000,bh_ton_full_naive_2000,5018,0.94578125,0.946845817863466,0.96234375,0.07078125,3,3,3,0,0,0,0,12000
ton_full,naive,2000,bh_ton_full_naive_2000,5019,0.94953125,0.950170624283119,0.958125,0.0590625,3,3,3,0,0,0,0,12000
ton_full,naive,2000,bh_ton_full_naive_2000,5020,0.953671875,0.9545640548761056,0.9690625,0.06171875,2,2,2,0,0,0,0,8000
ton_full,naive,2000,bh_ton_full_naive_2000,5021,0.94234375,0.9438256475304756,0.9671875,0.0825,2,2,2,0,0,0,0,8000
ton_full,naive,2000,bh_ton_full_naive_2000,5022,0.951640625,0.9525494447541472,0.96234375,0.0590625,3,3,3,0,0,0,0,12000
ton_full,naive,2000,bh_ton_full_naive_2000,5023,0.915234375,0.9189987937671364,0.9515625,0.12109375,2,2,2,0,0,0,0,8000
ton_full,naive,2000,bh_ton_full_naive_2000,5024,0.93859375,0.9389191371307759,0.94578125,0.06859375,2,2,2,0,0,0,0,8000
ton_full,naive,2000,bh_ton_full_naive_2000,5025,0.941796875,0.9431081804114143,0.964375,0.08078125,3,3,3,0,0,0,0,12000
ton_full,naive,2000,bh_ton_full_naive_2000,5026,0.944609375,0.9453868188570576,0.95609375,0.066875,2,2,2,0,0,0,0,8000
ton_full,naive,2000,bh_ton_full_naive_2000,5027,0.939453125,0.9411498239244923,0.96140625,0.0825,3,3,3,0,0,0,0,12000
ton_full,naive,2000,bh_ton_full_naive_2000,5028,0.94125,0.9420480474690467,0.95359375,0.07109375,3,3,3,0,0,0,0,12000
ton_full,naive,2000,bh_ton_full_naive_2000,5029,0.94671875,0.9472614218913844,0.9559375,0.0625,2,2,2,0,0,0,0,8000
ton_full,naive,2000,bh_ton_full_naive_2000,5030,0.93765625,0.9409414963782361,0.97140625,0.09609375,2,2,2,0,0,0,0,8000
ton_full,point,2000,bh_ton_full_point_2000,5001,0.9440625,0.9449714223474516,0.9575,0.069375,3,3,3,0,96,96,0,12000
ton_full,point,2000,bh_ton_full_point_2000,5002,0.947890625,0.9485584212211848,0.95953125,0.06375,2,2,2,0,64,64,0,8000
ton_full,point,2000,bh_ton_full_point_2000,5003,0.948046875,0.9489705518193816,0.9634375,0.06734375,3,3,3,0,96,96,0,12000
ton_full,point,2000,bh_ton_full_point_2000,5004,0.953984375,0.9548346905465932,0.9659375,0.05796875,3,3,3,0,96,96,0,12000
ton_full,point,2000,bh_ton_full_point_2000,5005,0.94078125,0.9422017309517535,0.96375,0.0821875,3,3,2,1,96,96,0,12000
ton_full,point,2000,bh_ton_full_point_2000,5006,0.952890625,0.9532590557828581,0.9575,0.05171875,2,2,2,0,64,64,0,8000
ton_full,point,2000,bh_ton_full_point_2000,5007,0.936484375,0.9370514756158732,0.94828125,0.0753125,2,2,2,0,64,64,0,8000
ton_full,point,2000,bh_ton_full_point_2000,5008,0.94328125,0.9442660086816892,0.956875,0.0703125,3,3,3,0,96,96,0,12000
ton_full,point,2000,bh_ton_full_point_2000,5009,0.952734375,0.9532944573745765,0.961875,0.05640625,2,2,2,0,64,64,0,8000
ton_full,point,2000,bh_ton_full_point_2000,5010,0.93625,0.9377305660885367,0.96109375,0.08859375,2,2,2,0,64,64,0,8000
ton_full,point,2000,bh_ton_full_point_2000,5011,0.94125,0.9420189087457266,0.9534375,0.0709375,3,3,3,0,96,96,0,12000
ton_full,point,2000,bh_ton_full_point_2000,5012,0.9590625,0.959892968840803,0.970625,0.0525,3,3,3,0,96,96,0,12000
ton_full,point,2000,bh_ton_full_point_2000,5013,0.9440625,0.945107893672292,0.9609375,0.0728125,3,3,3,0,96,96,0,12000
ton_full,point,2000,bh_ton_full_point_2000,5014,0.95078125,0.9517204732066799,0.965,0.0634375,3,3,3,0,96,96,0,12000
ton_full,point,2000,bh_ton_full_point_2000,5015,0.946953125,0.947987541737153,0.96265625,0.06875,4,4,3,1,128,128,0,16000
ton_full,point,2000,bh_ton_full_point_2000,5016,0.945078125,0.9462110841156033,0.96234375,0.0721875,4,4,3,1,128,128,0,16000
ton_full,point,2000,bh_ton_full_point_2000,5017,0.94421875,0.9453909045886607,0.96375,0.0753125,4,4,4,0,128,128,0,16000
ton_full,point,2000,bh_ton_full_point_2000,5018,0.94578125,0.946845817863466,0.96234375,0.07078125,3,3,3,0,96,96,0,12000
ton_full,point,2000,bh_ton_full_point_2000,5019,0.94953125,0.950170624283119,0.958125,0.0590625,3,3,3,0,96,96,0,12000
ton_full,point,2000,bh_ton_full_point_2000,5020,0.953671875,0.9545640548761056,0.9690625,0.06171875,2,2,2,0,64,64,0,8000
ton_full,point,2000,bh_ton_full_point_2000,5021,0.935390625,0.9376694367984042,0.968125,0.09734375,3,3,2,1,96,96,0,12000
ton_full,point,2000,bh_ton_full_point_2000,5022,0.951640625,0.9525494447541472,0.96234375,0.0590625,3,3,3,0,96,96,0,12000
ton_full,point,2000,bh_ton_full_point_2000,5023,0.946171875,0.9461458508968187,0.9453125,0.05296875,3,3,2,1,96,96,0,12000
ton_full,point,2000,bh_ton_full_point_2000,5024,0.93859375,0.9389191371307759,0.94578125,0.06859375,2,2,2,0,64,64,0,8000
ton_full,point,2000,bh_ton_full_point_2000,5025,0.941796875,0.9431081804114143,0.964375,0.08078125,3,3,3,0,96,96,0,12000
ton_full,point,2000,bh_ton_full_point_2000,5026,0.944609375,0.9453868188570576,0.95609375,0.066875,2,2,2,0,64,64,0,8000
ton_full,point,2000,bh_ton_full_point_2000,5027,0.94625,0.9472304498303313,0.9596875,0.0671875,3,3,2,1,96,96,0,12000
ton_full,point,2000,bh_ton_full_point_2000,5028,0.94125,0.9420480474690467,0.95359375,0.07109375,3,3,3,0,96,96,0,12000
ton_full,point,2000,bh_ton_full_point_2000,5029,0.94671875,0.9472614218913844,0.9559375,0.0625,2,2,2,0,64,64,0,8000
ton_full,point,2000,bh_ton_full_point_2000,5030,0.954375,0.9550114377964657,0.96515625,0.05640625,3,3,2,1,96,96,0,12000
ton_full,strict,2000,bh_ton_full_strict_2000,5001,0.930390625,0.9312272196744971,0.9459375,0.08515625,3,3,1,2,96,96,0,12000
ton_full,strict,2000,bh_ton_full_strict_2000,5002,0.94515625,0.945495574853348,0.9496875,0.059375,3,3,1,2,96,96,0,12000
ton_full,strict,2000,bh_ton_full_strict_2000,5003,0.91140625,0.9148535018853149,0.94625,0.1234375,5,5,1,4,160,160,0,20000
ton_full,strict,2000,bh_ton_full_strict_2000,5004,0.9378125,0.940192473330797,0.9675,0.091875,3,3,2,1,96,96,0,12000
ton_full,strict,2000,bh_ton_full_strict_2000,5005,0.9503125,0.9512230494325551,0.96375,0.063125,3,3,2,1,96,96,0,12000
ton_full,strict,2000,bh_ton_full_strict_2000,5006,0.94734375,0.9479204328981845,0.95609375,0.06140625,3,3,2,1,96,96,0,12000
ton_full,strict,2000,bh_ton_full_strict_2000,5007,0.930625,0.9314545642302093,0.94828125,0.08703125,3,3,2,1,96,96,0,12000
ton_full,strict,2000,bh_ton_full_strict_2000,5008,0.94984375,0.9505428722503094,0.95953125,0.05984375,6,6,1,5,192,192,0,24000
ton_full,strict,2000,bh_ton_full_strict_2000,5009,0.947734375,0.9483296876588964,0.95703125,0.0615625,4,4,2,2,128,128,0,16000
ton_full,strict,2000,bh_ton_full_strict_2000,5010,0.94140625,0.9419014502653329,0.948125,0.0653125,4,4,1,3,128,128,0,16000
ton_full,strict,2000,bh_ton_full_strict_2000,5011,0.945234375,0.9457224059986454,0.9528125,0.06234375,3,3,2,1,96,96,0,12000
ton_full,strict,2000,bh_ton_full_strict_2000,5012,0.948671875,0.9500056763599279,0.96953125,0.0721875,4,4,2,2,128,128,0,16000
ton_full,strict,2000,bh_ton_full_strict_2000,5013,0.94796875,0.9486592090099785,0.9584375,0.0625,5,5,1,4,160,160,0,20000
ton_full,strict,2000,bh_ton_full_strict_2000,5014,0.94296875,0.942884963750127,0.946875,0.0609375,5,5,2,3,160,160,0,20000
ton_full,strict,2000,bh_ton_full_strict_2000,5015,0.940078125,0.9402194572471447,0.9446875,0.06453125,5,5,1,4,160,160,0,20000
ton_full,strict,2000,bh_ton_full_strict_2000,5016,0.918046875,0.9214408461375625,0.9578125,0.12171875,4,4,1,3,128,128,0,16000
ton_full,strict,2000,bh_ton_full_strict_2000,5017,0.94109375,0.9416294755019237,0.9496875,0.0675,5,5,1,4,160,160,0,20000
ton_full,strict,2000,bh_ton_full_strict_2000,5018,0.94875,0.9495805991276619,0.96078125,0.06328125,5,5,2,3,160,160,0,20000
ton_full,strict,2000,bh_ton_full_strict_2000,5019,0.94484375,0.945854138923186,0.95953125,0.06984375,5,5,2,3,160,160,0,20000
ton_full,strict,2000,bh_ton_full_strict_2000,5020,0.953671875,0.9545640548761056,0.9690625,0.06171875,2,2,2,0,64,64,0,8000
ton_full,strict,2000,bh_ton_full_strict_2000,5021,0.94578125,0.9464257829254649,0.95421875,0.06265625,5,5,1,4,160,160,0,20000
ton_full,strict,2000,bh_ton_full_strict_2000,5022,0.94625,0.94735820417589,0.96265625,0.07015625,4,4,2,2,128,128,0,16000
ton_full,strict,2000,bh_ton_full_strict_2000,5023,0.946171875,0.9461458508968187,0.9453125,0.05296875,3,3,2,1,96,96,0,12000
ton_full,strict,2000,bh_ton_full_strict_2000,5024,0.9353125,0.9358009499632185,0.94640625,0.07578125,3,3,2,1,96,96,0,12000
ton_full,strict,2000,bh_ton_full_strict_2000,5025,0.949140625,0.9496308322675796,0.95578125,0.0575,4,4,1,3,128,128,0,16000
ton_full,strict,2000,bh_ton_full_strict_2000,5026,0.944609375,0.9453868188570576,0.95609375,0.066875,2,2,2,0,64,64,0,8000
ton_full,strict,2000,bh_ton_full_strict_2000,5027,0.94625,0.9472304498303313,0.9596875,0.0671875,3,3,2,1,96,96,0,12000
ton_full,strict,2000,bh_ton_full_strict_2000,5028,0.93515625,0.9357870926297147,0.9453125,0.075,4,4,2,2,128,128,0,16000
ton_full,strict,2000,bh_ton_full_strict_2000,5029,0.93890625,0.9391873754968769,0.94328125,0.06546875,5,5,1,4,160,160,0,20000
ton_full,strict,2000,bh_ton_full_strict_2000,5030,0.94765625,0.9481566282032305,0.95421875,0.05890625,4,4,1,3,128,128,0,16000
ton_full,atc,2000,bh_ton_full_atc_2000,5001,0.9440625,0.9449714223474516,0.9575,0.069375,3,3,3,0,0,0,0,12000
ton_full,atc,2000,bh_ton_full_atc_2000,5002,0.947890625,0.9485584212211848,0.95953125,0.06375,2,2,2,0,0,0,0,8000
ton_full,atc,2000,bh_ton_full_atc_2000,5003,0.948046875,0.9489705518193816,0.9634375,0.06734375,3,3,3,0,0,0,0,12000
ton_full,atc,2000,bh_ton_full_atc_2000,5004,0.953984375,0.9548346905465932,0.9659375,0.05796875,3,3,3,0,0,0,0,12000
ton_full,atc,2000,bh_ton_full_atc_2000,5005,0.94078125,0.9422017309517535,0.96375,0.0821875,3,3,2,1,0,0,0,12000
ton_full,atc,2000,bh_ton_full_atc_2000,5006,0.948671875,0.9493760006415858,0.96046875,0.063125,4,4,2,2,0,0,0,16000
ton_full,atc,2000,bh_ton_full_atc_2000,5007,0.936484375,0.9370514756158732,0.94828125,0.0753125,2,2,2,0,0,0,0,8000
ton_full,atc,2000,bh_ton_full_atc_2000,5008,0.94328125,0.9442660086816892,0.956875,0.0703125,3,3,3,0,0,0,0,12000
ton_full,atc,2000,bh_ton_full_atc_2000,5009,0.952734375,0.9532944573745765,0.961875,0.05640625,2,2,2,0,0,0,0,8000
ton_full,atc,2000,bh_ton_full_atc_2000,5010,0.93625,0.9377305660885367,0.96109375,0.08859375,2,2,2,0,0,0,0,8000
ton_full,atc,2000,bh_ton_full_atc_2000,5011,0.94125,0.9420189087457266,0.9534375,0.0709375,3,3,3,0,0,0,0,12000
ton_full,atc,2000,bh_ton_full_atc_2000,5012,0.959375,0.9602250130631375,0.97234375,0.05359375,4,4,3,1,0,0,0,16000
ton_full,atc,2000,bh_ton_full_atc_2000,5013,0.95203125,0.9529361546815277,0.9675,0.0634375,3,3,2,1,0,0,0,12000
ton_full,atc,2000,bh_ton_full_atc_2000,5014,0.95078125,0.9517204732066799,0.965,0.0634375,3,3,3,0,0,0,0,12000
ton_full,atc,2000,bh_ton_full_atc_2000,5015,0.946640625,0.9476540260986401,0.96203125,0.06875,3,3,3,0,0,0,0,12000
ton_full,atc,2000,bh_ton_full_atc_2000,5016,0.945078125,0.9462110841156033,0.96234375,0.0721875,4,4,3,1,0,0,0,16000
ton_full,atc,2000,bh_ton_full_atc_2000,5017,0.94421875,0.9453909045886607,0.96375,0.0753125,4,4,4,0,0,0,0,16000
ton_full,atc,2000,bh_ton_full_atc_2000,5018,0.94578125,0.946845817863466,0.96234375,0.07078125,3,3,3,0,0,0,0,12000
ton_full,atc,2000,bh_ton_full_atc_2000,5019,0.94953125,0.950170624283119,0.958125,0.0590625,3,3,3,0,0,0,0,12000
ton_full,atc,2000,bh_ton_full_atc_2000,5020,0.953671875,0.9545640548761056,0.9690625,0.06171875,2,2,2,0,0,0,0,8000
ton_full,atc,2000,bh_ton_full_atc_2000,5021,0.94234375,0.9438256475304756,0.9671875,0.0825,2,2,2,0,0,0,0,8000
ton_full,atc,2000,bh_ton_full_atc_2000,5022,0.951640625,0.9525494447541472,0.96234375,0.0590625,3,3,3,0,0,0,0,12000
ton_full,atc,2000,bh_ton_full_atc_2000,5023,0.915234375,0.9189987937671364,0.9515625,0.12109375,2,2,2,0,0,0,0,8000
ton_full,atc,2000,bh_ton_full_atc_2000,5024,0.93859375,0.9389191371307759,0.94578125,0.06859375,2,2,2,0,0,0,0,8000
ton_full,atc,2000,bh_ton_full_atc_2000,5025,0.95,0.9508875731125565,0.96390625,0.06390625,3,3,2,1,0,0,0,12000
ton_full,atc,2000,bh_ton_full_atc_2000,5026,0.944609375,0.9453868188570576,0.95609375,0.066875,2,2,2,0,0,0,0,8000
ton_full,atc,2000,bh_ton_full_atc_2000,5027,0.94625,0.9472304498303313,0.9596875,0.0671875,3,3,2,1,0,0,0,12000
ton_full,atc,2000,bh_ton_full_atc_2000,5028,0.94125,0.9420480474690467,0.95359375,0.07109375,3,3,3,0,0,0,0,12000
ton_full,atc,2000,bh_ton_full_atc_2000,5029,0.94671875,0.9472614218913844,0.9559375,0.0625,2,2,2,0,0,0,0,8000
ton_full,atc,2000,bh_ton_full_atc_2000,5030,0.93765625,0.9409414963782361,0.97140625,0.09609375,2,2,2,0,0,0,0,8000
ton_full,doc,2000,bh_ton_full_doc_2000,5001,0.9440625,0.9449714223474516,0.9575,0.069375,3,3,3,0,0,0,0,12000
ton_full,doc,2000,bh_ton_full_doc_2000,5002,0.947890625,0.9485584212211848,0.95953125,0.06375,2,2,2,0,0,0,0,8000
ton_full,doc,2000,bh_ton_full_doc_2000,5003,0.948046875,0.9489705518193816,0.9634375,0.06734375,3,3,3,0,0,0,0,12000
ton_full,doc,2000,bh_ton_full_doc_2000,5004,0.953984375,0.9548346905465932,0.9659375,0.05796875,3,3,3,0,0,0,0,12000
ton_full,doc,2000,bh_ton_full_doc_2000,5005,0.94078125,0.9422017309517535,0.96375,0.0821875,3,3,2,1,0,0,0,12000
ton_full,doc,2000,bh_ton_full_doc_2000,5006,0.952890625,0.9532590557828581,0.9575,0.05171875,2,2,2,0,0,0,0,8000
ton_full,doc,2000,bh_ton_full_doc_2000,5007,0.936484375,0.9370514756158732,0.94828125,0.0753125,2,2,2,0,0,0,0,8000
ton_full,doc,2000,bh_ton_full_doc_2000,5008,0.94328125,0.9442660086816892,0.956875,0.0703125,3,3,3,0,0,0,0,12000
ton_full,doc,2000,bh_ton_full_doc_2000,5009,0.952734375,0.9532944573745765,0.961875,0.05640625,2,2,2,0,0,0,0,8000
ton_full,doc,2000,bh_ton_full_doc_2000,5010,0.93625,0.9377305660885367,0.96109375,0.08859375,2,2,2,0,0,0,0,8000
ton_full,doc,2000,bh_ton_full_doc_2000,5011,0.94125,0.9420189087457266,0.9534375,0.0709375,3,3,3,0,0,0,0,12000
ton_full,doc,2000,bh_ton_full_doc_2000,5012,0.9590625,0.959892968840803,0.970625,0.0525,3,3,3,0,0,0,0,12000
ton_full,doc,2000,bh_ton_full_doc_2000,5013,0.9440625,0.945107893672292,0.9609375,0.0728125,3,3,3,0,0,0,0,12000
ton_full,doc,2000,bh_ton_full_doc_2000,5014,0.95078125,0.9517204732066799,0.965,0.0634375,3,3,3,0,0,0,0,12000
ton_full,doc,2000,bh_ton_full_doc_2000,5015,0.946640625,0.9476540260986401,0.96203125,0.06875,3,3,3,0,0,0,0,12000
ton_full,doc,2000,bh_ton_full_doc_2000,5016,0.945078125,0.9462110841156033,0.96234375,0.0721875,4,4,3,1,0,0,0,16000
ton_full,doc,2000,bh_ton_full_doc_2000,5017,0.94421875,0.9453909045886607,0.96375,0.0753125,4,4,4,0,0,0,0,16000
ton_full,doc,2000,bh_ton_full_doc_2000,5018,0.94578125,0.946845817863466,0.96234375,0.07078125,3,3,3,0,0,0,0,12000
ton_full,doc,2000,bh_ton_full_doc_2000,5019,0.94953125,0.950170624283119,0.958125,0.0590625,3,3,3,0,0,0,0,12000
ton_full,doc,2000,bh_ton_full_doc_2000,5020,0.953671875,0.9545640548761056,0.9690625,0.06171875,2,2,2,0,0,0,0,8000
ton_full,doc,2000,bh_ton_full_doc_2000,5021,0.935390625,0.9376694367984042,0.968125,0.09734375,3,3,2,1,0,0,0,12000
ton_full,doc,2000,bh_ton_full_doc_2000,5022,0.951640625,0.9525494447541472,0.96234375,0.0590625,3,3,3,0,0,0,0,12000
ton_full,doc,2000,bh_ton_full_doc_2000,5023,0.945859375,0.9458357829147641,0.94515625,0.0534375,3,3,1,2,0,0,0,12000
ton_full,doc,2000,bh_ton_full_doc_2000,5024,0.93859375,0.9389191371307759,0.94578125,0.06859375,2,2,2,0,0,0,0,8000
ton_full,doc,2000,bh_ton_full_doc_2000,5025,0.945546875,0.9466504159813179,0.96359375,0.0725,4,4,3,1,0,0,0,16000
ton_full,doc,2000,bh_ton_full_doc_2000,5026,0.944609375,0.9453868188570576,0.95609375,0.066875,2,2,2,0,0,0,0,8000
ton_full,doc,2000,bh_ton_full_doc_2000,5027,0.94625,0.9472304498303313,0.9596875,0.0671875,3,3,2,1,0,0,0,12000
ton_full,doc,2000,bh_ton_full_doc_2000,5028,0.94125,0.9420480474690467,0.95359375,0.07109375,3,3,3,0,0,0,0,12000
ton_full,doc,2000,bh_ton_full_doc_2000,5029,0.94671875,0.9472614218913844,0.9559375,0.0625,2,2,2,0,0,0,0,8000
ton_full,doc,2000,bh_ton_full_doc_2000,5030,0.954375,0.9550114377964657,0.96515625,0.05640625,3,3,2,1,0,0,0,12000
ton_full,enscal,2000,bh_ton_full_enscal_2000,5001,0.943125,0.9440106383274062,0.95609375,0.06984375,3,3,3,0,0,0,0,12000
ton_full,enscal,2000,bh_ton_full_enscal_2000,5002,0.9465625,0.947195568248079,0.9575,0.064375,2,2,2,0,0,0,0,8000
ton_full,enscal,2000,bh_ton_full_enscal_2000,5003,0.944921875,0.9456494472655728,0.95703125,0.0671875,3,3,3,0,0,0,0,12000
ton_full,enscal,2000,bh_ton_full_enscal_2000,5004,0.94390625,0.9451549834014127,0.96375,0.0759375,3,3,3,0,0,0,0,12000
ton_full,enscal,2000,bh_ton_full_enscal_2000,5005,0.938515625,0.9397511900444742,0.9578125,0.08078125,3,3,3,0,0,0,0,12000
ton_full,enscal,2000,bh_ton_full_enscal_2000,5006,0.951640625,0.9519143598346451,0.955,0.05171875,2,2,2,0,0,0,0,8000
ton_full,enscal,2000,bh_ton_full_enscal_2000,5007,0.932109375,0.932458128991237,0.93921875,0.075,2,2,2,0,0,0,0,8000
ton_full,enscal,2000,bh_ton_full_enscal_2000,5008,0.9434375,0.9444305680077655,0.95765625,0.07078125,3,3,3,0,0,0,0,12000
ton_full,enscal,2000,bh_ton_full_enscal_2000,5009,0.93828125,0.9390739473343129,0.9534375,0.076875,2,2,2,0,0,0,0,8000
ton_full,enscal,2000,bh_ton_full_enscal_2000,5010,0.9325,0.9338274892605425,0.9534375,0.0884375,2,2,2,0,0,0,0,8000
ton_full,enscal,2000,bh_ton_full_enscal_2000,5011,0.939609375,0.9402681610104026,0.9496875,0.07046875,3,3,3,0,0,0,0,12000
ton_full,enscal,2000,bh_ton_full_enscal_2000,5012,0.947890625,0.9492047078372501,0.9675,0.07171875,3,3,3,0,0,0,0,12000
ton_full,enscal,2000,bh_ton_full_enscal_2000,5013,0.946953125,0.9478931010801128,0.96171875,0.0678125,3,3,3,0,0,0,0,12000
ton_full,enscal,2000,bh_ton_full_enscal_2000,5014,0.93796875,0.939182684056473,0.95765625,0.08171875,3,3,3,0,0,0,0,12000
ton_full,enscal,2000,bh_ton_full_enscal_2000,5015,0.944296875,0.9450694684961378,0.95640625,0.0678125,3,3,3,0,0,0,0,12000
ton_full,enscal,2000,bh_ton_full_enscal_2000,5016,0.943359375,0.944413901068456,0.95953125,0.0728125,4,4,4,0,0,0,0,16000
ton_full,enscal,2000,bh_ton_full_enscal_2000,5017,0.941171875,0.9421464454436992,0.95765625,0.0753125,4,4,4,0,0,0,0,16000
ton_full,enscal,2000,bh_ton_full_enscal_2000,5018,0.943828125,0.9448392861214786,0.95828125,0.070625,3,3,3,0,0,0,0,12000
ton_full,enscal,2000,bh_ton_full_enscal_2000,5019,0.951328125,0.9519733738674457,0.96109375,0.0584375,3,3,3,0,0,0,0,12000
ton_full,enscal,2000,bh_ton_full_enscal_2000,5020,0.93921875,0.9404735352378124,0.9609375,0.0825,2,2,2,0,0,0,0,8000
ton_full,enscal,2000,bh_ton_full_enscal_2000,5021,0.93890625,0.9400468088562536,0.95671875,0.07890625,2,2,2,0,0,0,0,8000
ton_full,enscal,2000,bh_ton_full_enscal_2000,5022,0.9434375,0.9445350684409232,0.95828125,0.07140625,3,3,3,0,0,0,0,12000
ton_full,enscal,2000,bh_ton_full_enscal_2000,5023,0.93609375,0.9368796994155162,0.94765625,0.07546875,2,2,2,0,0,0,0,8000
ton_full,enscal,2000,bh_ton_full_enscal_2000,5024,0.937109375,0.9374013271987224,0.9434375,0.06921875,2,2,2,0,0,0,0,8000
ton_full,enscal,2000,bh_ton_full_enscal_2000,5025,0.93890625,0.9400544958395334,0.958125,0.0803125,3,3,3,0,0,0,0,12000
ton_full,enscal,2000,bh_ton_full_enscal_2000,5026,0.938671875,0.9392225472735771,0.945625,0.06828125,2,2,2,0,0,0,0,8000
ton_full,enscal,2000,bh_ton_full_enscal_2000,5027,0.942421875,0.9432790614533494,0.9546875,0.06984375,3,3,3,0,0,0,0,12000
ton_full,enscal,2000,bh_ton_full_enscal_2000,5028,0.93859375,0.9392834560746725,0.94828125,0.07109375,3,3,3,0,0,0,0,12000
ton_full,enscal,2000,bh_ton_full_enscal_2000,5029,0.93421875,0.9355388363751469,0.95671875,0.08828125,2,2,2,0,0,0,0,8000
ton_full,enscal,2000,bh_ton_full_enscal_2000,5030,0.955078125,0.9557938962563333,0.96703125,0.056875,2,2,2,0,0,0,0,8000
ton_full,replay,2000,bh_ton_full_replay_2000,5001,0.9321875,0.9336051324959452,0.9540625,0.0896875,3,3,3,0,0,0,0,12000
ton_full,replay,2000,bh_ton_full_replay_2000,5002,0.9328125,0.9337335127460523,0.946875,0.08125,2,2,2,0,0,0,0,8000
ton_full,replay,2000,bh_ton_full_replay_2000,5003,0.93359375,0.9346645885228447,0.95125,0.0840625,3,3,3,0,0,0,0,12000
ton_full,replay,2000,bh_ton_full_replay_2000,5004,0.934140625,0.9355688667315847,0.9559375,0.08765625,3,3,3,0,0,0,0,12000
ton_full,replay,2000,bh_ton_full_replay_2000,5005,0.93171875,0.9335222703765719,0.95578125,0.09234375,3,3,3,0,0,0,0,12000
ton_full,replay,2000,bh_ton_full_replay_2000,5006,0.938515625,0.9394408123992719,0.95578125,0.07875,2,2,2,0,0,0,0,8000
ton_full,replay,2000,bh_ton_full_replay_2000,5007,0.92046875,0.922078235428208,0.94453125,0.10359375,2,2,2,0,0,0,0,8000
ton_full,replay,2000,bh_ton_full_replay_2000,5008,0.92984375,0.9314902709455883,0.95421875,0.09453125,3,3,3,0,0,0,0,12000
ton_full,replay,2000,bh_ton_full_replay_2000,5009,0.9371875,0.9380437296391912,0.95203125,0.07765625,2,2,2,0,0,0,0,8000
ton_full,replay,2000,bh_ton_full_replay_2000,5010,0.93375,0.9353693441687146,0.95921875,0.09171875,2,2,2,0,0,0,0,8000
ton_full,replay,2000,bh_ton_full_replay_2000,5011,0.934609375,0.9354760905765985,0.9475,0.07828125,3,3,3,0,0,0,0,12000
ton_full,replay,2000,bh_ton_full_replay_2000,5012,0.928984375,0.9316129861010315,0.96375,0.10578125,3,3,3,0,0,0,0,12000
ton_full,replay,2000,bh_ton_full_replay_2000,5013,0.93296875,0.9350951982037062,0.9621875,0.09625,3,3,3,0,0,0,0,12000
ton_full,replay,2000,bh_ton_full_replay_2000,5014,0.92453125,0.9271966986929655,0.95703125,0.10796875,3,3,3,0,0,0,0,12000
ton_full,replay,2000,bh_ton_full_replay_2000,5015,0.93375,0.9351363214472577,0.95484375,0.08734375,3,3,3,0,0,0,0,12000
ton_full,replay,2000,bh_ton_full_replay_2000,5016,0.933984375,0.9352175970451425,0.9528125,0.08484375,4,4,4,0,0,0,0,16000
ton_full,replay,2000,bh_ton_full_replay_2000,5017,0.93109375,0.9324458923630611,0.95203125,0.08984375,4,4,4,0,0,0,0,16000
ton_full,replay,2000,bh_ton_full_replay_2000,5018,0.93484375,0.9366095126074677,0.95984375,0.09015625,3,3,3,0,0,0,0,12000
ton_full,replay,2000,bh_ton_full_replay_2000,5019,0.927421875,0.9283878967807346,0.94046875,0.085625,3,3,3,0,0,0,0,12000
ton_full,replay,2000,bh_ton_full_replay_2000,5020,0.936953125,0.9383276956878481,0.95859375,0.0846875,2,2,2,0,0,0,0,8000
ton_full,replay,2000,bh_ton_full_replay_2000,5021,0.935,0.9360045724605784,0.9490625,0.0790625,2,2,2,0,0,0,0,8000
ton_full,replay,2000,bh_ton_full_replay_2000,5022,0.9384375,0.939918742424522,0.9609375,0.0840625,3,3,3,0,0,0,0,12000
ton_full,replay,2000,bh_ton_full_replay_2000,5023,0.92,0.9228749978961881,0.954375,0.114375,2,2,2,0,0,0,0,8000
ton_full,replay,2000,bh_ton_full_replay_2000,5024,0.9321875,0.9327163124472794,0.9440625,0.0796875,2,2,2,0,0,0,0,8000
ton_full,replay,2000,bh_ton_full_replay_2000,5025,0.93484375,0.9361497615054871,0.955,0.0853125,3,3,3,0,0,0,0,12000
ton_full,replay,2000,bh_ton_full_replay_2000,5026,0.941640625,0.9426100217807485,0.95640625,0.073125,2,2,2,0,0,0,0,8000
ton_full,replay,2000,bh_ton_full_replay_2000,5027,0.93359375,0.9348836892555882,0.9534375,0.08625,3,3,3,0,0,0,0,12000
ton_full,replay,2000,bh_ton_full_replay_2000,5028,0.91890625,0.9198860760950379,0.9315625,0.09375,3,3,3,0,0,0,0,12000
ton_full,replay,2000,bh_ton_full_replay_2000,5029,0.931484375,0.9329291755005055,0.95453125,0.0915625,2,2,2,0,0,0,0,8000
ton_full,replay,2000,bh_ton_full_replay_2000,5030,0.92875,0.9313488192973877,0.96015625,0.10265625,2,2,2,0,0,0,0,8000
ton_full,ddm,2000,bh_ton_full_ddm_2000,5001,0.898984375,0.8970630311317391,0.88421875,0.08625,0,0,0,0,800,0,800,0
ton_full,ddm,2000,bh_ton_full_ddm_2000,5002,0.92640625,0.9269014941840814,0.93328125,0.08046875,1,1,1,0,800,0,800,4000
ton_full,ddm,2000,bh_ton_full_ddm_2000,5003,0.922734375,0.9230203154232386,0.928125,0.08265625,0,0,0,0,800,0,800,0
ton_full,ddm,2000,bh_ton_full_ddm_2000,5004,0.931796875,0.9328383439349353,0.94671875,0.083125,0,0,0,0,800,0,800,0
ton_full,ddm,2000,bh_ton_full_ddm_2000,5005,0.93515625,0.9364302019455224,0.95375,0.0834375,1,1,1,0,800,0,800,4000
ton_full,ddm,2000,bh_ton_full_ddm_2000,5006,0.935390625,0.936346328001607,0.95015625,0.079375,1,1,1,0,800,0,800,4000
ton_full,ddm,2000,bh_ton_full_ddm_2000,5007,0.92109375,0.920945679115691,0.92859375,0.08640625,1,1,1,0,800,0,800,4000
ton_full,ddm,2000,bh_ton_full_ddm_2000,5008,0.923671875,0.9250838536877711,0.9421875,0.09484375,0,0,0,0,800,0,800,0
ton_full,ddm,2000,bh_ton_full_ddm_2000,5009,0.928828125,0.9290688005967435,0.93296875,0.0753125,0,0,0,0,800,0,800,0
ton_full,ddm,2000,bh_ton_full_ddm_2000,5010,0.915703125,0.9162958256462942,0.9221875,0.09078125,0,0,0,0,800,0,800,0
ton_full,ddm,2000,bh_ton_full_ddm_2000,5011,0.931484375,0.9322671131159889,0.94140625,0.0784375,1,1,1,0,800,0,800,4000
ton_full,ddm,2000,bh_ton_full_ddm_2000,5012,0.923515625,0.9243175637553241,0.93390625,0.086875,0,0,0,0,800,0,800,0
ton_full,ddm,2000,bh_ton_full_ddm_2000,5013,0.92859375,0.9293906850135255,0.93984375,0.08265625,1,1,1,0,800,0,800,4000
ton_full,ddm,2000,bh_ton_full_ddm_2000,5014,0.896640625,0.8936611903175111,0.87375,0.08046875,0,0,0,0,800,0,800,0
ton_full,ddm,2000,bh_ton_full_ddm_2000,5015,0.94046875,0.9406173178965358,0.9446875,0.06375,1,1,1,0,800,0,800,4000
ton_full,ddm,2000,bh_ton_full_ddm_2000,5016,0.926171875,0.926851897217349,0.93578125,0.0834375,0,0,0,0,800,0,800,0
ton_full,ddm,2000,bh_ton_full_ddm_2000,5017,0.938359375,0.939794760536545,0.96265625,0.0859375,2,2,2,0,800,0,800,8000
ton_full,ddm,2000,bh_ton_full_ddm_2000,5018,0.942265625,0.9435272678969149,0.96203125,0.0775,2,2,2,0,800,0,800,8000
ton_full,ddm,2000,bh_ton_full_ddm_2000,5019,0.92578125,0.9266710000047925,0.9378125,0.08625,2,2,2,0,800,0,800,8000
ton_full,ddm,2000,bh_ton_full_ddm_2000,5020,0.9278125,0.9286368806263328,0.93890625,0.08328125,0,0,0,0,800,0,800,0
ton_full,ddm,2000,bh_ton_full_ddm_2000,5021,0.9428125,0.9440858993225807,0.9634375,0.0778125,1,1,1,0,800,0,800,4000
ton_full,ddm,2000,bh_ton_full_ddm_2000,5022,0.92828125,0.929258554936515,0.94078125,0.08421875,1,1,1,0,800,0,800,4000
ton_full,ddm,2000,bh_ton_full_ddm_2000,5023,0.916171875,0.9159068802223146,0.9128125,0.08046875,0,0,0,0,800,0,800,0
ton_full,ddm,2000,bh_ton_full_ddm_2000,5024,0.91984375,0.9204221294803202,0.9275,0.0878125,1,1,1,0,800,0,800,4000
ton_full,ddm,2000,bh_ton_full_ddm_2000,5025,0.937578125,0.9387657603160464,0.95765625,0.0825,1,1,1,0,800,0,800,4000
ton_full,ddm,2000,bh_ton_full_ddm_2000,5026,0.9146875,0.9144502742334175,0.9134375,0.0840625,0,0,0,0,800,0,800,0
ton_full,ddm,2000,bh_ton_full_ddm_2000,5027,0.926796875,0.9274602327134014,0.93640625,0.0828125,0,0,0,0,800,0,800,0
ton_full,ddm,2000,bh_ton_full_ddm_2000,5028,0.924453125,0.925429924528822,0.94015625,0.09125,1,1,1,0,800,0,800,4000
ton_full,ddm,2000,bh_ton_full_ddm_2000,5029,0.918125,0.9185941799722116,0.925625,0.089375,0,0,0,0,800,0,800,0
ton_full,ddm,2000,bh_ton_full_ddm_2000,5030,0.9328125,0.9339940339531095,0.9490625,0.0834375,2,2,2,0,800,0,800,8000
ton_full,adwin,2000,bh_ton_full_adwin_2000,5001,0.898984375,0.8970630311317391,0.88421875,0.08625,0,0,0,0,800,0,800,0
ton_full,adwin,2000,bh_ton_full_adwin_2000,5002,0.927109375,0.9276047973494144,0.93390625,0.0796875,0,0,0,0,800,0,800,0
ton_full,adwin,2000,bh_ton_full_adwin_2000,5003,0.922734375,0.9230203154232386,0.928125,0.08265625,0,0,0,0,800,0,800,0
ton_full,adwin,2000,bh_ton_full_adwin_2000,5004,0.931796875,0.9328383439349353,0.94671875,0.083125,0,0,0,0,800,0,800,0
ton_full,adwin,2000,bh_ton_full_adwin_2000,5005,0.92828125,0.9291783532109956,0.93953125,0.08296875,0,0,0,0,800,0,800,0
ton_full,adwin,2000,bh_ton_full_adwin_2000,5006,0.92125,0.9210531780494966,0.9203125,0.0778125,0,0,0,0,800,0,800,0
ton_full,adwin,2000,bh_ton_full_adwin_2000,5007,0.8771875,0.872133901173976,0.84328125,0.08890625,0,0,0,0,800,0,800,0
ton_full,adwin,2000,bh_ton_full_adwin_2000,5008,0.923671875,0.9250838536877711,0.9421875,0.09484375,0,0,0,0,800,0,800,0
ton_full,adwin,2000,bh_ton_full_adwin_2000,5009,0.928828125,0.9290688005967435,0.93296875,0.0753125,0,0,0,0,800,0,800,0
ton_full,adwin,2000,bh_ton_full_adwin_2000,5010,0.915703125,0.9162958256462942,0.9221875,0.09078125,0,0,0,0,800,0,800,0
ton_full,adwin,2000,bh_ton_full_adwin_2000,5011,0.920234375,0.9200349019033197,0.918125,0.07765625,0,0,0,0,800,0,800,0
ton_full,adwin,2000,bh_ton_full_adwin_2000,5012,0.923515625,0.9243175637553241,0.93390625,0.086875,0,0,0,0,800,0,800,0
ton_full,adwin,2000,bh_ton_full_adwin_2000,5013,0.931484375,0.9323880013684693,0.9446875,0.08171875,0,0,0,0,800,0,800,0
ton_full,adwin,2000,bh_ton_full_adwin_2000,5014,0.896640625,0.8936611903175111,0.87375,0.08046875,0,0,0,0,800,0,800,0
ton_full,adwin,2000,bh_ton_full_adwin_2000,5015,0.913359375,0.9129253866630545,0.91125,0.08453125,0,0,0,0,800,0,800,0
ton_full,adwin,2000,bh_ton_full_adwin_2000,5016,0.926171875,0.926851897217349,0.93578125,0.0834375,0,0,0,0,800,0,800,0
ton_full,adwin,2000,bh_ton_full_adwin_2000,5017,0.92078125,0.9213178810335446,0.9290625,0.0875,0,0,0,0,800,0,800,0
ton_full,adwin,2000,bh_ton_full_adwin_2000,5018,0.929375,0.929892367341405,0.935625,0.076875,0,0,0,0,800,0,800,0
ton_full,adwin,2000,bh_ton_full_adwin_2000,5019,0.926328125,0.9268531358392816,0.93359375,0.0809375,0,0,0,0,800,0,800,0
ton_full,adwin,2000,bh_ton_full_adwin_2000,5020,0.9278125,0.9286368806263328,0.93890625,0.08328125,0,0,0,0,800,0,800,0
ton_full,adwin,2000,bh_ton_full_adwin_2000,5021,0.931484375,0.932280279074672,0.9415625,0.07859375,0,0,0,0,800,0,800,0
ton_full,adwin,2000,bh_ton_full_adwin_2000,5022,0.92640625,0.9272843240569599,0.9375,0.0846875,0,0,0,0,800,0,800,0
ton_full,adwin,2000,bh_ton_full_adwin_2000,5023,0.916171875,0.9159068802223146,0.9128125,0.08046875,0,0,0,0,800,0,800,0
ton_full,adwin,2000,bh_ton_full_adwin_2000,5024,0.90625,0.9046410064005024,0.89265625,0.08015625,0,0,0,0,800,0,800,0
ton_full,adwin,2000,bh_ton_full_adwin_2000,5025,0.923203125,0.9237844690510348,0.9309375,0.08453125,0,0,0,0,800,0,800,0
ton_full,adwin,2000,bh_ton_full_adwin_2000,5026,0.9146875,0.9144502742334175,0.9134375,0.0840625,0,0,0,0,800,0,800,0
ton_full,adwin,2000,bh_ton_full_adwin_2000,5027,0.926796875,0.9274602327134014,0.93640625,0.0828125,0,0,0,0,800,0,800,0
ton_full,adwin,2000,bh_ton_full_adwin_2000,5028,0.89,0.8864088172946445,0.865,0.085,0,0,0,0,800,0,800,0
ton_full,adwin,2000,bh_ton_full_adwin_2000,5029,0.918125,0.9185941799722116,0.925625,0.089375,0,0,0,0,800,0,800,0
ton_full,adwin,2000,bh_ton_full_adwin_2000,5030,0.930703125,0.9318048087040718,0.9453125,0.08390625,0,0,0,0,800,0,800,0
ton_full,naive,512,bh_ton_full_naive_512,5001,0.92515625,0.9282332136296982,0.9540625,0.10375,3,3,3,0,0,0,0,3072
ton_full,naive,512,bh_ton_full_naive_512,5002,0.925859375,0.9281980123361799,0.9584375,0.10671875,2,2,2,0,0,0,0,2048
ton_full,naive,512,bh_ton_full_naive_512,5003,0.928359375,0.9315843843488284,0.9628125,0.10609375,3,3,3,0,0,0,0,3072
ton_full,naive,512,bh_ton_full_naive_512,5004,0.935078125,0.9382550073008404,0.963125,0.09296875,3,3,3,0,0,0,0,3072
ton_full,naive,512,bh_ton_full_naive_512,5005,0.950234375,0.9492038428133288,0.93609375,0.035625,3,3,3,0,0,0,0,3072
ton_full,naive,512,bh_ton_full_naive_512,5006,0.93328125,0.9350756180760297,0.960625,0.0940625,2,2,2,0,0,0,0,2048
ton_full,naive,512,bh_ton_full_naive_512,5007,0.914609375,0.9170522178235158,0.946875,0.11765625,2,2,2,0,0,0,0,2048
ton_full,naive,512,bh_ton_full_naive_512,5008,0.933046875,0.9358357292246867,0.95984375,0.09375,3,3,3,0,0,0,0,3072
ton_full,naive,512,bh_ton_full_naive_512,5009,0.944453125,0.944508838556504,0.9434375,0.05453125,2,2,2,0,0,0,0,2048
ton_full,naive,512,bh_ton_full_naive_512,5010,0.931875,0.9335694068516969,0.95828125,0.09453125,2,2,2,0,0,0,0,2048
ton_full,naive,512,bh_ton_full_naive_512,5011,0.929453125,0.9320258898173874,0.95765625,0.09875,3,3,3,0,0,0,0,3072
ton_full,naive,512,bh_ton_full_naive_512,5012,0.9434375,0.944799556525248,0.963125,0.07625,3,3,3,0,0,0,0,3072
ton_full,naive,512,bh_ton_full_naive_512,5013,0.912109375,0.9172073893546363,0.96734375,0.143125,3,3,3,0,0,0,0,3072
ton_full,naive,512,bh_ton_full_naive_512,5014,0.937265625,0.939824352652491,0.96609375,0.0915625,3,3,3,0,0,0,0,3072
ton_full,naive,512,bh_ton_full_naive_512,5015,0.9146875,0.9186438840097416,0.9584375,0.1290625,3,3,3,0,0,0,0,3072
ton_full,naive,512,bh_ton_full_naive_512,5016,0.9175,0.922158211336989,0.9621875,0.1271875,4,4,4,0,0,0,0,4096
ton_full,naive,512,bh_ton_full_naive_512,5017,0.935,0.9366625774697611,0.95921875,0.08921875,4,4,4,0,0,0,0,4096
ton_full,naive,512,bh_ton_full_naive_512,5018,0.949140625,0.9500471465150052,0.95578125,0.0575,3,3,3,0,0,0,0,3072
ton_full,naive,512,bh_ton_full_naive_512,5019,0.910234375,0.9155366886883245,0.96578125,0.1453125,3,3,3,0,0,0,0,3072
ton_full,naive,512,bh_ton_full_naive_512,5020,0.9175,0.9215105293544987,0.96125,0.12625,2,2,2,0,0,0,0,2048
ton_full,naive,512,bh_ton_full_naive_512,5021,0.941328125,0.9434629869687459,0.96671875,0.0840625,2,2,2,0,0,0,0,2048
ton_full,naive,512,bh_ton_full_naive_512,5022,0.946953125,0.9477536483273888,0.956875,0.06296875,3,3,3,0,0,0,0,3072
ton_full,naive,512,bh_ton_full_naive_512,5023,0.933046875,0.9340597870915037,0.94765625,0.0815625,2,2,2,0,0,0,0,2048
ton_full,naive,512,bh_ton_full_naive_512,5024,0.934296875,0.9346741668531697,0.94328125,0.0746875,2,2,2,0,0,0,0,2048
ton_full,naive,512,bh_ton_full_naive_512,5025,0.936484375,0.9381902984068357,0.96265625,0.0896875,3,3,3,0,0,0,0,3072
ton_full,naive,512,bh_ton_full_naive_512,5026,0.926171875,0.9292616585986877,0.95796875,0.105625,2,2,2,0,0,0,0,2048
ton_full,naive,512,bh_ton_full_naive_512,5027,0.9359375,0.9380950201717798,0.9571875,0.0853125,3,3,3,0,0,0,0,3072
ton_full,naive,512,bh_ton_full_naive_512,5028,0.9196875,0.9221708942720003,0.948125,0.10875,3,3,3,0,0,0,0,3072
ton_full,naive,512,bh_ton_full_naive_512,5029,0.931484375,0.934857055189619,0.9640625,0.10109375,2,2,2,0,0,0,0,2048
ton_full,naive,512,bh_ton_full_naive_512,5030,0.939140625,0.9415537485411782,0.9690625,0.09078125,2,2,2,0,0,0,0,2048
ton_full,point,512,bh_ton_full_point_512,5001,0.93734375,0.9372742630507328,0.9328125,0.058125,3,3,2,1,96,96,0,3072
ton_full,point,512,bh_ton_full_point_512,5002,0.95015625,0.9503985361150639,0.9525,0.0521875,3,3,2,1,96,96,0,3072
ton_full,point,512,bh_ton_full_point_512,5003,0.949765625,0.9504147078411899,0.95984375,0.0603125,3,3,2,1,96,96,0,3072
ton_full,point,512,bh_ton_full_point_512,5004,0.933046875,0.9358823511113913,0.9646875,0.09859375,3,3,2,1,96,96,0,3072
ton_full,point,512,bh_ton_full_point_512,5005,0.950234375,0.9492038428133288,0.93609375,0.035625,3,3,3,0,96,96,0,3072
ton_full,point,512,bh_ton_full_point_512,5006,0.941640625,0.9420488100506745,0.94703125,0.06375,3,3,2,1,96,96,0,3072
ton_full,point,512,bh_ton_full_point_512,5007,0.911953125,0.914764017026734,0.94765625,0.12375,3,3,2,1,96,96,0,3072
ton_full,point,512,bh_ton_full_point_512,5008,0.933046875,0.9358357292246867,0.95984375,0.09375,3,3,3,0,96,96,0,3072
ton_full,point,512,bh_ton_full_point_512,5009,0.944453125,0.944508838556504,0.9434375,0.05453125,2,2,2,0,64,64,0,2048
ton_full,point,512,bh_ton_full_point_512,5010,0.931875,0.9335694068516969,0.95828125,0.09453125,2,2,2,0,64,64,0,2048
ton_full,point,512,bh_ton_full_point_512,5011,0.929453125,0.9320258898173874,0.95765625,0.09875,3,3,3,0,96,96,0,3072
ton_full,point,512,bh_ton_full_point_512,5012,0.9434375,0.944799556525248,0.963125,0.07625,3,3,3,0,96,96,0,3072
ton_full,point,512,bh_ton_full_point_512,5013,0.912109375,0.9172073893546363,0.96734375,0.143125,3,3,3,0,96,96,0,3072
ton_full,point,512,bh_ton_full_point_512,5014,0.961328125,0.9617754146858674,0.9675,0.04484375,4,4,3,1,128,128,0,4096
ton_full,point,512,bh_ton_full_point_512,5015,0.929921875,0.9321428197728012,0.95796875,0.098125,4,4,3,1,128,128,0,4096
ton_full,point,512,bh_ton_full_point_512,5016,0.93859375,0.9399344783703215,0.9609375,0.08375,3,3,2,1,96,96,0,3072
ton_full,point,512,bh_ton_full_point_512,5017,0.935,0.9366625774697611,0.95921875,0.08921875,4,4,4,0,128,128,0,4096
ton_full,point,512,bh_ton_full_point_512,5018,0.937734375,0.9389434932823134,0.95390625,0.0784375,4,4,3,1,128,128,0,4096
ton_full,point,512,bh_ton_full_point_512,5019,0.93578125,0.936860280481424,0.9509375,0.079375,4,4,3,1,128,128,0,4096
ton_full,point,512,bh_ton_full_point_512,5020,0.928671875,0.9308324525968391,0.95765625,0.1003125,3,3,2,1,96,96,0,3072
ton_full,point,512,bh_ton_full_point_512,5021,0.949375,0.9502145674525786,0.96140625,0.06265625,3,3,2,1,96,96,0,3072
ton_full,point,512,bh_ton_full_point_512,5022,0.946953125,0.9477536483273888,0.956875,0.06296875,3,3,3,0,96,96,0,3072
ton_full,point,512,bh_ton_full_point_512,5023,0.933046875,0.9340597870915037,0.94765625,0.0815625,2,2,2,0,64,64,0,2048
ton_full,point,512,bh_ton_full_point_512,5024,0.934296875,0.9346741668531697,0.94328125,0.0746875,2,2,2,0,64,64,0,2048
ton_full,point,512,bh_ton_full_point_512,5025,0.943359375,0.9446146497367681,0.9625,0.07578125,4,4,3,1,128,128,0,4096
ton_full,point,512,bh_ton_full_point_512,5026,0.932578125,0.9338737828608824,0.95015625,0.085,3,3,2,1,96,96,0,3072
ton_full,point,512,bh_ton_full_point_512,5027,0.93953125,0.9403427788044462,0.9521875,0.073125,4,4,2,2,128,128,0,4096
ton_full,point,512,bh_ton_full_point_512,5028,0.935703125,0.9362175701210895,0.9440625,0.07265625,5,5,3,2,160,160,0,5120
ton_full,point,512,bh_ton_full_point_512,5029,0.9440625,0.9448721065867326,0.95453125,0.06640625,3,3,2,1,96,96,0,3072
ton_full,point,512,bh_ton_full_point_512,5030,0.939140625,0.9415537485411782,0.9690625,0.09078125,2,2,2,0,64,64,0,2048
ton_full,strict,512,bh_ton_full_strict_512,5001,0.90265625,0.907084223835221,0.94625,0.1409375,3,3,1,2,96,96,0,3072
ton_full,strict,512,bh_ton_full_strict_512,5002,0.949921875,0.9501798704812763,0.95296875,0.053125,4,4,2,2,128,128,0,4096
ton_full,strict,512,bh_ton_full_strict_512,5003,0.939609375,0.9399719688214141,0.94546875,0.06625,5,5,1,4,160,160,0,5120
ton_full,strict,512,bh_ton_full_strict_512,5004,0.945078125,0.9457471514503125,0.95421875,0.0640625,5,5,1,4,160,160,0,5120
ton_full,strict,512,bh_ton_full_strict_512,5005,0.942421875,0.9433476238157419,0.955625,0.07078125,4,4,2,2,128,128,0,4096
ton_full,strict,512,bh_ton_full_strict_512,5006,0.941640625,0.9420488100506745,0.94703125,0.06375,3,3,2,1,96,96,0,3072
ton_full,strict,512,bh_ton_full_strict_512,5007,0.911953125,0.914764017026734,0.94765625,0.12375,3,3,2,1,96,96,0,3072
ton_full,strict,512,bh_ton_full_strict_512,5008,0.923671875,0.9250838536877711,0.9421875,0.09484375,7,7,0,7,224,224,0,7168
ton_full,strict,512,bh_ton_full_strict_512,5009,0.933203125,0.9355582436605705,0.9596875,0.09328125,4,4,2,2,128,128,0,4096
ton_full,strict,512,bh_ton_full_strict_512,5010,0.915078125,0.9165050833317642,0.93125,0.10109375,6,6,1,5,192,192,0,6144
ton_full,strict,512,bh_ton_full_strict_512,5011,0.9425,0.943183757709802,0.95328125,0.06828125,3,3,2,1,96,96,0,3072
ton_full,strict,512,bh_ton_full_strict_512,5012,0.941484375,0.9428721296846573,0.9615625,0.07859375,5,5,2,3,160,160,0,5120
ton_full,strict,512,bh_ton_full_strict_512,5013,0.92875,0.931993472361624,0.9678125,0.1103125,5,5,2,3,160,160,0,5120
ton_full,strict,512,bh_ton_full_strict_512,5014,0.961796875,0.9622648191659903,0.96890625,0.0453125,5,5,2,3,160,160,0,5120
ton_full,strict,512,bh_ton_full_strict_512,5015,0.933359375,0.9336435864515945,0.9396875,0.07296875,5,5,1,4,160,160,0,5120
ton_full,strict,512,bh_ton_full_strict_512,5016,0.918515625,0.9217485496538607,0.956875,0.11984375,4,4,1,3,128,128,0,4096
ton_full,strict,512,bh_ton_full_strict_512,5017,0.9559375,0.956065607187641,0.95703125,0.04515625,6,6,1,5,192,192,0,6144
ton_full,strict,512,bh_ton_full_strict_512,5018,0.946484375,0.9469162981405287,0.95015625,0.0571875,5,5,2,3,160,160,0,5120
ton_full,strict,512,bh_ton_full_strict_512,5019,0.933515625,0.9342941598526481,0.94296875,0.0759375,5,5,2,3,160,160,0,5120
ton_full,strict,512,bh_ton_full_strict_512,5020,0.951875,0.9523587921819346,0.95890625,0.05515625,3,3,1,2,96,96,0,3072
ton_full,strict,512,bh_ton_full_strict_512,5021,0.949375,0.9502145674525786,0.96140625,0.06265625,3,3,2,1,96,96,0,3072
ton_full,strict,512,bh_ton_full_strict_512,5022,0.927109375,0.9293991903916943,0.95703125,0.1028125,3,3,1,2,96,96,0,3072
ton_full,strict,512,bh_ton_full_strict_512,5023,0.940390625,0.9401511401906495,0.93328125,0.0525,3,3,2,1,96,96,0,3072
ton_full,strict,512,bh_ton_full_strict_512,5024,0.934296875,0.9346741668531697,0.94328125,0.0746875,2,2,2,0,64,64,0,2048
ton_full,strict,512,bh_ton_full_strict_512,5025,0.953515625,0.9539436043946672,0.95671875,0.0496875,6,6,2,4,192,192,0,6144
ton_full,strict,512,bh_ton_full_strict_512,5026,0.932578125,0.9338737828608824,0.95015625,0.085,3,3,2,1,96,96,0,3072
ton_full,strict,512,bh_ton_full_strict_512,5027,0.93484375,0.9356831476944343,0.94515625,0.07546875,5,5,2,3,160,160,0,5120
ton_full,strict,512,bh_ton_full_strict_512,5028,0.935703125,0.9361922483274344,0.9421875,0.07078125,4,4,2,2,128,128,0,4096
ton_full,strict,512,bh_ton_full_strict_512,5029,0.93125,0.9325830638562583,0.9534375,0.0909375,4,4,2,2,128,128,0,4096
ton_full,strict,512,bh_ton_full_strict_512,5030,0.946171875,0.9466806088613983,0.9528125,0.06046875,4,4,1,3,128,128,0,4096
ton_full,atc,512,bh_ton_full_atc_512,5001,0.93734375,0.9372742630507328,0.9328125,0.058125,3,3,2,1,0,0,0,3072
ton_full,atc,512,bh_ton_full_atc_512,5002,0.925859375,0.9281980123361799,0.9584375,0.10671875,2,2,2,0,0,0,0,2048
ton_full,atc,512,bh_ton_full_atc_512,5003,0.949765625,0.9504147078411899,0.95984375,0.0603125,3,3,2,1,0,0,0,3072
ton_full,atc,512,bh_ton_full_atc_512,5004,0.935078125,0.9382550073008404,0.963125,0.09296875,3,3,3,0,0,0,0,3072
ton_full,atc,512,bh_ton_full_atc_512,5005,0.949921875,0.9488987165142683,0.93625,0.03640625,3,3,2,1,0,0,0,3072
ton_full,atc,512,bh_ton_full_atc_512,5006,0.93328125,0.9350756180760297,0.960625,0.0940625,2,2,2,0,0,0,0,2048
ton_full,atc,512,bh_ton_full_atc_512,5007,0.914609375,0.9170522178235158,0.946875,0.11765625,2,2,2,0,0,0,0,2048
ton_full,atc,512,bh_ton_full_atc_512,5008,0.935234375,0.9367526525731313,0.9553125,0.08484375,4,4,3,1,0,0,0,4096
ton_full,atc,512,bh_ton_full_atc_512,5009,0.944453125,0.944508838556504,0.9434375,0.05453125,2,2,2,0,0,0,0,2048
ton_full,atc,512,bh_ton_full_atc_512,5010,0.931875,0.9335694068516969,0.95828125,0.09453125,2,2,2,0,0,0,0,2048
ton_full,atc,512,bh_ton_full_atc_512,5011,0.9425,0.943183757709802,0.95328125,0.06828125,3,3,2,1,0,0,0,3072
ton_full,atc,512,bh_ton_full_atc_512,5012,0.9434375,0.944799556525248,0.963125,0.07625,3,3,3,0,0,0,0,3072
ton_full,atc,512,bh_ton_full_atc_512,5013,0.93984375,0.9413782219983005,0.965,0.0853125,3,3,2,1,0,0,0,3072
ton_full,atc,512,bh_ton_full_atc_512,5014,0.961328125,0.9617754146858674,0.9675,0.04484375,4,4,3,1,0,0,0,4096
ton_full,atc,512,bh_ton_full_atc_512,5015,0.929921875,0.9321428197728012,0.95796875,0.098125,4,4,3,1,0,0,0,4096
ton_full,atc,512,bh_ton_full_atc_512,5016,0.91703125,0.9208000997967157,0.9590625,0.125,4,4,2,2,0,0,0,4096
ton_full,atc,512,bh_ton_full_atc_512,5017,0.935546875,0.9367257728130263,0.95296875,0.081875,5,5,2,3,0,0,0,5120
ton_full,atc,512,bh_ton_full_atc_512,5018,0.949140625,0.9500471465150052,0.95578125,0.0575,3,3,3,0,0,0,0,3072
ton_full,atc,512,bh_ton_full_atc_512,5019,0.910234375,0.9155366886883245,0.96578125,0.1453125,3,3,3,0,0,0,0,3072
ton_full,atc,512,bh_ton_full_atc_512,5020,0.928671875,0.9308324525968391,0.95765625,0.1003125,3,3,2,1,0,0,0,3072
ton_full,atc,512,bh_ton_full_atc_512,5021,0.941328125,0.9434629869687459,0.96671875,0.0840625,2,2,2,0,0,0,0,2048
ton_full,atc,512,bh_ton_full_atc_512,5022,0.946953125,0.9477536483273888,0.956875,0.06296875,3,3,3,0,0,0,0,3072
ton_full,atc,512,bh_ton_full_atc_512,5023,0.933046875,0.9340597870915037,0.94765625,0.0815625,2,2,2,0,0,0,0,2048
ton_full,atc,512,bh_ton_full_atc_512,5024,0.934296875,0.9346741668531697,0.94328125,0.0746875,2,2,2,0,0,0,0,2048
ton_full,atc,512,bh_ton_full_atc_512,5025,0.9453125,0.9464724350052347,0.9634375,0.0728125,4,4,2,2,0,0,0,4096
ton_full,atc,512,bh_ton_full_atc_512,5026,0.926171875,0.9292616585986877,0.95796875,0.105625,2,2,2,0,0,0,0,2048
ton_full,atc,512,bh_ton_full_atc_512,5027,0.9359375,0.9380950201717798,0.9571875,0.0853125,3,3,3,0,0,0,0,3072
ton_full,atc,512,bh_ton_full_atc_512,5028,0.929140625,0.9303477740225753,0.94734375,0.0890625,4,4,3,1,0,0,0,4096
ton_full,atc,512,bh_ton_full_atc_512,5029,0.931484375,0.934857055189619,0.9640625,0.10109375,2,2,2,0,0,0,0,2048
ton_full,atc,512,bh_ton_full_atc_512,5030,0.939140625,0.9415537485411782,0.9690625,0.09078125,2,2,2,0,0,0,0,2048
ton_full,doc,512,bh_ton_full_doc_512,5001,0.93734375,0.9372742630507328,0.9328125,0.058125,3,3,2,1,0,0,0,3072
ton_full,doc,512,bh_ton_full_doc_512,5002,0.925859375,0.9281980123361799,0.9584375,0.10671875,2,2,2,0,0,0,0,2048
ton_full,doc,512,bh_ton_full_doc_512,5003,0.949765625,0.9504147078411899,0.95984375,0.0603125,3,3,2,1,0,0,0,3072
ton_full,doc,512,bh_ton_full_doc_512,5004,0.953125,0.9534679664043848,0.95625,0.05,4,4,2,2,0,0,0,4096
ton_full,doc,512,bh_ton_full_doc_512,5005,0.949921875,0.9488987165142683,0.93625,0.03640625,3,3,2,1,0,0,0,3072
ton_full,doc,512,bh_ton_full_doc_512,5006,0.93328125,0.9350756180760297,0.960625,0.0940625,2,2,2,0,0,0,0,2048
ton_full,doc,512,bh_ton_full_doc_512,5007,0.914609375,0.9170522178235158,0.946875,0.11765625,2,2,2,0,0,0,0,2048
ton_full,doc,512,bh_ton_full_doc_512,5008,0.935234375,0.9367526525731313,0.9553125,0.08484375,4,4,3,1,0,0,0,4096
ton_full,doc,512,bh_ton_full_doc_512,5009,0.944453125,0.944508838556504,0.9434375,0.05453125,2,2,2,0,0,0,0,2048
ton_full,doc,512,bh_ton_full_doc_512,5010,0.931875,0.9335694068516969,0.95828125,0.09453125,2,2,2,0,0,0,0,2048
ton_full,doc,512,bh_ton_full_doc_512,5011,0.9425,0.943183757709802,0.95328125,0.06828125,3,3,2,1,0,0,0,3072
ton_full,doc,512,bh_ton_full_doc_512,5012,0.9434375,0.944799556525248,0.963125,0.07625,3,3,3,0,0,0,0,3072
ton_full,doc,512,bh_ton_full_doc_512,5013,0.94171875,0.9431012209217409,0.96578125,0.08234375,4,4,2,2,0,0,0,4096
ton_full,doc,512,bh_ton_full_doc_512,5014,0.962421875,0.9628680583701095,0.96828125,0.0434375,5,5,3,2,0,0,0,5120
ton_full,doc,512,bh_ton_full_doc_512,5015,0.928515625,0.9292406273180482,0.93859375,0.0815625,5,5,2,3,0,0,0,5120
ton_full,doc,512,bh_ton_full_doc_512,5016,0.93859375,0.9399344783703215,0.9609375,0.08375,3,3,2,1,0,0,0,3072
ton_full,doc,512,bh_ton_full_doc_512,5017,0.94109375,0.9421183353587985,0.95546875,0.07328125,4,4,3,1,0,0,0,4096
ton_full,doc,512,bh_ton_full_doc_512,5018,0.946953125,0.9473850958198885,0.95046875,0.0565625,5,5,3,2,0,0,0,5120
ton_full,doc,512,bh_ton_full_doc_512,5019,0.93578125,0.936860280481424,0.9509375,0.079375,4,4,3,1,0,0,0,4096
ton_full,doc,512,bh_ton_full_doc_512,5020,0.928671875,0.9308324525968391,0.95765625,0.1003125,3,3,2,1,0,0,0,3072
ton_full,doc,512,bh_ton_full_doc_512,5021,0.949375,0.9502145674525786,0.96140625,0.06265625,3,3,2,1,0,0,0,3072
ton_full,doc,512,bh_ton_full_doc_512,5022,0.946953125,0.9477536483273888,0.956875,0.06296875,3,3,3,0,0,0,0,3072
ton_full,doc,512,bh_ton_full_doc_512,5023,0.933046875,0.9340597870915037,0.94765625,0.0815625,2,2,2,0,0,0,0,2048
ton_full,doc,512,bh_ton_full_doc_512,5024,0.934296875,0.9346741668531697,0.94328125,0.0746875,2,2,2,0,0,0,0,2048
ton_full,doc,512,bh_ton_full_doc_512,5025,0.9453125,0.9464724350052347,0.9634375,0.0728125,4,4,2,2,0,0,0,4096
ton_full,doc,512,bh_ton_full_doc_512,5026,0.926171875,0.9292616585986877,0.95796875,0.105625,2,2,2,0,0,0,0,2048
ton_full,doc,512,bh_ton_full_doc_512,5027,0.9359375,0.9380950201717798,0.9571875,0.0853125,3,3,3,0,0,0,0,3072
ton_full,doc,512,bh_ton_full_doc_512,5028,0.929140625,0.9303477740225753,0.94734375,0.0890625,4,4,3,1,0,0,0,4096
ton_full,doc,512,bh_ton_full_doc_512,5029,0.931484375,0.934857055189619,0.9640625,0.10109375,2,2,2,0,0,0,0,2048
ton_full,doc,512,bh_ton_full_doc_512,5030,0.9496875,0.9504246481549611,0.9628125,0.0634375,3,3,2,1,0,0,0,3072
ton_full,enscal,512,bh_ton_full_enscal_512,5001,0.93171875,0.933572290031054,0.9525,0.0890625,3,3,3,0,0,0,0,3072
ton_full,enscal,512,bh_ton_full_enscal_512,5002,0.938046875,0.9389755708497712,0.95453125,0.0784375,2,2,2,0,0,0,0,2048
ton_full,enscal,512,bh_ton_full_enscal_512,5003,0.93203125,0.9342105520070768,0.955625,0.0915625,3,3,3,0,0,0,0,3072
ton_full,enscal,512,bh_ton_full_enscal_512,5004,0.95375,0.9544439290504718,0.9628125,0.0553125,3,3,3,0,0,0,0,3072
ton_full,enscal,512,bh_ton_full_enscal_512,5005,0.958671875,0.9585996795033779,0.95359375,0.03625,3,3,3,0,0,0,0,3072
ton_full,enscal,512,bh_ton_full_enscal_512,5006,0.93953125,0.9404705307267867,0.95625,0.0771875,2,2,2,0,0,0,0,2048
ton_full,enscal,512,bh_ton_full_enscal_512,5007,0.92875,0.9293025310202249,0.94140625,0.08390625,2,2,2,0,0,0,0,2048
ton_full,enscal,512,bh_ton_full_enscal_512,5008,0.943984375,0.9449880297773126,0.95703125,0.0690625,3,3,3,0,0,0,0,3072
ton_full,enscal,512,bh_ton_full_enscal_512,5009,0.945625,0.9456610152291622,0.94484375,0.05359375,2,2,2,0,0,0,0,2048
ton_full,enscal,512,bh_ton_full_enscal_512,5010,0.934140625,0.9355470945176979,0.95671875,0.0884375,2,2,2,0,0,0,0,2048
ton_full,enscal,512,bh_ton_full_enscal_512,5011,0.938203125,0.938916513556461,0.94828125,0.071875,3,3,3,0,0,0,0,3072
ton_full,enscal,512,bh_ton_full_enscal_512,5012,0.94484375,0.9461344367535187,0.96296875,0.07328125,3,3,3,0,0,0,0,3072
ton_full,enscal,512,bh_ton_full_enscal_512,5013,0.9421875,0.9434350627442398,0.96390625,0.07953125,3,3,3,0,0,0,0,3072
ton_full,enscal,512,bh_ton_full_enscal_512,5014,0.938046875,0.939437526935955,0.96,0.08390625,3,3,3,0,0,0,0,3072
ton_full,enscal,512,bh_ton_full_enscal_512,5015,0.937578125,0.9389018511929677,0.95859375,0.0834375,3,3,3,0,0,0,0,3072
ton_full,enscal,512,bh_ton_full_enscal_512,5016,0.9234375,0.9265883483307832,0.96140625,0.11453125,4,4,4,0,0,0,0,4096
ton_full,enscal,512,bh_ton_full_enscal_512,5017,0.936796875,0.9377326015746011,0.95171875,0.078125,4,4,4,0,0,0,0,4096
ton_full,enscal,512,bh_ton_full_enscal_512,5018,0.94421875,0.9452569141129805,0.959375,0.0709375,3,3,3,0,0,0,0,3072
ton_full,enscal,512,bh_ton_full_enscal_512,5019,0.938359375,0.9396937957033653,0.96,0.08328125,3,3,3,0,0,0,0,3072
ton_full,enscal,512,bh_ton_full_enscal_512,5020,0.93671875,0.9379721352115732,0.95703125,0.08359375,2,2,2,0,0,0,0,2048
ton_full,enscal,512,bh_ton_full_enscal_512,5021,0.94140625,0.9426547249424937,0.96171875,0.07890625,2,2,2,0,0,0,0,2048
ton_full,enscal,512,bh_ton_full_enscal_512,5022,0.948203125,0.9489077345915449,0.955,0.05859375,3,3,3,0,0,0,0,3072
ton_full,enscal,512,bh_ton_full_enscal_512,5023,0.935703125,0.9364081102864523,0.94640625,0.075,2,2,2,0,0,0,0,2048
ton_full,enscal,512,bh_ton_full_enscal_512,5024,0.935703125,0.935930075189679,0.9403125,0.06890625,2,2,2,0,0,0,0,2048
ton_full,enscal,512,bh_ton_full_enscal_512,5025,0.946640625,0.9475898534159919,0.960625,0.06734375,3,3,3,0,0,0,0,3072
ton_full,enscal,512,bh_ton_full_enscal_512,5026,0.930546875,0.9314106921824821,0.94375,0.08265625,2,2,2,0,0,0,0,2048
ton_full,enscal,512,bh_ton_full_enscal_512,5027,0.94546875,0.9464009292181931,0.95953125,0.06859375,3,3,3,0,0,0,0,3072
ton_full,enscal,512,bh_ton_full_enscal_512,5028,0.92953125,0.9304901452116832,0.94421875,0.08515625,3,3,3,0,0,0,0,3072
ton_full,enscal,512,bh_ton_full_enscal_512,5029,0.934453125,0.9358186842688402,0.9571875,0.08828125,2,2,2,0,0,0,0,2048
ton_full,enscal,512,bh_ton_full_enscal_512,5030,0.93984375,0.9413028857996601,0.963125,0.0834375,2,2,2,0,0,0,0,2048
ps_zero,never,n/a,bh_ps_zero_never,5001,0.96359375,0.9649898899674791,,,0,0,0,0,0,0,0,0
ps_zero,never,n/a,bh_ps_zero_never,5002,0.960703125,0.9623480656925172,,,0,0,0,0,0,0,0,0
ps_zero,never,n/a,bh_ps_zero_never,5003,0.95578125,0.9577950890712178,,,0,0,0,0,0,0,0,0
ps_zero,never,n/a,bh_ps_zero_never,5004,0.959140625,0.9608213433586886,,,0,0,0,0,0,0,0,0
ps_zero,never,n/a,bh_ps_zero_never,5005,0.9615625,0.9631726229495663,,,0,0,0,0,0,0,0,0
ps_zero,never,n/a,bh_ps_zero_never,5006,0.8634375,0.879025556238149,,,0,0,0,0,0,0,0,0
ps_zero,never,n/a,bh_ps_zero_never,5007,0.96,0.9617490228158471,,,0,0,0,0,0,0,0,0
ps_zero,never,n/a,bh_ps_zero_never,5008,0.964375,0.9657406013686883,,,0,0,0,0,0,0,0,0
ps_zero,never,n/a,bh_ps_zero_never,5009,0.959609375,0.9613213044078897,,,0,0,0,0,0,0,0,0
ps_zero,never,n/a,bh_ps_zero_never,5010,0.958828125,0.9607052375124252,,,0,0,0,0,0,0,0,0
ps_zero,never,n/a,bh_ps_zero_never,5011,0.96625,0.9674452970456984,,,0,0,0,0,0,0,0,0
ps_zero,never,n/a,bh_ps_zero_never,5012,0.96421875,0.9655703816569826,,,0,0,0,0,0,0,0,0
ps_zero,never,n/a,bh_ps_zero_never,5013,0.945,0.9476680368155747,,,0,0,0,0,0,0,0,0
ps_zero,never,n/a,bh_ps_zero_never,5014,0.967265625,0.9684625273326756,,,0,0,0,0,0,0,0,0
ps_zero,never,n/a,bh_ps_zero_never,5015,0.960546875,0.9622141901622625,,,0,0,0,0,0,0,0,0
ps_zero,never,n/a,bh_ps_zero_never,5016,0.956640625,0.9585770668770179,,,0,0,0,0,0,0,0,0
ps_zero,never,n/a,bh_ps_zero_never,5017,0.9653125,0.9665968015488267,,,0,0,0,0,0,0,0,0
ps_zero,never,n/a,bh_ps_zero_never,5018,0.864375,0.8810326511092488,,,0,0,0,0,0,0,0,0
ps_zero,never,n/a,bh_ps_zero_never,5019,0.959921875,0.9615996266821188,,,0,0,0,0,0,0,0,0
ps_zero,never,n/a,bh_ps_zero_never,5020,0.963203125,0.9646177288701452,,,0,0,0,0,0,0,0,0
ps_zero,never,n/a,bh_ps_zero_never,5021,0.954765625,0.9568370533583332,,,0,0,0,0,0,0,0,0
ps_zero,never,n/a,bh_ps_zero_never,5022,0.961796875,0.9633463617432271,,,0,0,0,0,0,0,0,0
ps_zero,never,n/a,bh_ps_zero_never,5023,0.95796875,0.959790401547176,,,0,0,0,0,0,0,0,0
ps_zero,never,n/a,bh_ps_zero_never,5024,0.9525,0.9548435929777846,,,0,0,0,0,0,0,0,0
ps_zero,never,n/a,bh_ps_zero_never,5025,0.9546875,0.9567317288384841,,,0,0,0,0,0,0,0,0
ps_zero,never,n/a,bh_ps_zero_never,5026,0.969375,0.9704102986102771,,,0,0,0,0,0,0,0,0
ps_zero,never,n/a,bh_ps_zero_never,5027,0.954921875,0.9570344502636462,,,0,0,0,0,0,0,0,0
ps_zero,never,n/a,bh_ps_zero_never,5028,0.96140625,0.9630336890009594,,,0,0,0,0,0,0,0,0
ps_zero,never,n/a,bh_ps_zero_never,5029,0.89265625,0.902863084195491,,,0,0,0,0,0,0,0,0
ps_zero,never,n/a,bh_ps_zero_never,5030,0.949765625,0.9523675943073999,,,0,0,0,0,0,0,0,0
ps_zero,naive,2000,bh_ps_zero_naive_2000,5001,0.96140625,0.9630165033265453,0.99703125,0.07421875,4,4,4,0,0,0,0,16000
ps_zero,naive,2000,bh_ps_zero_naive_2000,5002,0.958515625,0.9603837580665302,0.996875,0.07984375,3,3,3,0,0,0,0,12000
ps_zero,naive,2000,bh_ps_zero_naive_2000,5003,0.9434375,0.947532324416453,0.99640625,0.10953125,2,2,2,0,0,0,0,8000
ps_zero,naive,2000,bh_ps_zero_naive_2000,5004,0.9603125,0.9619306066090779,0.99671875,0.07609375,2,2,2,0,0,0,0,8000
ps_zero,naive,2000,bh_ps_zero_naive_2000,5005,0.95484375,0.9569523359336023,0.99734375,0.08765625,5,5,5,0,0,0,0,20000
ps_zero,naive,2000,bh_ps_zero_naive_2000,5006,0.933359375,0.9383141690691087,0.9946875,0.12796875,4,4,4,0,0,0,0,16000
ps_zero,naive,2000,bh_ps_zero_naive_2000,5007,0.960078125,0.9618198657443561,0.99859375,0.0784375,1,1,1,0,0,0,0,4000
ps_zero,naive,2000,bh_ps_zero_naive_2000,5008,0.96125,0.9628947729260028,0.99796875,0.07546875,3,3,3,0,0,0,0,12000
ps_zero,naive,2000,bh_ps_zero_naive_2000,5009,0.949921875,0.9525324960389807,0.998125,0.09828125,3,3,3,0,0,0,0,12000
ps_zero,naive,2000,bh_ps_zero_naive_2000,5010,0.948671875,0.951561435858123,0.99875,0.10140625,5,5,5,0,0,0,0,20000
ps_zero,naive,2000,bh_ps_zero_naive_2000,5011,0.9571875,0.9590502167093123,0.99609375,0.08171875,3,3,3,0,0,0,0,12000
ps_zero,naive,2000,bh_ps_zero_naive_2000,5012,0.958515625,0.9604199108085194,0.99796875,0.0809375,4,4,4,0,0,0,0,16000
ps_zero,naive,2000,bh_ps_zero_naive_2000,5013,0.957890625,0.9597083023036448,0.9953125,0.07953125,3,3,3,0,0,0,0,12000
ps_zero,naive,2000,bh_ps_zero_naive_2000,5014,0.95890625,0.9607439095101172,0.99859375,0.08078125,4,4,4,0,0,0,0,16000
ps_zero,naive,2000,bh_ps_zero_naive_2000,5015,0.9584375,0.960286019028675,0.9975,0.080625,3,3,3,0,0,0,0,12000
ps_zero,naive,2000,bh_ps_zero_naive_2000,5016,0.960078125,0.9617126277521634,0.9975,0.07734375,4,4,4,0,0,0,0,16000
ps_zero,naive,2000,bh_ps_zero_naive_2000,5017,0.950625,0.9531690516025166,0.9971875,0.0959375,3,3,3,0,0,0,0,12000
ps_zero,naive,2000,bh_ps_zero_naive_2000,5018,0.883984375,0.8976816938638805,0.99859375,0.230625,2,2,2,0,0,0,0,8000
ps_zero,naive,2000,bh_ps_zero_naive_2000,5019,0.9609375,0.9625289394613883,0.99609375,0.07421875,3,3,3,0,0,0,0,12000
ps_zero,naive,2000,bh_ps_zero_naive_2000,5020,0.960234375,0.9618863092443901,0.9975,0.07703125,3,3,3,0,0,0,0,12000
ps_zero,naive,2000,bh_ps_zero_naive_2000,5021,0.9640625,0.9654088041871421,0.9971875,0.0690625,1,1,1,0,0,0,0,4000
ps_zero,naive,2000,bh_ps_zero_naive_2000,5022,0.95015625,0.9534644074734533,0.9965625,0.09625,4,4,4,0,0,0,0,16000
ps_zero,naive,2000,bh_ps_zero_naive_2000,5023,0.9625,0.9639775673650661,0.9978125,0.0728125,2,2,2,0,0,0,0,8000
ps_zero,naive,2000,bh_ps_zero_naive_2000,5024,0.949296875,0.9525559801058846,0.99765625,0.0990625,4,4,4,0,0,0,0,16000
ps_zero,naive,2000,bh_ps_zero_naive_2000,5025,0.957265625,0.9591642699048087,0.99703125,0.0825,1,1,1,0,0,0,0,4000
ps_zero,naive,2000,bh_ps_zero_naive_2000,5026,0.95765625,0.9595932034947116,0.998125,0.0828125,4,4,4,0,0,0,0,16000
ps_zero,naive,2000,bh_ps_zero_naive_2000,5027,0.95484375,0.957008755042576,0.99828125,0.08859375,3,3,3,0,0,0,0,12000
ps_zero,naive,2000,bh_ps_zero_naive_2000,5028,0.95671875,0.9587172985546434,0.9971875,0.08375,5,5,5,0,0,0,0,20000
ps_zero,naive,2000,bh_ps_zero_naive_2000,5029,0.958828125,0.961002643676045,0.99734375,0.0796875,3,3,3,0,0,0,0,12000
ps_zero,naive,2000,bh_ps_zero_naive_2000,5030,0.9534375,0.9557807274530451,0.99734375,0.09046875,5,5,5,0,0,0,0,20000
ps_zero,point,2000,bh_ps_zero_point_2000,5001,0.96140625,0.9630165033265453,0.99703125,0.07421875,4,4,4,0,128,128,0,16000
ps_zero,point,2000,bh_ps_zero_point_2000,5002,0.9625,0.9639777064004694,0.9971875,0.0721875,3,3,2,1,96,96,0,12000
ps_zero,point,2000,bh_ps_zero_point_2000,5003,0.9590625,0.9608299458148057,0.99765625,0.07953125,2,2,1,1,64,64,0,8000
ps_zero,point,2000,bh_ps_zero_point_2000,5004,0.9603125,0.9619306066090779,0.99671875,0.07609375,2,2,2,0,64,64,0,8000
ps_zero,point,2000,bh_ps_zero_point_2000,5005,0.95609375,0.9581514500686775,0.99859375,0.08640625,5,5,4,1,160,160,0,20000
ps_zero,point,2000,bh_ps_zero_point_2000,5006,0.933359375,0.9383141690691087,0.9946875,0.12796875,4,4,4,0,128,128,0,16000
ps_zero,point,2000,bh_ps_zero_point_2000,5007,0.960078125,0.9618198657443561,0.99859375,0.0784375,1,1,1,0,32,32,0,4000
ps_zero,point,2000,bh_ps_zero_point_2000,5008,0.96125,0.9628947729260028,0.99796875,0.07546875,3,3,3,0,96,96,0,12000
ps_zero,point,2000,bh_ps_zero_point_2000,5009,0.9515625,0.9540270404228663,0.998125,0.095,3,3,2,1,96,96,0,12000
ps_zero,point,2000,bh_ps_zero_point_2000,5010,0.950859375,0.9535248151959875,0.99859375,0.096875,5,5,4,1,160,160,0,20000
ps_zero,point,2000,bh_ps_zero_point_2000,5011,0.96015625,0.9617512405004335,0.99625,0.0759375,3,3,2,1,96,96,0,12000
ps_zero,point,2000,bh_ps_zero_point_2000,5012,0.958515625,0.9604199108085194,0.99796875,0.0809375,4,4,4,0,128,128,0,16000
ps_zero,point,2000,bh_ps_zero_point_2000,5013,0.957890625,0.9597083023036448,0.9953125,0.07953125,3,3,3,0,96,96,0,12000
ps_zero,point,2000,bh_ps_zero_point_2000,5014,0.95890625,0.9607439095101172,0.99859375,0.08078125,4,4,4,0,128,128,0,16000
ps_zero,point,2000,bh_ps_zero_point_2000,5015,0.9584375,0.960286019028675,0.9975,0.080625,3,3,3,0,96,96,0,12000
ps_zero,point,2000,bh_ps_zero_point_2000,5016,0.96109375,0.9626446390921147,0.9975,0.0753125,4,4,3,1,128,128,0,16000
ps_zero,point,2000,bh_ps_zero_point_2000,5017,0.9584375,0.9602337884664374,0.99765625,0.08078125,3,3,1,2,96,96,0,12000
ps_zero,point,2000,bh_ps_zero_point_2000,5018,0.88390625,0.8976030447775979,0.9984375,0.230625,2,2,1,1,64,64,0,8000
ps_zero,point,2000,bh_ps_zero_point_2000,5019,0.9609375,0.9625289394613883,0.99609375,0.07421875,3,3,3,0,96,96,0,12000
ps_zero,point,2000,bh_ps_zero_point_2000,5020,0.962578125,0.9640493073361068,0.99765625,0.0725,3,3,2,1,96,96,0,12000
ps_zero,point,2000,bh_ps_zero_point_2000,5021,0.9640625,0.9654088041871421,0.9971875,0.0690625,1,1,1,0,32,32,0,4000
ps_zero,point,2000,bh_ps_zero_point_2000,5022,0.963203125,0.9646483292921559,0.9971875,0.07078125,4,4,3,1,128,128,0,16000
ps_zero,point,2000,bh_ps_zero_point_2000,5023,0.9625,0.9639775673650661,0.9978125,0.0728125,2,2,2,0,64,64,0,8000
ps_zero,point,2000,bh_ps_zero_point_2000,5024,0.958515625,0.9603449261018179,0.99765625,0.080625,4,4,3,1,128,128,0,16000
ps_zero,point,2000,bh_ps_zero_point_2000,5025,0.957265625,0.9591642699048087,0.99703125,0.0825,1,1,1,0,32,32,0,4000
ps_zero,point,2000,bh_ps_zero_point_2000,5026,0.963828125,0.9652954039006691,0.99765625,0.07,4,4,3,1,128,128,0,16000
ps_zero,point,2000,bh_ps_zero_point_2000,5027,0.95484375,0.957008755042576,0.99828125,0.08859375,3,3,3,0,96,96,0,12000
ps_zero,point,2000,bh_ps_zero_point_2000,5028,0.961484375,0.9631451797019309,0.99828125,0.0753125,5,5,2,3,160,160,0,20000
ps_zero,point,2000,bh_ps_zero_point_2000,5029,0.958828125,0.961002643676045,0.99734375,0.0796875,3,3,3,0,96,96,0,12000
ps_zero,point,2000,bh_ps_zero_point_2000,5030,0.95390625,0.956208176234431,0.99734375,0.08953125,5,5,4,1,160,160,0,20000
ps_zero,strict,2000,bh_ps_zero_strict_2000,5001,0.96359375,0.9649898899674791,0.99640625,0.06921875,4,4,0,4,128,128,0,16000
ps_zero,strict,2000,bh_ps_zero_strict_2000,5002,0.960703125,0.9623480656925172,0.9978125,0.07640625,3,3,0,3,96,96,0,12000
ps_zero,strict,2000,bh_ps_zero_strict_2000,5003,0.95578125,0.9577950890712178,0.99734375,0.08578125,2,2,0,2,64,64,0,8000
ps_zero,strict,2000,bh_ps_zero_strict_2000,5004,0.959140625,0.9608213433586886,0.9965625,0.07828125,2,2,0,2,64,64,0,8000
ps_zero,strict,2000,bh_ps_zero_strict_2000,5005,0.9615625,0.9631726229495663,0.9984375,0.0753125,5,5,0,5,160,160,0,20000
ps_zero,strict,2000,bh_ps_zero_strict_2000,5006,0.9328125,0.937820740346574,0.9946875,0.1290625,4,4,3,1,128,128,0,16000
ps_zero,strict,2000,bh_ps_zero_strict_2000,5007,0.96,0.9617490228158471,0.99890625,0.07890625,1,1,0,1,32,32,0,4000
ps_zero,strict,2000,bh_ps_zero_strict_2000,5008,0.964375,0.9657406013686883,0.99765625,0.06890625,3,3,0,3,96,96,0,12000
ps_zero,strict,2000,bh_ps_zero_strict_2000,5009,0.959609375,0.9613213044078897,0.998125,0.07890625,3,3,0,3,96,96,0,12000
ps_zero,strict,2000,bh_ps_zero_strict_2000,5010,0.959140625,0.9609904425035127,0.99859375,0.0803125,5,5,1,4,160,160,0,20000
ps_zero,strict,2000,bh_ps_zero_strict_2000,5011,0.96625,0.9674452970456984,0.99640625,0.06390625,3,3,0,3,96,96,0,12000
ps_zero,strict,2000,bh_ps_zero_strict_2000,5012,0.96421875,0.9655703816569826,0.9975,0.0690625,4,4,0,4,128,128,0,16000
ps_zero,strict,2000,bh_ps_zero_strict_2000,5013,0.957265625,0.9591136470224013,0.9953125,0.08078125,3,3,1,2,96,96,0,12000
ps_zero,strict,2000,bh_ps_zero_strict_2000,5014,0.967265625,0.9684625273326756,0.99859375,0.0640625,4,4,0,4,128,128,0,16000
ps_zero,strict,2000,bh_ps_zero_strict_2000,5015,0.960546875,0.9622141901622625,0.99734375,0.07625,3,3,0,3,96,96,0,12000
ps_zero,strict,2000,bh_ps_zero_strict_2000,5016,0.956640625,0.9585770668770179,0.9984375,0.08515625,4,4,0,4,128,128,0,16000
ps_zero,strict,2000,bh_ps_zero_strict_2000,5017,0.9653125,0.9665968015488267,0.9971875,0.0665625,3,3,0,3,96,96,0,12000
ps_zero,strict,2000,bh_ps_zero_strict_2000,5018,0.88390625,0.8976030447775979,0.9984375,0.230625,2,2,1,1,64,64,0,8000
ps_zero,strict,2000,bh_ps_zero_strict_2000,5019,0.9603125,0.9619578269820356,0.99625,0.075625,3,3,1,2,96,96,0,12000
ps_zero,strict,2000,bh_ps_zero_strict_2000,5020,0.9621875,0.9636851969326873,0.9975,0.073125,3,3,1,2,96,96,0,12000
ps_zero,strict,2000,bh_ps_zero_strict_2000,5021,0.9640625,0.9654088041871421,0.9971875,0.0690625,1,1,1,0,32,32,0,4000
ps_zero,strict,2000,bh_ps_zero_strict_2000,5022,0.961796875,0.9633463617432271,0.99734375,0.07375,4,4,0,4,128,128,0,16000
ps_zero,strict,2000,bh_ps_zero_strict_2000,5023,0.964296875,0.965588812704384,0.9975,0.06890625,2,2,1,1,64,64,0,8000
ps_zero,strict,2000,bh_ps_zero_strict_2000,5024,0.9525,0.9548435929777846,0.99796875,0.09296875,4,4,0,4,128,128,0,16000
ps_zero,strict,2000,bh_ps_zero_strict_2000,5025,0.9546875,0.9567317288384841,0.99703125,0.08765625,1,1,0,1,32,32,0,4000
ps_zero,strict,2000,bh_ps_zero_strict_2000,5026,0.969375,0.9704102986102771,0.9975,0.05875,4,4,0,4,128,128,0,16000
ps_zero,strict,2000,bh_ps_zero_strict_2000,5027,0.952890625,0.9552149312112184,0.99828125,0.0925,3,3,2,1,96,96,0,12000
ps_zero,strict,2000,bh_ps_zero_strict_2000,5028,0.96140625,0.9630336890009594,0.998125,0.0753125,5,5,0,5,160,160,0,20000
ps_zero,strict,2000,bh_ps_zero_strict_2000,5029,0.9578125,0.9600256422299474,0.9971875,0.0815625,3,3,1,2,96,96,0,12000
ps_zero,strict,2000,bh_ps_zero_strict_2000,5030,0.96078125,0.9624581351017781,0.99765625,0.07609375,5,5,1,4,160,160,0,20000
ps_zero,atc,2000,bh_ps_zero_atc_2000,5001,0.9584375,0.960332047615647,0.9971875,0.0803125,4,4,2,2,0,0,0,16000
ps_zero,atc,2000,bh_ps_zero_atc_2000,5002,0.96078125,0.962379468888426,0.99765625,0.07609375,3,3,1,2,0,0,0,12000
ps_zero,atc,2000,bh_ps_zero_atc_2000,5003,0.9590625,0.9608299458148057,0.99765625,0.07953125,2,2,1,1,0,0,0,8000
ps_zero,atc,2000,bh_ps_zero_atc_2000,5004,0.959921875,0.9615648982136286,0.99671875,0.076875,2,2,1,1,0,0,0,8000
ps_zero,atc,2000,bh_ps_zero_atc_2000,5005,0.957890625,0.9597914544434316,0.99859375,0.0828125,5,5,2,3,0,0,0,20000
ps_zero,atc,2000,bh_ps_zero_atc_2000,5006,0.9309375,0.9361534939351833,0.9946875,0.1328125,4,4,3,1,0,0,0,16000
ps_zero,atc,2000,bh_ps_zero_atc_2000,5007,0.96,0.9617490228158471,0.99890625,0.07890625,1,1,0,1,0,0,0,4000
ps_zero,atc,2000,bh_ps_zero_atc_2000,5008,0.96125,0.9628947729260028,0.99796875,0.07546875,3,3,3,0,0,0,0,12000
ps_zero,atc,2000,bh_ps_zero_atc_2000,5009,0.949921875,0.9525324960389807,0.998125,0.09828125,3,3,3,0,0,0,0,12000
ps_zero,atc,2000,bh_ps_zero_atc_2000,5010,0.957578125,0.9595804656774045,0.99859375,0.0834375,5,5,1,4,0,0,0,20000
ps_zero,atc,2000,bh_ps_zero_atc_2000,5011,0.962578125,0.9639768214948868,0.99609375,0.0709375,3,3,1,2,0,0,0,12000
ps_zero,atc,2000,bh_ps_zero_atc_2000,5012,0.96421875,0.9655947368023924,0.99765625,0.06921875,4,4,2,2,0,0,0,16000
ps_zero,atc,2000,bh_ps_zero_atc_2000,5013,0.95734375,0.9591934183353943,0.9953125,0.080625,3,3,2,1,0,0,0,12000
ps_zero,atc,2000,bh_ps_zero_atc_2000,5014,0.962734375,0.964267265274467,0.99859375,0.073125,4,4,2,2,0,0,0,16000
ps_zero,atc,2000,bh_ps_zero_atc_2000,5015,0.9584375,0.960286019028675,0.9975,0.080625,3,3,3,0,0,0,0,12000
ps_zero,atc,2000,bh_ps_zero_atc_2000,5016,0.958125,0.9598815015986308,0.9965625,0.0803125,4,4,3,1,0,0,0,16000
ps_zero,atc,2000,bh_ps_zero_atc_2000,5017,0.9584375,0.9602337884664374,0.99765625,0.08078125,3,3,1,2,0,0,0,12000
ps_zero,atc,2000,bh_ps_zero_atc_2000,5018,0.88390625,0.8976030447775979,0.9984375,0.230625,2,2,1,1,0,0,0,8000
ps_zero,atc,2000,bh_ps_zero_atc_2000,5019,0.9609375,0.9625289394613883,0.99609375,0.07421875,3,3,3,0,0,0,0,12000
ps_zero,atc,2000,bh_ps_zero_atc_2000,5020,0.95921875,0.9609383036514254,0.9971875,0.07875,3,3,2,1,0,0,0,12000
ps_zero,atc,2000,bh_ps_zero_atc_2000,5021,0.9640625,0.9654088041871421,0.9971875,0.0690625,1,1,1,0,0,0,0,4000
ps_zero,atc,2000,bh_ps_zero_atc_2000,5022,0.96453125,0.9658708367614647,0.99734375,0.06828125,4,4,1,3,0,0,0,16000
ps_zero,atc,2000,bh_ps_zero_atc_2000,5023,0.9625,0.9639775673650661,0.9978125,0.0728125,2,2,2,0,0,0,0,8000
ps_zero,atc,2000,bh_ps_zero_atc_2000,5024,0.958125,0.9599964602057941,0.99765625,0.08140625,4,4,2,2,0,0,0,16000
ps_zero,atc,2000,bh_ps_zero_atc_2000,5025,0.957265625,0.9591642699048087,0.99703125,0.0825,1,1,1,0,0,0,0,4000
ps_zero,atc,2000,bh_ps_zero_atc_2000,5026,0.963828125,0.9652954039006691,0.99765625,0.07,4,4,3,1,0,0,0,16000
ps_zero,atc,2000,bh_ps_zero_atc_2000,5027,0.952890625,0.9552149312112184,0.99828125,0.0925,3,3,2,1,0,0,0,12000
ps_zero,atc,2000,bh_ps_zero_atc_2000,5028,0.961171875,0.9628477305039342,0.99828125,0.0759375,5,5,1,4,0,0,0,20000
ps_zero,atc,2000,bh_ps_zero_atc_2000,5029,0.9578125,0.9600256422299474,0.9971875,0.0815625,3,3,1,2,0,0,0,12000
ps_zero,atc,2000,bh_ps_zero_atc_2000,5030,0.96078125,0.9624581351017781,0.99765625,0.07609375,5,5,1,4,0,0,0,20000
ps_zero,doc,2000,bh_ps_zero_doc_2000,5001,0.96171875,0.963295919753123,0.99703125,0.07359375,4,4,3,1,0,0,0,16000
ps_zero,doc,2000,bh_ps_zero_doc_2000,5002,0.9625,0.9639777064004694,0.9971875,0.0721875,3,3,2,1,0,0,0,12000
ps_zero,doc,2000,bh_ps_zero_doc_2000,5003,0.9590625,0.9608299458148057,0.99765625,0.07953125,2,2,1,1,0,0,0,8000
ps_zero,doc,2000,bh_ps_zero_doc_2000,5004,0.959140625,0.9608213433586886,0.9965625,0.07828125,2,2,0,2,0,0,0,8000
ps_zero,doc,2000,bh_ps_zero_doc_2000,5005,0.959375,0.9611512914477918,0.9984375,0.0796875,5,5,1,4,0,0,0,20000
ps_zero,doc,2000,bh_ps_zero_doc_2000,5006,0.930390625,0.9356600652126484,0.9946875,0.13390625,4,4,2,2,0,0,0,16000
ps_zero,doc,2000,bh_ps_zero_doc_2000,5007,0.96,0.9617490228158471,0.99890625,0.07890625,1,1,0,1,0,0,0,4000
ps_zero,doc,2000,bh_ps_zero_doc_2000,5008,0.958046875,0.9599239887337891,0.99765625,0.0815625,3,3,2,1,0,0,0,12000
ps_zero,doc,2000,bh_ps_zero_doc_2000,5009,0.9596875,0.9613987178207792,0.998125,0.07875,3,3,1,2,0,0,0,12000
ps_zero,doc,2000,bh_ps_zero_doc_2000,5010,0.957578125,0.9595804656774045,0.99859375,0.0834375,5,5,1,4,0,0,0,20000
ps_zero,doc,2000,bh_ps_zero_doc_2000,5011,0.96625,0.9674452970456984,0.99640625,0.06390625,3,3,0,3,0,0,0,12000
ps_zero,doc,2000,bh_ps_zero_doc_2000,5012,0.963515625,0.9649392219258989,0.9975,0.07046875,4,4,1,3,0,0,0,16000
ps_zero,doc,2000,bh_ps_zero_doc_2000,5013,0.9578125,0.959638633181344,0.9953125,0.0796875,3,3,2,1,0,0,0,12000
ps_zero,doc,2000,bh_ps_zero_doc_2000,5014,0.961640625,0.9632429755095437,0.99859375,0.0753125,4,4,3,1,0,0,0,16000
ps_zero,doc,2000,bh_ps_zero_doc_2000,5015,0.959921875,0.9616321403757374,0.9975,0.07765625,3,3,1,2,0,0,0,12000
ps_zero,doc,2000,bh_ps_zero_doc_2000,5016,0.96125,0.9628407177407574,0.99859375,0.07609375,4,4,1,3,0,0,0,16000
ps_zero,doc,2000,bh_ps_zero_doc_2000,5017,0.9653125,0.9665968015488267,0.9971875,0.0665625,3,3,0,3,0,0,0,12000
ps_zero,doc,2000,bh_ps_zero_doc_2000,5018,0.883984375,0.8976816938638805,0.99859375,0.230625,2,2,2,0,0,0,0,8000
ps_zero,doc,2000,bh_ps_zero_doc_2000,5019,0.9609375,0.9625289394613883,0.99609375,0.07421875,3,3,3,0,0,0,0,12000
ps_zero,doc,2000,bh_ps_zero_doc_2000,5020,0.9634375,0.9648439106314592,0.9975,0.070625,3,3,1,2,0,0,0,12000
ps_zero,doc,2000,bh_ps_zero_doc_2000,5021,0.9640625,0.9654088041871421,0.9971875,0.0690625,1,1,1,0,0,0,0,4000
ps_zero,doc,2000,bh_ps_zero_doc_2000,5022,0.961796875,0.9633463617432271,0.99734375,0.07375,4,4,0,4,0,0,0,16000
ps_zero,doc,2000,bh_ps_zero_doc_2000,5023,0.964296875,0.965588812704384,0.9975,0.06890625,2,2,1,1,0,0,0,8000
ps_zero,doc,2000,bh_ps_zero_doc_2000,5024,0.9609375,0.9625901370250398,0.99765625,0.07578125,4,4,1,3,0,0,0,16000
ps_zero,doc,2000,bh_ps_zero_doc_2000,5025,0.957265625,0.9591642699048087,0.99703125,0.0825,1,1,1,0,0,0,0,4000
ps_zero,doc,2000,bh_ps_zero_doc_2000,5026,0.969375,0.9704102986102771,0.9975,0.05875,4,4,0,4,0,0,0,16000
ps_zero,doc,2000,bh_ps_zero_doc_2000,5027,0.95484375,0.957008755042576,0.99828125,0.08859375,3,3,3,0,0,0,0,12000
ps_zero,doc,2000,bh_ps_zero_doc_2000,5028,0.961171875,0.9628477305039342,0.99828125,0.0759375,5,5,1,4,0,0,0,20000
ps_zero,doc,2000,bh_ps_zero_doc_2000,5029,0.958828125,0.9609907009766978,0.99734375,0.0796875,3,3,2,1,0,0,0,12000
ps_zero,doc,2000,bh_ps_zero_doc_2000,5030,0.957734375,0.9597565948122135,0.9978125,0.08234375,5,5,2,3,0,0,0,20000
ps_zero,enscal,2000,bh_ps_zero_enscal_2000,5001,0.97796875,0.9784722818871856,0.99609375,0.04015625,4,4,4,0,0,0,0,16000
ps_zero,enscal,2000,bh_ps_zero_enscal_2000,5002,0.97078125,0.9716848855475785,0.995,0.0534375,3,3,3,0,0,0,0,12000
ps_zero,enscal,2000,bh_ps_zero_enscal_2000,5003,0.971875,0.9727806270288682,0.995,0.05125,2,2,2,0,0,0,0,8000
ps_zero,enscal,2000,bh_ps_zero_enscal_2000,5004,0.967265625,0.9685017246222529,0.99640625,0.061875,2,2,2,0,0,0,0,8000
ps_zero,enscal,2000,bh_ps_zero_enscal_2000,5005,0.97671875,0.9773504167070622,0.99828125,0.04484375,5,5,5,0,0,0,0,20000
ps_zero,enscal,2000,bh_ps_zero_enscal_2000,5006,0.946484375,0.9501139914922878,0.98578125,0.0928125,4,4,4,0,0,0,0,16000
ps_zero,enscal,2000,bh_ps_zero_enscal_2000,5007,0.96515625,0.9665283053930829,0.99859375,0.06828125,1,1,1,0,0,0,0,4000
ps_zero,enscal,2000,bh_ps_zero_enscal_2000,5008,0.972578125,0.9733994603428187,0.9971875,0.05203125,3,3,3,0,0,0,0,12000
ps_zero,enscal,2000,bh_ps_zero_enscal_2000,5009,0.96828125,0.9694614325527529,0.99734375,0.06078125,3,3,3,0,0,0,0,12000
ps_zero,enscal,2000,bh_ps_zero_enscal_2000,5010,0.969765625,0.9708366177161605,0.9984375,0.05890625,5,5,5,0,0,0,0,20000
ps_zero,enscal,2000,bh_ps_zero_enscal_2000,5011,0.97609375,0.9766538321018879,0.99375,0.0415625,3,3,3,0,0,0,0,12000
ps_zero,enscal,2000,bh_ps_zero_enscal_2000,5012,0.974375,0.9751069556209724,0.9965625,0.0478125,4,4,4,0,0,0,0,16000
ps_zero,enscal,2000,bh_ps_zero_enscal_2000,5013,0.966015625,0.9670753408878119,0.9896875,0.05765625,3,3,3,0,0,0,0,12000
ps_zero,enscal,2000,bh_ps_zero_enscal_2000,5014,0.9740625,0.9748557467771505,0.99859375,0.05046875,4,4,4,0,0,0,0,16000
ps_zero,enscal,2000,bh_ps_zero_enscal_2000,5015,0.96984375,0.9708892673046389,0.99640625,0.05671875,3,3,3,0,0,0,0,12000
ps_zero,enscal,2000,bh_ps_zero_enscal_2000,5016,0.97390625,0.9745158116059914,0.99359375,0.04578125,4,4,4,0,0,0,0,16000
ps_zero,enscal,2000,bh_ps_zero_enscal_2000,5017,0.977890625,0.9783939234752098,0.99515625,0.039375,3,3,3,0,0,0,0,12000
ps_zero,enscal,2000,bh_ps_zero_enscal_2000,5018,0.8875,0.9010070522440737,0.99828125,0.22328125,2,2,2,0,0,0,0,8000
ps_zero,enscal,2000,bh_ps_zero_enscal_2000,5019,0.967734375,0.9687136494036485,0.99046875,0.055,3,3,3,0,0,0,0,12000
ps_zero,enscal,2000,bh_ps_zero_enscal_2000,5020,0.9728125,0.9736313041720491,0.99671875,0.05109375,3,3,3,0,0,0,0,12000
ps_zero,enscal,2000,bh_ps_zero_enscal_2000,5021,0.976015625,0.9765830651292855,0.9934375,0.04140625,1,1,1,0,0,0,0,4000
ps_zero,enscal,2000,bh_ps_zero_enscal_2000,5022,0.972109375,0.9729554947327681,0.995,0.05078125,4,4,4,0,0,0,0,16000
ps_zero,enscal,2000,bh_ps_zero_enscal_2000,5023,0.973203125,0.9739468906530304,0.99671875,0.0503125,2,2,2,0,0,0,0,8000
ps_zero,enscal,2000,bh_ps_zero_enscal_2000,5024,0.96984375,0.9709382193971873,0.99625,0.0565625,4,4,4,0,0,0,0,16000
ps_zero,enscal,2000,bh_ps_zero_enscal_2000,5025,0.966640625,0.9678816061279515,0.995625,0.06234375,1,1,1,0,0,0,0,4000
ps_zero,enscal,2000,bh_ps_zero_enscal_2000,5026,0.975,0.9757048931162977,0.99640625,0.04640625,4,4,4,0,0,0,0,16000
ps_zero,enscal,2000,bh_ps_zero_enscal_2000,5027,0.96640625,0.9677087582946793,0.9975,0.0646875,3,3,3,0,0,0,0,12000
ps_zero,enscal,2000,bh_ps_zero_enscal_2000,5028,0.9728125,0.973612731384121,0.99546875,0.04984375,5,5,5,0,0,0,0,20000
ps_zero,enscal,2000,bh_ps_zero_enscal_2000,5029,0.973125,0.9742381916582827,0.99328125,0.04703125,3,3,3,0,0,0,0,12000
ps_zero,enscal,2000,bh_ps_zero_enscal_2000,5030,0.97015625,0.9711889744867956,0.9965625,0.05625,5,5,5,0,0,0,0,20000
ps_zero,replay,2000,bh_ps_zero_replay_2000,5001,0.961640625,0.9631758532500246,0.996875,0.07359375,4,4,4,0,0,0,0,16000
ps_zero,replay,2000,bh_ps_zero_replay_2000,5002,0.959140625,0.960903274301888,0.99734375,0.0790625,3,3,3,0,0,0,0,12000
ps_zero,replay,2000,bh_ps_zero_replay_2000,5003,0.9603125,0.9619512330199804,0.99671875,0.07609375,2,2,2,0,0,0,0,8000
ps_zero,replay,2000,bh_ps_zero_replay_2000,5004,0.957890625,0.9596718825149625,0.99671875,0.0809375,2,2,2,0,0,0,0,8000
ps_zero,replay,2000,bh_ps_zero_replay_2000,5005,0.95890625,0.9607869640205987,0.99859375,0.08078125,5,5,5,0,0,0,0,20000
ps_zero,replay,2000,bh_ps_zero_replay_2000,5006,0.929375,0.9345842097406658,0.9925,0.13375,4,4,4,0,0,0,0,16000
ps_zero,replay,2000,bh_ps_zero_replay_2000,5007,0.96171875,0.9633612677658948,0.99875,0.0753125,1,1,1,0,0,0,0,4000
ps_zero,replay,2000,bh_ps_zero_replay_2000,5008,0.960859375,0.9625324155197837,0.998125,0.07640625,3,3,3,0,0,0,0,12000
ps_zero,replay,2000,bh_ps_zero_replay_2000,5009,0.96046875,0.9621180656593674,0.99796875,0.07703125,3,3,3,0,0,0,0,12000
ps_zero,replay,2000,bh_ps_zero_replay_2000,5010,0.957109375,0.959140097882893,0.99859375,0.084375,5,5,5,0,0,0,0,20000
ps_zero,replay,2000,bh_ps_zero_replay_2000,5011,0.963125,0.9645166040707851,0.99625,0.07,3,3,3,0,0,0,0,12000
ps_zero,replay,2000,bh_ps_zero_replay_2000,5012,0.961484375,0.9631060933052712,0.9975,0.07453125,4,4,4,0,0,0,0,16000
ps_zero,replay,2000,bh_ps_zero_replay_2000,5013,0.9565625,0.9584976802016643,0.99546875,0.08234375,3,3,3,0,0,0,0,12000
ps_zero,replay,2000,bh_ps_zero_replay_2000,5014,0.958046875,0.9600065044041419,0.99859375,0.0825,4,4,4,0,0,0,0,16000
ps_zero,replay,2000,bh_ps_zero_replay_2000,5015,0.957734375,0.9596481447282886,0.9971875,0.08171875,3,3,3,0,0,0,0,12000
ps_zero,replay,2000,bh_ps_zero_replay_2000,5016,0.960390625,0.9620305445101702,0.9984375,0.07765625,4,4,4,0,0,0,0,16000
ps_zero,replay,2000,bh_ps_zero_replay_2000,5017,0.95640625,0.9583516109420152,0.9971875,0.084375,3,3,3,0,0,0,0,12000
ps_zero,replay,2000,bh_ps_zero_replay_2000,5018,0.881484375,0.8953854574673895,0.9984375,0.23546875,2,2,2,0,0,0,0,8000
ps_zero,replay,2000,bh_ps_zero_replay_2000,5019,0.955703125,0.9575391400935416,0.99265625,0.08125,3,3,3,0,0,0,0,12000
ps_zero,replay,2000,bh_ps_zero_replay_2000,5020,0.959375,0.9610982253421616,0.99765625,0.07890625,3,3,3,0,0,0,0,12000
ps_zero,replay,2000,bh_ps_zero_replay_2000,5021,0.958125,0.9599203404538457,0.99734375,0.08109375,1,1,1,0,0,0,0,4000
ps_zero,replay,2000,bh_ps_zero_replay_2000,5022,0.961015625,0.9624488211279373,0.993125,0.07109375,4,4,4,0,0,0,0,16000
ps_zero,replay,2000,bh_ps_zero_replay_2000,5023,0.96265625,0.9640800756645836,0.99765625,0.07234375,2,2,2,0,0,0,0,8000
ps_zero,replay,2000,bh_ps_zero_replay_2000,5024,0.948046875,0.9514526309104007,0.9975,0.10140625,4,4,4,0,0,0,0,16000
ps_zero,replay,2000,bh_ps_zero_replay_2000,5025,0.958359375,0.9601534924294002,0.9971875,0.08046875,1,1,1,0,0,0,0,4000
ps_zero,replay,2000,bh_ps_zero_replay_2000,5026,0.9571875,0.9591567951129322,0.9975,0.083125,4,4,4,0,0,0,0,16000
ps_zero,replay,2000,bh_ps_zero_replay_2000,5027,0.957265625,0.9592290877308132,0.99828125,0.08375,3,3,3,0,0,0,0,12000
ps_zero,replay,2000,bh_ps_zero_replay_2000,5028,0.963203125,0.9647169077785942,0.99828125,0.071875,5,5,5,0,0,0,0,20000
ps_zero,replay,2000,bh_ps_zero_replay_2000,5029,0.952265625,0.954935057627204,0.9971875,0.09265625,3,3,3,0,0,0,0,12000
ps_zero,replay,2000,bh_ps_zero_replay_2000,5030,0.955234375,0.9573612091481735,0.9971875,0.08671875,5,5,5,0,0,0,0,20000
ps_zero,ddm,2000,bh_ps_zero_ddm_2000,5001,0.96359375,0.9649898899674791,0.99640625,0.06921875,0,0,0,0,800,0,800,0
ps_zero,ddm,2000,bh_ps_zero_ddm_2000,5002,0.960703125,0.9623480656925172,0.9978125,0.07640625,0,0,0,0,800,0,800,0
ps_zero,ddm,2000,bh_ps_zero_ddm_2000,5003,0.959453125,0.9611625716476064,0.99703125,0.078125,2,2,2,0,800,0,800,8000
ps_zero,ddm,2000,bh_ps_zero_ddm_2000,5004,0.961484375,0.9630241385685564,0.99671875,0.07375,1,1,1,0,800,0,800,4000
ps_zero,ddm,2000,bh_ps_zero_ddm_2000,5005,0.9615625,0.9631726229495663,0.9984375,0.0753125,0,0,0,0,800,0,800,0
ps_zero,ddm,2000,bh_ps_zero_ddm_2000,5006,0.8634375,0.879025556238149,0.98796875,0.26109375,0,0,0,0,800,0,800,0
ps_zero,ddm,2000,bh_ps_zero_ddm_2000,5007,0.959453125,0.9612266801474761,0.99859375,0.0796875,1,1,1,0,800,0,800,4000
ps_zero,ddm,2000,bh_ps_zero_ddm_2000,5008,0.961015625,0.9626586599118083,0.9978125,0.07578125,2,2,2,0,800,0,800,8000
ps_zero,ddm,2000,bh_ps_zero_ddm_2000,5009,0.96109375,0.9626940700640546,0.99828125,0.07609375,1,1,1,0,800,0,800,4000
ps_zero,ddm,2000,bh_ps_zero_ddm_2000,5010,0.958828125,0.9607052375124252,0.99859375,0.0809375,0,0,0,0,800,0,800,0
ps_zero,ddm,2000,bh_ps_zero_ddm_2000,5011,0.950625,0.9530837407468017,0.99671875,0.09546875,2,2,2,0,800,0,800,8000
ps_zero,ddm,2000,bh_ps_zero_ddm_2000,5012,0.96421875,0.9655703816569826,0.9975,0.0690625,0,0,0,0,800,0,800,0
ps_zero,ddm,2000,bh_ps_zero_ddm_2000,5013,0.959921875,0.9612873485812504,0.98953125,0.0696875,1,1,1,0,800,0,800,4000
ps_zero,ddm,2000,bh_ps_zero_ddm_2000,5014,0.949296875,0.9519597276876546,0.99859375,0.1,1,1,1,0,800,0,800,4000
ps_zero,ddm,2000,bh_ps_zero_ddm_2000,5015,0.959609375,0.961367385002899,0.9975,0.07828125,1,1,1,0,800,0,800,4000
ps_zero,ddm,2000,bh_ps_zero_ddm_2000,5016,0.956640625,0.9585770668770179,0.9984375,0.08515625,0,0,0,0,800,0,800,0
ps_zero,ddm,2000,bh_ps_zero_ddm_2000,5017,0.9653125,0.9665968015488267,0.9971875,0.0665625,0,0,0,0,800,0,800,0
ps_zero,ddm,2000,bh_ps_zero_ddm_2000,5018,0.938828125,0.9429153777641985,0.99296875,0.1153125,2,2,2,0,800,0,800,8000
ps_zero,ddm,2000,bh_ps_zero_ddm_2000,5019,0.95796875,0.959771135611414,0.99640625,0.08046875,1,1,1,0,800,0,800,4000
ps_zero,ddm,2000,bh_ps_zero_ddm_2000,5020,0.96609375,0.9673172104809269,0.9975,0.0653125,1,1,1,0,800,0,800,4000
ps_zero,ddm,2000,bh_ps_zero_ddm_2000,5021,0.961484375,0.9630413048306115,0.9971875,0.07421875,1,1,1,0,800,0,800,4000
ps_zero,ddm,2000,bh_ps_zero_ddm_2000,5022,0.961796875,0.9633463617432271,0.99734375,0.07375,0,0,0,0,800,0,800,0
ps_zero,ddm,2000,bh_ps_zero_ddm_2000,5023,0.95828125,0.9597160565263276,0.99,0.0734375,1,1,1,0,800,0,800,4000
ps_zero,ddm,2000,bh_ps_zero_ddm_2000,5024,0.954765625,0.9568907965680685,0.9975,0.08796875,1,1,1,0,800,0,800,4000
ps_zero,ddm,2000,bh_ps_zero_ddm_2000,5025,0.9546875,0.9567317288384841,0.99703125,0.08765625,0,0,0,0,800,0,800,0
ps_zero,ddm,2000,bh_ps_zero_ddm_2000,5026,0.952578125,0.9549606117930702,0.998125,0.09296875,1,1,1,0,800,0,800,4000
ps_zero,ddm,2000,bh_ps_zero_ddm_2000,5027,0.954921875,0.9570344502636462,0.99828125,0.0884375,0,0,0,0,800,0,800,0
ps_zero,ddm,2000,bh_ps_zero_ddm_2000,5028,0.9678125,0.9690140228535377,0.99859375,0.06296875,1,1,1,0,800,0,800,4000
ps_zero,ddm,2000,bh_ps_zero_ddm_2000,5029,0.954453125,0.9569467314585438,0.99734375,0.0884375,3,3,3,0,800,0,800,12000
ps_zero,ddm,2000,bh_ps_zero_ddm_2000,5030,0.949765625,0.9523675943073999,0.99765625,0.098125,0,0,0,0,800,0,800,0
ps_zero,adwin,2000,bh_ps_zero_adwin_2000,5001,0.96359375,0.9649898899674791,0.99640625,0.06921875,0,0,0,0,800,0,800,0
ps_zero,adwin,2000,bh_ps_zero_adwin_2000,5002,0.960703125,0.9623480656925172,0.9978125,0.07640625,0,0,0,0,800,0,800,0
ps_zero,adwin,2000,bh_ps_zero_adwin_2000,5003,0.95578125,0.9577950890712178,0.99734375,0.08578125,0,0,0,0,800,0,800,0
ps_zero,adwin,2000,bh_ps_zero_adwin_2000,5004,0.959140625,0.9608213433586886,0.9965625,0.07828125,0,0,0,0,800,0,800,0
ps_zero,adwin,2000,bh_ps_zero_adwin_2000,5005,0.9615625,0.9631726229495663,0.9984375,0.0753125,0,0,0,0,800,0,800,0
ps_zero,adwin,2000,bh_ps_zero_adwin_2000,5006,0.8634375,0.879025556238149,0.98796875,0.26109375,0,0,0,0,800,0,800,0
ps_zero,adwin,2000,bh_ps_zero_adwin_2000,5007,0.96,0.9617490228158471,0.99890625,0.07890625,0,0,0,0,800,0,800,0
ps_zero,adwin,2000,bh_ps_zero_adwin_2000,5008,0.964375,0.9657406013686883,0.99765625,0.06890625,0,0,0,0,800,0,800,0
ps_zero,adwin,2000,bh_ps_zero_adwin_2000,5009,0.959609375,0.9613213044078897,0.998125,0.07890625,0,0,0,0,800,0,800,0
ps_zero,adwin,2000,bh_ps_zero_adwin_2000,5010,0.958828125,0.9607052375124252,0.99859375,0.0809375,0,0,0,0,800,0,800,0
ps_zero,adwin,2000,bh_ps_zero_adwin_2000,5011,0.96625,0.9674452970456984,0.99640625,0.06390625,0,0,0,0,800,0,800,0
ps_zero,adwin,2000,bh_ps_zero_adwin_2000,5012,0.96421875,0.9655703816569826,0.9975,0.0690625,0,0,0,0,800,0,800,0
ps_zero,adwin,2000,bh_ps_zero_adwin_2000,5013,0.945,0.9476680368155747,0.98953125,0.09953125,0,0,0,0,800,0,800,0
ps_zero,adwin,2000,bh_ps_zero_adwin_2000,5014,0.967265625,0.9684625273326756,0.99859375,0.0640625,0,0,0,0,800,0,800,0
ps_zero,adwin,2000,bh_ps_zero_adwin_2000,5015,0.960546875,0.9622141901622625,0.99734375,0.07625,0,0,0,0,800,0,800,0
ps_zero,adwin,2000,bh_ps_zero_adwin_2000,5016,0.956640625,0.9585770668770179,0.9984375,0.08515625,0,0,0,0,800,0,800,0
ps_zero,adwin,2000,bh_ps_zero_adwin_2000,5017,0.9653125,0.9665968015488267,0.9971875,0.0665625,0,0,0,0,800,0,800,0
ps_zero,adwin,2000,bh_ps_zero_adwin_2000,5018,0.864375,0.8810326511092488,0.99921875,0.27046875,0,0,0,0,800,0,800,0
ps_zero,adwin,2000,bh_ps_zero_adwin_2000,5019,0.959921875,0.9615996266821188,0.9965625,0.07671875,0,0,0,0,800,0,800,0
ps_zero,adwin,2000,bh_ps_zero_adwin_2000,5020,0.963203125,0.9646177288701452,0.9971875,0.07078125,0,0,0,0,800,0,800,0
ps_zero,adwin,2000,bh_ps_zero_adwin_2000,5021,0.954765625,0.9568370533583332,0.99734375,0.0878125,0,0,0,0,800,0,800,0
ps_zero,adwin,2000,bh_ps_zero_adwin_2000,5022,0.961796875,0.9633463617432271,0.99734375,0.07375,0,0,0,0,800,0,800,0
ps_zero,adwin,2000,bh_ps_zero_adwin_2000,5023,0.95796875,0.959790401547176,0.998125,0.0821875,0,0,0,0,800,0,800,0
ps_zero,adwin,2000,bh_ps_zero_adwin_2000,5024,0.9525,0.9548435929777846,0.99796875,0.09296875,0,0,0,0,800,0,800,0
ps_zero,adwin,2000,bh_ps_zero_adwin_2000,5025,0.9546875,0.9567317288384841,0.99703125,0.08765625,0,0,0,0,800,0,800,0
ps_zero,adwin,2000,bh_ps_zero_adwin_2000,5026,0.969375,0.9704102986102771,0.9975,0.05875,0,0,0,0,800,0,800,0
ps_zero,adwin,2000,bh_ps_zero_adwin_2000,5027,0.954921875,0.9570344502636462,0.99828125,0.0884375,0,0,0,0,800,0,800,0
ps_zero,adwin,2000,bh_ps_zero_adwin_2000,5028,0.96140625,0.9630336890009594,0.998125,0.0753125,0,0,0,0,800,0,800,0
ps_zero,adwin,2000,bh_ps_zero_adwin_2000,5029,0.89265625,0.902863084195491,0.99234375,0.20703125,0,0,0,0,800,0,800,0
ps_zero,adwin,2000,bh_ps_zero_adwin_2000,5030,0.949765625,0.9523675943073999,0.99765625,0.098125,0,0,0,0,800,0,800,0
ps_zero,naive,512,bh_ps_zero_naive_512,5001,0.946328125,0.9494518529098965,0.9978125,0.10515625,4,4,4,0,0,0,0,4096
ps_zero,naive,512,bh_ps_zero_naive_512,5002,0.941015625,0.944271199140735,0.99234375,0.1103125,3,3,3,0,0,0,0,3072
ps_zero,naive,512,bh_ps_zero_naive_512,5003,0.94421875,0.9473274681493513,0.99640625,0.10796875,2,2,2,0,0,0,0,2048
ps_zero,naive,512,bh_ps_zero_naive_512,5004,0.9475,0.9503274680580103,0.996875,0.101875,2,2,2,0,0,0,0,2048
ps_zero,naive,512,bh_ps_zero_naive_512,5005,0.933046875,0.9375396383039734,0.99796875,0.131875,5,5,5,0,0,0,0,5120
ps_zero,naive,512,bh_ps_zero_naive_512,5006,0.921484375,0.9273498083162872,0.9890625,0.14609375,4,4,4,0,0,0,0,4096
ps_zero,naive,512,bh_ps_zero_naive_512,5007,0.950703125,0.9532053415867954,0.99578125,0.094375,1,1,1,0,0,0,0,1024
ps_zero,naive,512,bh_ps_zero_naive_512,5008,0.946015625,0.949088242974419,0.9984375,0.10640625,3,3,3,0,0,0,0,3072
ps_zero,naive,512,bh_ps_zero_naive_512,5009,0.938125,0.9423192319854808,0.99796875,0.12171875,3,3,3,0,0,0,0,3072
ps_zero,naive,512,bh_ps_zero_naive_512,5010,0.928828125,0.9337187175297573,0.99328125,0.135625,5,5,5,0,0,0,0,5120
ps_zero,naive,512,bh_ps_zero_naive_512,5011,0.940625,0.9440607702944132,0.99515625,0.11390625,3,3,3,0,0,0,0,3072
ps_zero,naive,512,bh_ps_zero_naive_512,5012,0.939296875,0.9433541838588567,0.9978125,0.11921875,4,4,4,0,0,0,0,4096
ps_zero,naive,512,bh_ps_zero_naive_512,5013,0.93359375,0.9380299632710735,0.99375,0.1265625,3,3,3,0,0,0,0,3072
ps_zero,naive,512,bh_ps_zero_naive_512,5014,0.94,0.9436100924784006,0.995625,0.115625,4,4,4,0,0,0,0,4096
ps_zero,naive,512,bh_ps_zero_naive_512,5015,0.95015625,0.952782259717957,0.998125,0.0978125,3,3,3,0,0,0,0,3072
ps_zero,naive,512,bh_ps_zero_naive_512,5016,0.946328125,0.9492224436372898,0.995625,0.10296875,4,4,4,0,0,0,0,4096
ps_zero,naive,512,bh_ps_zero_naive_512,5017,0.928046875,0.93314387767789,0.99765625,0.1415625,3,3,3,0,0,0,0,3072
ps_zero,naive,512,bh_ps_zero_naive_512,5018,0.88140625,0.8953271360356493,0.99875,0.2359375,2,2,2,0,0,0,0,2048
ps_zero,naive,512,bh_ps_zero_naive_512,5019,0.938046875,0.9418798249246977,0.99421875,0.118125,3,3,3,0,0,0,0,3072
ps_zero,naive,512,bh_ps_zero_naive_512,5020,0.94265625,0.9459059459504193,0.9940625,0.10875,3,3,3,0,0,0,0,3072
ps_zero,naive,512,bh_ps_zero_naive_512,5021,0.90671875,0.9148248734021693,0.99265625,0.17921875,1,1,1,0,0,0,0,1024
ps_zero,naive,512,bh_ps_zero_naive_512,5022,0.935,0.9392549974590706,0.995,0.125,4,4,4,0,0,0,0,4096
ps_zero,naive,512,bh_ps_zero_naive_512,5023,0.92609375,0.9308052442001027,0.99015625,0.13796875,2,2,2,0,0,0,0,2048
ps_zero,naive,512,bh_ps_zero_naive_512,5024,0.928671875,0.9341703256459449,0.99765625,0.1403125,4,4,4,0,0,0,0,4096
ps_zero,naive,512,bh_ps_zero_naive_512,5025,0.9446875,0.9478368576699476,0.9971875,0.1078125,1,1,1,0,0,0,0,1024
ps_zero,naive,512,bh_ps_zero_naive_512,5026,0.928359375,0.9335324017929112,0.99859375,0.141875,4,4,4,0,0,0,0,4096
ps_zero,naive,512,bh_ps_zero_naive_512,5027,0.94546875,0.9486218529309707,0.9984375,0.1075,3,3,3,0,0,0,0,3072
ps_zero,naive,512,bh_ps_zero_naive_512,5028,0.916640625,0.9236619082804981,0.99609375,0.1628125,5,5,5,0,0,0,0,5120
ps_zero,naive,512,bh_ps_zero_naive_512,5029,0.9253125,0.9308662894979203,0.9975,0.146875,3,3,3,0,0,0,0,3072
ps_zero,naive,512,bh_ps_zero_naive_512,5030,0.938359375,0.9421001377061401,0.99578125,0.1190625,5,5,5,0,0,0,0,5120
ps_zero,point,512,bh_ps_zero_point_512,5001,0.95125,0.9538000252704406,0.9978125,0.0953125,4,4,2,2,128,128,0,4096
ps_zero,point,512,bh_ps_zero_point_512,5002,0.9528125,0.9551850113946841,0.9965625,0.0909375,3,3,2,1,96,96,0,3072
ps_zero,point,512,bh_ps_zero_point_512,5003,0.94421875,0.9473274681493513,0.99640625,0.10796875,2,2,2,0,64,64,0,2048
ps_zero,point,512,bh_ps_zero_point_512,5004,0.959140625,0.9608213433586886,0.9965625,0.07828125,2,2,0,2,64,64,0,2048
ps_zero,point,512,bh_ps_zero_point_512,5005,0.9378125,0.9417891207198654,0.9978125,0.1221875,5,5,4,1,160,160,0,5120
ps_zero,point,512,bh_ps_zero_point_512,5006,0.9278125,0.9329946195351202,0.98859375,0.13296875,4,4,1,3,128,128,0,4096
ps_zero,point,512,bh_ps_zero_point_512,5007,0.96,0.9617490228158471,0.99890625,0.07890625,1,1,0,1,32,32,0,1024
ps_zero,point,512,bh_ps_zero_point_512,5008,0.946015625,0.949088242974419,0.9984375,0.10640625,3,3,3,0,96,96,0,3072
ps_zero,point,512,bh_ps_zero_point_512,5009,0.948984375,0.9517504666875262,0.998125,0.10015625,3,3,1,2,96,96,0,3072
ps_zero,point,512,bh_ps_zero_point_512,5010,0.9325,0.936910781948062,0.9934375,0.1284375,5,5,4,1,160,160,0,5120
ps_zero,point,512,bh_ps_zero_point_512,5011,0.96625,0.9674452970456984,0.99640625,0.06390625,3,3,0,3,96,96,0,3072
ps_zero,point,512,bh_ps_zero_point_512,5012,0.94984375,0.9527911032246871,0.99828125,0.09859375,4,4,2,2,128,128,0,4096
ps_zero,point,512,bh_ps_zero_point_512,5013,0.92921875,0.9343295525152483,0.99703125,0.13859375,3,3,1,2,96,96,0,3072
ps_zero,point,512,bh_ps_zero_point_512,5014,0.946796875,0.949744224710631,0.995625,0.10203125,4,4,3,1,128,128,0,4096
ps_zero,point,512,bh_ps_zero_point_512,5015,0.95015625,0.952782259717957,0.998125,0.0978125,3,3,3,0,96,96,0,3072
ps_zero,point,512,bh_ps_zero_point_512,5016,0.95265625,0.9547982853179471,0.99546875,0.09015625,4,4,2,2,128,128,0,4096
ps_zero,point,512,bh_ps_zero_point_512,5017,0.9325,0.9371457309109387,0.99765625,0.13265625,3,3,2,1,96,96,0,3072
ps_zero,point,512,bh_ps_zero_point_512,5018,0.88140625,0.8953271360356493,0.99875,0.2359375,2,2,2,0,64,64,0,2048
ps_zero,point,512,bh_ps_zero_point_512,5019,0.959921875,0.9615996266821188,0.9965625,0.07671875,3,3,0,3,96,96,0,3072
ps_zero,point,512,bh_ps_zero_point_512,5020,0.95984375,0.961632104359538,0.99765625,0.07796875,3,3,1,2,96,96,0,3072
ps_zero,point,512,bh_ps_zero_point_512,5021,0.90671875,0.9148248734021693,0.99265625,0.17921875,1,1,1,0,32,32,0,1024
ps_zero,point,512,bh_ps_zero_point_512,5022,0.939765625,0.9435157371046717,0.995,0.11546875,4,4,3,1,128,128,0,4096
ps_zero,point,512,bh_ps_zero_point_512,5023,0.92609375,0.9308052442001027,0.99015625,0.13796875,2,2,2,0,64,64,0,2048
ps_zero,point,512,bh_ps_zero_point_512,5024,0.9525,0.9548435929777846,0.99796875,0.09296875,4,4,0,4,128,128,0,4096
ps_zero,point,512,bh_ps_zero_point_512,5025,0.9546875,0.9567317288384841,0.99703125,0.08765625,1,1,0,1,32,32,0,1024
ps_zero,point,512,bh_ps_zero_point_512,5026,0.965625,0.9670210341012465,0.9975,0.06625,4,4,1,3,128,128,0,4096
ps_zero,point,512,bh_ps_zero_point_512,5027,0.95109375,0.953554425707124,0.9984375,0.09625,3,3,1,2,96,96,0,3072
ps_zero,point,512,bh_ps_zero_point_512,5028,0.96140625,0.9630336890009594,0.998125,0.0753125,5,5,0,5,160,160,0,5120
ps_zero,point,512,bh_ps_zero_point_512,5029,0.9253125,0.9308662894979203,0.9975,0.146875,3,3,3,0,96,96,0,3072
ps_zero,point,512,bh_ps_zero_point_512,5030,0.946171875,0.9491587009042568,0.99796875,0.105625,5,5,1,4,160,160,0,5120
ps_zero,strict,512,bh_ps_zero_strict_512,5001,0.96359375,0.9649898899674791,0.99640625,0.06921875,4,4,0,4,128,128,0,4096
ps_zero,strict,512,bh_ps_zero_strict_512,5002,0.960703125,0.9623480656925172,0.9978125,0.07640625,3,3,0,3,96,96,0,3072
ps_zero,strict,512,bh_ps_zero_strict_512,5003,0.95578125,0.9577950890712178,0.99734375,0.08578125,2,2,0,2,64,64,0,2048
ps_zero,strict,512,bh_ps_zero_strict_512,5004,0.959140625,0.9608213433586886,0.9965625,0.07828125,2,2,0,2,64,64,0,2048
ps_zero,strict,512,bh_ps_zero_strict_512,5005,0.9615625,0.9631726229495663,0.9984375,0.0753125,5,5,0,5,160,160,0,5120
ps_zero,strict,512,bh_ps_zero_strict_512,5006,0.9278125,0.9329946195351202,0.98859375,0.13296875,4,4,1,3,128,128,0,4096
ps_zero,strict,512,bh_ps_zero_strict_512,5007,0.96,0.9617490228158471,0.99890625,0.07890625,1,1,0,1,32,32,0,1024
ps_zero,strict,512,bh_ps_zero_strict_512,5008,0.964375,0.9657406013686883,0.99765625,0.06890625,3,3,0,3,96,96,0,3072
ps_zero,strict,512,bh_ps_zero_strict_512,5009,0.959609375,0.9613213044078897,0.998125,0.07890625,3,3,0,3,96,96,0,3072
ps_zero,strict,512,bh_ps_zero_strict_512,5010,0.9540625,0.9565158847579437,0.99859375,0.09046875,5,5,1,4,160,160,0,5120
ps_zero,strict,512,bh_ps_zero_strict_512,5011,0.96625,0.9674452970456984,0.99640625,0.06390625,3,3,0,3,96,96,0,3072
ps_zero,strict,512,bh_ps_zero_strict_512,5012,0.96421875,0.9655703816569826,0.9975,0.0690625,4,4,0,4,128,128,0,4096
ps_zero,strict,512,bh_ps_zero_strict_512,5013,0.92921875,0.9343295525152483,0.99703125,0.13859375,3,3,1,2,96,96,0,3072
ps_zero,strict,512,bh_ps_zero_strict_512,5014,0.967265625,0.9684625273326756,0.99859375,0.0640625,4,4,0,4,128,128,0,4096
ps_zero,strict,512,bh_ps_zero_strict_512,5015,0.960546875,0.9622141901622625,0.99734375,0.07625,3,3,0,3,96,96,0,3072
ps_zero,strict,512,bh_ps_zero_strict_512,5016,0.956640625,0.9585770668770179,0.9984375,0.08515625,4,4,0,4,128,128,0,4096
ps_zero,strict,512,bh_ps_zero_strict_512,5017,0.9653125,0.9665968015488267,0.9971875,0.0665625,3,3,0,3,96,96,0,3072
ps_zero,strict,512,bh_ps_zero_strict_512,5018,0.881640625,0.8955383674602259,0.99875,0.23546875,2,2,1,1,64,64,0,2048
ps_zero,strict,512,bh_ps_zero_strict_512,5019,0.959921875,0.9615996266821188,0.9965625,0.07671875,3,3,0,3,96,96,0,3072
ps_zero,strict,512,bh_ps_zero_strict_512,5020,0.963203125,0.9646177288701452,0.9971875,0.07078125,3,3,0,3,96,96,0,3072
ps_zero,strict,512,bh_ps_zero_strict_512,5021,0.954765625,0.9568370533583332,0.99734375,0.0878125,1,1,0,1,32,32,0,1024
ps_zero,strict,512,bh_ps_zero_strict_512,5022,0.961796875,0.9633463617432271,0.99734375,0.07375,4,4,0,4,128,128,0,4096
ps_zero,strict,512,bh_ps_zero_strict_512,5023,0.95796875,0.959790401547176,0.998125,0.0821875,2,2,0,2,64,64,0,2048
ps_zero,strict,512,bh_ps_zero_strict_512,5024,0.9525,0.9548435929777846,0.99796875,0.09296875,4,4,0,4,128,128,0,4096
ps_zero,strict,512,bh_ps_zero_strict_512,5025,0.9546875,0.9567317288384841,0.99703125,0.08765625,1,1,0,1,32,32,0,1024
ps_zero,strict,512,bh_ps_zero_strict_512,5026,0.969375,0.9704102986102771,0.9975,0.05875,4,4,0,4,128,128,0,4096
ps_zero,strict,512,bh_ps_zero_strict_512,5027,0.954921875,0.9570344502636462,0.99828125,0.0884375,3,3,0,3,96,96,0,3072
ps_zero,strict,512,bh_ps_zero_strict_512,5028,0.96140625,0.9630336890009594,0.998125,0.0753125,5,5,0,5,160,160,0,5120
ps_zero,strict,512,bh_ps_zero_strict_512,5029,0.923828125,0.9295650885237372,0.9975,0.14984375,3,3,2,1,96,96,0,3072
ps_zero,strict,512,bh_ps_zero_strict_512,5030,0.949765625,0.9523675943073999,0.99765625,0.098125,5,5,0,5,160,160,0,5120
ps_zero,atc,512,bh_ps_zero_atc_512,5001,0.955546875,0.9576598279346209,0.9975,0.08640625,4,4,1,3,0,0,0,4096
ps_zero,atc,512,bh_ps_zero_atc_512,5002,0.960703125,0.9623480656925172,0.9978125,0.07640625,3,3,0,3,0,0,0,3072
ps_zero,atc,512,bh_ps_zero_atc_512,5003,0.9390625,0.942577117749184,0.99359375,0.11546875,2,2,1,1,0,0,0,2048
ps_zero,atc,512,bh_ps_zero_atc_512,5004,0.959140625,0.9608213433586886,0.9965625,0.07828125,2,2,0,2,0,0,0,2048
ps_zero,atc,512,bh_ps_zero_atc_512,5005,0.9615625,0.9631726229495663,0.9984375,0.0753125,5,5,0,5,0,0,0,5120
ps_zero,atc,512,bh_ps_zero_atc_512,5006,0.9278125,0.9329946195351202,0.98859375,0.13296875,4,4,1,3,0,0,0,4096
ps_zero,atc,512,bh_ps_zero_atc_512,5007,0.96,0.9617490228158471,0.99890625,0.07890625,1,1,0,1,0,0,0,1024
ps_zero,atc,512,bh_ps_zero_atc_512,5008,0.964375,0.9657406013686883,0.99765625,0.06890625,3,3,0,3,0,0,0,3072
ps_zero,atc,512,bh_ps_zero_atc_512,5009,0.959609375,0.9613213044078897,0.998125,0.07890625,3,3,0,3,0,0,0,3072
ps_zero,atc,512,bh_ps_zero_atc_512,5010,0.958828125,0.9607052375124252,0.99859375,0.0809375,5,5,0,5,0,0,0,5120
ps_zero,atc,512,bh_ps_zero_atc_512,5011,0.948515625,0.9512426497908115,0.99484375,0.0978125,3,3,2,1,0,0,0,3072
ps_zero,atc,512,bh_ps_zero_atc_512,5012,0.96421875,0.9655703816569826,0.9975,0.0690625,4,4,0,4,0,0,0,4096
ps_zero,atc,512,bh_ps_zero_atc_512,5013,0.945,0.9476680368155747,0.98953125,0.09953125,3,3,0,3,0,0,0,3072
ps_zero,atc,512,bh_ps_zero_atc_512,5014,0.967265625,0.9684625273326756,0.99859375,0.0640625,4,4,0,4,0,0,0,4096
ps_zero,atc,512,bh_ps_zero_atc_512,5015,0.960546875,0.9622141901622625,0.99734375,0.07625,3,3,0,3,0,0,0,3072
ps_zero,atc,512,bh_ps_zero_atc_512,5016,0.955546875,0.9574274822405142,0.9953125,0.08421875,4,4,1,3,0,0,0,4096
ps_zero,atc,512,bh_ps_zero_atc_512,5017,0.9325,0.9371457309109387,0.99765625,0.13265625,3,3,2,1,0,0,0,3072
ps_zero,atc,512,bh_ps_zero_atc_512,5018,0.88140625,0.8953271360356493,0.99875,0.2359375,2,2,2,0,0,0,0,2048
ps_zero,atc,512,bh_ps_zero_atc_512,5019,0.945625,0.9486673636048413,0.99421875,0.10296875,3,3,2,1,0,0,0,3072
ps_zero,atc,512,bh_ps_zero_atc_512,5020,0.963203125,0.9646177288701452,0.9971875,0.07078125,3,3,0,3,0,0,0,3072
ps_zero,atc,512,bh_ps_zero_atc_512,5021,0.954765625,0.9568370533583332,0.99734375,0.0878125,1,1,0,1,0,0,0,1024
ps_zero,atc,512,bh_ps_zero_atc_512,5022,0.961796875,0.9633463617432271,0.99734375,0.07375,4,4,0,4,0,0,0,4096
ps_zero,atc,512,bh_ps_zero_atc_512,5023,0.95796875,0.959790401547176,0.998125,0.0821875,2,2,0,2,0,0,0,2048
ps_zero,atc,512,bh_ps_zero_atc_512,5024,0.9525,0.9548435929777846,0.99796875,0.09296875,4,4,0,4,0,0,0,4096
ps_zero,atc,512,bh_ps_zero_atc_512,5025,0.9546875,0.9567317288384841,0.99703125,0.08765625,1,1,0,1,0,0,0,1024
ps_zero,atc,512,bh_ps_zero_atc_512,5026,0.965625,0.9670210341012465,0.9975,0.06625,4,4,1,3,0,0,0,4096
ps_zero,atc,512,bh_ps_zero_atc_512,5027,0.94875,0.9515203052209421,0.99859375,0.10109375,3,3,2,1,0,0,0,3072
ps_zero,atc,512,bh_ps_zero_atc_512,5028,0.96140625,0.9630336890009594,0.998125,0.0753125,5,5,0,5,0,0,0,5120
ps_zero,atc,512,bh_ps_zero_atc_512,5029,0.9253125,0.9308662894979203,0.9975,0.146875,3,3,3,0,0,0,0,3072
ps_zero,atc,512,bh_ps_zero_atc_512,5030,0.935,0.9387644118394732,0.991875,0.121875,5,5,1,4,0,0,0,5120
ps_zero,doc,512,bh_ps_zero_doc_512,5001,0.955546875,0.9576598279346209,0.9975,0.08640625,4,4,1,3,0,0,0,4096
ps_zero,doc,512,bh_ps_zero_doc_512,5002,0.960703125,0.9623480656925172,0.9978125,0.07640625,3,3,0,3,0,0,0,3072
ps_zero,doc,512,bh_ps_zero_doc_512,5003,0.9390625,0.942577117749184,0.99359375,0.11546875,2,2,1,1,0,0,0,2048
ps_zero,doc,512,bh_ps_zero_doc_512,5004,0.959140625,0.9608213433586886,0.9965625,0.07828125,2,2,0,2,0,0,0,2048
ps_zero,doc,512,bh_ps_zero_doc_512,5005,0.9615625,0.9631726229495663,0.9984375,0.0753125,5,5,0,5,0,0,0,5120
ps_zero,doc,512,bh_ps_zero_doc_512,5006,0.9278125,0.9329946195351202,0.98859375,0.13296875,4,4,1,3,0,0,0,4096
ps_zero,doc,512,bh_ps_zero_doc_512,5007,0.96,0.9617490228158471,0.99890625,0.07890625,1,1,0,1,0,0,0,1024
ps_zero,doc,512,bh_ps_zero_doc_512,5008,0.964375,0.9657406013686883,0.99765625,0.06890625,3,3,0,3,0,0,0,3072
ps_zero,doc,512,bh_ps_zero_doc_512,5009,0.959609375,0.9613213044078897,0.998125,0.07890625,3,3,0,3,0,0,0,3072
ps_zero,doc,512,bh_ps_zero_doc_512,5010,0.958828125,0.9607052375124252,0.99859375,0.0809375,5,5,0,5,0,0,0,5120
ps_zero,doc,512,bh_ps_zero_doc_512,5011,0.96625,0.9674452970456984,0.99640625,0.06390625,3,3,0,3,0,0,0,3072
ps_zero,doc,512,bh_ps_zero_doc_512,5012,0.96421875,0.9655703816569826,0.9975,0.0690625,4,4,0,4,0,0,0,4096
ps_zero,doc,512,bh_ps_zero_doc_512,5013,0.945,0.9476680368155747,0.98953125,0.09953125,3,3,0,3,0,0,0,3072
ps_zero,doc,512,bh_ps_zero_doc_512,5014,0.967265625,0.9684625273326756,0.99859375,0.0640625,4,4,0,4,0,0,0,4096
ps_zero,doc,512,bh_ps_zero_doc_512,5015,0.958359375,0.9602172492567896,0.9978125,0.08109375,3,3,1,2,0,0,0,3072
ps_zero,doc,512,bh_ps_zero_doc_512,5016,0.955546875,0.9574274822405142,0.9953125,0.08421875,4,4,1,3,0,0,0,4096
ps_zero,doc,512,bh_ps_zero_doc_512,5017,0.9653125,0.9665968015488267,0.9971875,0.0665625,3,3,0,3,0,0,0,3072
ps_zero,doc,512,bh_ps_zero_doc_512,5018,0.88140625,0.8953271360356493,0.99875,0.2359375,2,2,2,0,0,0,0,2048
ps_zero,doc,512,bh_ps_zero_doc_512,5019,0.959921875,0.9615996266821188,0.9965625,0.07671875,3,3,0,3,0,0,0,3072
ps_zero,doc,512,bh_ps_zero_doc_512,5020,0.963203125,0.9646177288701452,0.9971875,0.07078125,3,3,0,3,0,0,0,3072
ps_zero,doc,512,bh_ps_zero_doc_512,5021,0.954765625,0.9568370533583332,0.99734375,0.0878125,1,1,0,1,0,0,0,1024
ps_zero,doc,512,bh_ps_zero_doc_512,5022,0.961796875,0.9633463617432271,0.99734375,0.07375,4,4,0,4,0,0,0,4096
ps_zero,doc,512,bh_ps_zero_doc_512,5023,0.95796875,0.959790401547176,0.998125,0.0821875,2,2,0,2,0,0,0,2048
ps_zero,doc,512,bh_ps_zero_doc_512,5024,0.9525,0.9548435929777846,0.99796875,0.09296875,4,4,0,4,0,0,0,4096
ps_zero,doc,512,bh_ps_zero_doc_512,5025,0.9546875,0.9567317288384841,0.99703125,0.08765625,1,1,0,1,0,0,0,1024
ps_zero,doc,512,bh_ps_zero_doc_512,5026,0.969375,0.9704102986102771,0.9975,0.05875,4,4,0,4,0,0,0,4096
ps_zero,doc,512,bh_ps_zero_doc_512,5027,0.95109375,0.953554425707124,0.9984375,0.09625,3,3,1,2,0,0,0,3072
ps_zero,doc,512,bh_ps_zero_doc_512,5028,0.96140625,0.9630336890009594,0.998125,0.0753125,5,5,0,5,0,0,0,5120
ps_zero,doc,512,bh_ps_zero_doc_512,5029,0.923828125,0.9295650885237372,0.9975,0.14984375,3,3,2,1,0,0,0,3072
ps_zero,doc,512,bh_ps_zero_doc_512,5030,0.95234375,0.9546750637611291,0.99765625,0.09296875,5,5,1,4,0,0,0,5120
ps_zero,enscal,512,bh_ps_zero_enscal_512,5001,0.9715625,0.9723044465082805,0.99359375,0.05046875,4,4,4,0,0,0,0,4096
ps_zero,enscal,512,bh_ps_zero_enscal_512,5002,0.965859375,0.9668948883794591,0.99109375,0.059375,3,3,3,0,0,0,0,3072
ps_zero,enscal,512,bh_ps_zero_enscal_512,5003,0.967578125,0.9686677805002776,0.995625,0.06046875,2,2,2,0,0,0,0,2048
ps_zero,enscal,512,bh_ps_zero_enscal_512,5004,0.9646875,0.9660314315034754,0.9965625,0.0671875,2,2,2,0,0,0,0,2048
ps_zero,enscal,512,bh_ps_zero_enscal_512,5005,0.971640625,0.9725175981428253,0.9971875,0.05390625,5,5,5,0,0,0,0,5120
ps_zero,enscal,512,bh_ps_zero_enscal_512,5006,0.943671875,0.9474557193406552,0.98546875,0.098125,4,4,4,0,0,0,0,4096
ps_zero,enscal,512,bh_ps_zero_enscal_512,5007,0.96390625,0.9652444157951439,0.99546875,0.06765625,1,1,1,0,0,0,0,1024
ps_zero,enscal,512,bh_ps_zero_enscal_512,5008,0.97078125,0.9716930933414065,0.99640625,0.05484375,3,3,3,0,0,0,0,3072
ps_zero,enscal,512,bh_ps_zero_enscal_512,5009,0.967421875,0.9685937594728626,0.9959375,0.06109375,3,3,3,0,0,0,0,3072
ps_zero,enscal,512,bh_ps_zero_enscal_512,5010,0.966328125,0.9673628245699818,0.99140625,0.05875,5,5,5,0,0,0,0,5120
ps_zero,enscal,512,bh_ps_zero_enscal_512,5011,0.974140625,0.9747173554724964,0.9921875,0.04390625,3,3,3,0,0,0,0,3072
ps_zero,enscal,512,bh_ps_zero_enscal_512,5012,0.96984375,0.9708411283712277,0.99578125,0.05609375,4,4,4,0,0,0,0,4096
ps_zero,enscal,512,bh_ps_zero_enscal_512,5013,0.962578125,0.9638160234973128,0.989375,0.06421875,3,3,3,0,0,0,0,3072
ps_zero,enscal,512,bh_ps_zero_enscal_512,5014,0.967265625,0.9683280217545134,0.9953125,0.06078125,4,4,4,0,0,0,0,4096
ps_zero,enscal,512,bh_ps_zero_enscal_512,5015,0.969453125,0.9705168407319801,0.99578125,0.056875,3,3,3,0,0,0,0,3072
ps_zero,enscal,512,bh_ps_zero_enscal_512,5016,0.973828125,0.9744197553572737,0.9921875,0.04453125,4,4,4,0,0,0,0,4096
ps_zero,enscal,512,bh_ps_zero_enscal_512,5017,0.96890625,0.9698732560125067,0.99578125,0.05796875,3,3,3,0,0,0,0,3072
ps_zero,enscal,512,bh_ps_zero_enscal_512,5018,0.884921875,0.8985705853615833,0.99828125,0.2284375,2,2,2,0,0,0,0,2048
ps_zero,enscal,512,bh_ps_zero_enscal_512,5019,0.9653125,0.9664328693372355,0.99203125,0.06140625,3,3,3,0,0,0,0,3072
ps_zero,enscal,512,bh_ps_zero_enscal_512,5020,0.96765625,0.9686012305850491,0.99234375,0.05703125,3,3,3,0,0,0,0,3072
ps_zero,enscal,512,bh_ps_zero_enscal_512,5021,0.9678125,0.968693455832229,0.99109375,0.05546875,1,1,1,0,0,0,0,1024
ps_zero,enscal,512,bh_ps_zero_enscal_512,5022,0.9615625,0.9629669213803801,0.9928125,0.0696875,4,4,4,0,0,0,0,4096
ps_zero,enscal,512,bh_ps_zero_enscal_512,5023,0.96421875,0.965223188284016,0.989375,0.0609375,2,2,2,0,0,0,0,2048
ps_zero,enscal,512,bh_ps_zero_enscal_512,5024,0.96703125,0.9682818672713231,0.99703125,0.06296875,4,4,4,0,0,0,0,4096
ps_zero,enscal,512,bh_ps_zero_enscal_512,5025,0.960546875,0.9621708701530401,0.99671875,0.075625,1,1,1,0,0,0,0,1024
ps_zero,enscal,512,bh_ps_zero_enscal_512,5026,0.97140625,0.9723002007194578,0.99640625,0.05359375,4,4,4,0,0,0,0,4096
ps_zero,enscal,512,bh_ps_zero_enscal_512,5027,0.961640625,0.9632379603650036,0.998125,0.07484375,3,3,3,0,0,0,0,3072
ps_zero,enscal,512,bh_ps_zero_enscal_512,5028,0.964609375,0.9658963702920633,0.99546875,0.06625,5,5,5,0,0,0,0,5120
ps_zero,enscal,512,bh_ps_zero_enscal_512,5029,0.9696875,0.970897329508693,0.99109375,0.05171875,3,3,3,0,0,0,0,3072
ps_zero,enscal,512,bh_ps_zero_enscal_512,5030,0.965625,0.9668505780838352,0.993125,0.061875,5,5,5,0,0,0,0,5120
unsw_zero,never,n/a,bh_unsw_zero_never,5001,0.895234375,0.8976804652718787,,,0,0,0,0,0,0,0,0
unsw_zero,never,n/a,bh_unsw_zero_never,5002,0.8903125,0.8969342061603182,,,0,0,0,0,0,0,0,0
unsw_zero,never,n/a,bh_unsw_zero_never,5003,0.884921875,0.8927042811629481,,,0,0,0,0,0,0,0,0
unsw_zero,never,n/a,bh_unsw_zero_never,5004,0.888046875,0.8963224749773285,,,0,0,0,0,0,0,0,0
unsw_zero,never,n/a,bh_unsw_zero_never,5005,0.89265625,0.8995016486907238,,,0,0,0,0,0,0,0,0
unsw_zero,never,n/a,bh_unsw_zero_never,5006,0.889765625,0.894202105486999,,,0,0,0,0,0,0,0,0
unsw_zero,never,n/a,bh_unsw_zero_never,5007,0.891484375,0.8970803122703244,,,0,0,0,0,0,0,0,0
unsw_zero,never,n/a,bh_unsw_zero_never,5008,0.88765625,0.895368645368265,,,0,0,0,0,0,0,0,0
unsw_zero,never,n/a,bh_unsw_zero_never,5009,0.886640625,0.8962363500532969,,,0,0,0,0,0,0,0,0
unsw_zero,never,n/a,bh_unsw_zero_never,5010,0.895859375,0.9022022607685366,,,0,0,0,0,0,0,0,0
unsw_zero,never,n/a,bh_unsw_zero_never,5011,0.885703125,0.8943430634456239,,,0,0,0,0,0,0,0,0
unsw_zero,never,n/a,bh_unsw_zero_never,5012,0.89109375,0.8990030021423228,,,0,0,0,0,0,0,0,0
unsw_zero,never,n/a,bh_unsw_zero_never,5013,0.9009375,0.9070504387111535,,,0,0,0,0,0,0,0,0
unsw_zero,never,n/a,bh_unsw_zero_never,5014,0.889765625,0.8977734183611108,,,0,0,0,0,0,0,0,0
unsw_zero,never,n/a,bh_unsw_zero_never,5015,0.891171875,0.8990342506987777,,,0,0,0,0,0,0,0,0
unsw_zero,never,n/a,bh_unsw_zero_never,5016,0.891171875,0.8984753197774674,,,0,0,0,0,0,0,0,0
unsw_zero,never,n/a,bh_unsw_zero_never,5017,0.891796875,0.8986629153699913,,,0,0,0,0,0,0,0,0
unsw_zero,never,n/a,bh_unsw_zero_never,5018,0.89140625,0.8977921099907376,,,0,0,0,0,0,0,0,0
unsw_zero,never,n/a,bh_unsw_zero_never,5019,0.884765625,0.8924961534671332,,,0,0,0,0,0,0,0,0
unsw_zero,never,n/a,bh_unsw_zero_never,5020,0.8875,0.8970172633575494,,,0,0,0,0,0,0,0,0
unsw_zero,never,n/a,bh_unsw_zero_never,5021,0.889375,0.8969659463412958,,,0,0,0,0,0,0,0,0
unsw_zero,never,n/a,bh_unsw_zero_never,5022,0.890546875,0.895813322656573,,,0,0,0,0,0,0,0,0
unsw_zero,never,n/a,bh_unsw_zero_never,5023,0.89140625,0.8971701720889125,,,0,0,0,0,0,0,0,0
unsw_zero,never,n/a,bh_unsw_zero_never,5024,0.88625,0.8942036116818916,,,0,0,0,0,0,0,0,0
unsw_zero,never,n/a,bh_unsw_zero_never,5025,0.88765625,0.8957260811847919,,,0,0,0,0,0,0,0,0
unsw_zero,never,n/a,bh_unsw_zero_never,5026,0.895,0.9015000323529191,,,0,0,0,0,0,0,0,0
unsw_zero,never,n/a,bh_unsw_zero_never,5027,0.886953125,0.8944814395589645,,,0,0,0,0,0,0,0,0
unsw_zero,never,n/a,bh_unsw_zero_never,5028,0.889140625,0.8951064028537908,,,0,0,0,0,0,0,0,0
unsw_zero,never,n/a,bh_unsw_zero_never,5029,0.894296875,0.9010040751016356,,,0,0,0,0,0,0,0,0
unsw_zero,never,n/a,bh_unsw_zero_never,5030,0.890078125,0.8974113408904185,,,0,0,0,0,0,0,0,0
unsw_zero,naive,2000,bh_unsw_zero_naive_2000,5001,0.893515625,0.8989282798327245,0.945,0.15796875,4,4,4,0,0,0,0,16000
unsw_zero,naive,2000,bh_unsw_zero_naive_2000,5002,0.893046875,0.8992939431132569,0.9528125,0.16671875,3,3,3,0,0,0,0,12000
unsw_zero,naive,2000,bh_unsw_zero_naive_2000,5003,0.8871875,0.8938737135883454,0.94828125,0.17390625,2,2,2,0,0,0,0,8000
unsw_zero,naive,2000,bh_unsw_zero_naive_2000,5004,0.889609375,0.8969790086024787,0.9575,0.17828125,2,2,2,0,0,0,0,8000
unsw_zero,naive,2000,bh_unsw_zero_naive_2000,5005,0.89328125,0.8994646700904515,0.95203125,0.16546875,5,5,5,0,0,0,0,20000
unsw_zero,naive,2000,bh_unsw_zero_naive_2000,5006,0.89234375,0.8983115462934296,0.94890625,0.16421875,4,4,4,0,0,0,0,16000
unsw_zero,naive,2000,bh_unsw_zero_naive_2000,5007,0.8921875,0.8980554345237637,0.94578125,0.16140625,1,1,1,0,0,0,0,4000
unsw_zero,naive,2000,bh_unsw_zero_naive_2000,5008,0.889296875,0.8959257190288428,0.95109375,0.1725,3,3,3,0,0,0,0,12000
unsw_zero,naive,2000,bh_unsw_zero_naive_2000,5009,0.88703125,0.8957898336336564,0.96796875,0.19390625,3,3,3,0,0,0,0,12000
unsw_zero,naive,2000,bh_unsw_zero_naive_2000,5010,0.891015625,0.8985911269220926,0.96296875,0.1809375,5,5,5,0,0,0,0,20000
unsw_zero,naive,2000,bh_unsw_zero_naive_2000,5011,0.888125,0.8952598738733825,0.95375,0.1775,3,3,3,0,0,0,0,12000
unsw_zero,naive,2000,bh_unsw_zero_naive_2000,5012,0.891484375,0.8985259841224194,0.95796875,0.175,4,4,4,0,0,0,0,16000
unsw_zero,naive,2000,bh_unsw_zero_naive_2000,5013,0.89875,0.9045811536394207,0.956875,0.159375,3,3,3,0,0,0,0,12000
unsw_zero,naive,2000,bh_unsw_zero_naive_2000,5014,0.88890625,0.8961998273542552,0.9575,0.1796875,4,4,4,0,0,0,0,16000
unsw_zero,naive,2000,bh_unsw_zero_naive_2000,5015,0.891171875,0.8990599481253858,0.9640625,0.18171875,3,3,3,0,0,0,0,12000
unsw_zero,naive,2000,bh_unsw_zero_naive_2000,5016,0.89359375,0.900889195901305,0.9646875,0.1775,4,4,4,0,0,0,0,16000
unsw_zero,naive,2000,bh_unsw_zero_naive_2000,5017,0.892734375,0.8999055152045001,0.960625,0.17515625,3,3,3,0,0,0,0,12000
unsw_zero,naive,2000,bh_unsw_zero_naive_2000,5018,0.89171875,0.8979910635216798,0.94984375,0.16640625,2,2,2,0,0,0,0,8000
unsw_zero,naive,2000,bh_unsw_zero_naive_2000,5019,0.88453125,0.8922602604699825,0.95328125,0.18421875,3,3,3,0,0,0,0,12000
unsw_zero,naive,2000,bh_unsw_zero_naive_2000,5020,0.89015625,0.8977355779287862,0.961875,0.1815625,3,3,3,0,0,0,0,12000
unsw_zero,naive,2000,bh_unsw_zero_naive_2000,5021,0.8909375,0.8956178753234254,0.93359375,0.15171875,1,1,1,0,0,0,0,4000
unsw_zero,naive,2000,bh_unsw_zero_naive_2000,5022,0.88859375,0.8957111527276858,0.95375,0.1765625,4,4,4,0,0,0,0,16000
unsw_zero,naive,2000,bh_unsw_zero_naive_2000,5023,0.890703125,0.8980569132967114,0.95953125,0.178125,2,2,2,0,0,0,0,8000
unsw_zero,naive,2000,bh_unsw_zero_naive_2000,5024,0.886171875,0.894594102267044,0.9634375,0.19109375,4,4,4,0,0,0,0,16000
unsw_zero,naive,2000,bh_unsw_zero_naive_2000,5025,0.89171875,0.8983021101380152,0.95328125,0.16984375,1,1,1,0,0,0,0,4000
unsw_zero,naive,2000,bh_unsw_zero_naive_2000,5026,0.89578125,0.9027754779055411,0.96453125,0.17296875,4,4,4,0,0,0,0,16000
unsw_zero,naive,2000,bh_unsw_zero_naive_2000,5027,0.890390625,0.8976944125789097,0.95859375,0.1778125,3,3,3,0,0,0,0,12000
unsw_zero,naive,2000,bh_unsw_zero_naive_2000,5028,0.890703125,0.8977379610393382,0.95578125,0.174375,5,5,5,0,0,0,0,20000
unsw_zero,naive,2000,bh_unsw_zero_naive_2000,5029,0.8940625,0.9007710091755909,0.9584375,0.1703125,3,3,3,0,0,0,0,12000
unsw_zero,naive,2000,bh_unsw_zero_naive_2000,5030,0.8915625,0.8979909408904131,0.95171875,0.16859375,5,5,5,0,0,0,0,20000
unsw_zero,point,2000,bh_unsw_zero_point_2000,5001,0.894375,0.8992878401132871,0.94109375,0.15234375,4,4,2,2,128,128,0,16000
unsw_zero,point,2000,bh_unsw_zero_point_2000,5002,0.89515625,0.9011098406772489,0.95296875,0.16265625,3,3,1,2,96,96,0,12000
unsw_zero,point,2000,bh_unsw_zero_point_2000,5003,0.8871875,0.8938737135883454,0.94828125,0.17390625,2,2,2,0,64,64,0,8000
unsw_zero,point,2000,bh_unsw_zero_point_2000,5004,0.889609375,0.8969790086024787,0.9575,0.17828125,2,2,2,0,64,64,0,8000
unsw_zero,point,2000,bh_unsw_zero_point_2000,5005,0.89296875,0.8992346934824953,0.951875,0.1659375,5,5,3,2,160,160,0,20000
unsw_zero,point,2000,bh_unsw_zero_point_2000,5006,0.89234375,0.8983115462934296,0.94890625,0.16421875,4,4,4,0,128,128,0,16000
unsw_zero,point,2000,bh_unsw_zero_point_2000,5007,0.891484375,0.8970803122703244,0.94203125,0.1590625,1,1,0,1,32,32,0,4000
unsw_zero,point,2000,bh_unsw_zero_point_2000,5008,0.889296875,0.8959257190288428,0.95109375,0.1725,3,3,3,0,96,96,0,12000
unsw_zero,point,2000,bh_unsw_zero_point_2000,5009,0.88703125,0.8957898336336564,0.96796875,0.19390625,3,3,3,0,96,96,0,12000
unsw_zero,point,2000,bh_unsw_zero_point_2000,5010,0.890703125,0.8981092616831132,0.96046875,0.1790625,5,5,4,1,160,160,0,20000
unsw_zero,point,2000,bh_unsw_zero_point_2000,5011,0.888125,0.8952598738733825,0.95375,0.1775,3,3,3,0,96,96,0,12000
unsw_zero,point,2000,bh_unsw_zero_point_2000,5012,0.890390625,0.8978520985223681,0.96046875,0.1796875,4,4,2,2,128,128,0,16000
unsw_zero,point,2000,bh_unsw_zero_point_2000,5013,0.89921875,0.9053040938547643,0.96046875,0.16203125,3,3,2,1,96,96,0,12000
unsw_zero,point,2000,bh_unsw_zero_point_2000,5014,0.88921875,0.8974316359453626,0.96640625,0.18796875,4,4,2,2,128,128,0,16000
unsw_zero,point,2000,bh_unsw_zero_point_2000,5015,0.892578125,0.8998335741818139,0.96,0.17484375,3,3,2,1,96,96,0,12000
unsw_zero,point,2000,bh_unsw_zero_point_2000,5016,0.893125,0.900678958341484,0.96625,0.18,4,4,3,1,128,128,0,16000
unsw_zero,point,2000,bh_unsw_zero_point_2000,5017,0.892734375,0.8999055152045001,0.960625,0.17515625,3,3,3,0,96,96,0,12000
unsw_zero,point,2000,bh_unsw_zero_point_2000,5018,0.89140625,0.8976448537915886,0.9490625,0.16625,2,2,1,1,64,64,0,8000
unsw_zero,point,2000,bh_unsw_zero_point_2000,5019,0.884609375,0.8922311026448783,0.95203125,0.1828125,3,3,2,1,96,96,0,12000
unsw_zero,point,2000,bh_unsw_zero_point_2000,5020,0.89015625,0.8977355779287862,0.961875,0.1815625,3,3,3,0,96,96,0,12000
unsw_zero,point,2000,bh_unsw_zero_point_2000,5021,0.8909375,0.8956178753234254,0.93359375,0.15171875,1,1,1,0,32,32,0,4000
unsw_zero,point,2000,bh_unsw_zero_point_2000,5022,0.889296875,0.8960402330278677,0.95125,0.17265625,4,4,3,1,128,128,0,16000
unsw_zero,point,2000,bh_unsw_zero_point_2000,5023,0.890703125,0.8980569132967114,0.95953125,0.178125,2,2,2,0,64,64,0,8000
unsw_zero,point,2000,bh_unsw_zero_point_2000,5024,0.886171875,0.894594102267044,0.9634375,0.19109375,4,4,4,0,128,128,0,16000
unsw_zero,point,2000,bh_unsw_zero_point_2000,5025,0.89171875,0.8983021101380152,0.95328125,0.16984375,1,1,1,0,32,32,0,4000
unsw_zero,point,2000,bh_unsw_zero_point_2000,5026,0.8965625,0.903683971778699,0.96703125,0.17390625,4,4,3,1,128,128,0,16000
unsw_zero,point,2000,bh_unsw_zero_point_2000,5027,0.890390625,0.8976944125789097,0.95859375,0.1778125,3,3,3,0,96,96,0,12000
unsw_zero,point,2000,bh_unsw_zero_point_2000,5028,0.89140625,0.8978452562864129,0.95078125,0.16796875,5,5,3,2,160,160,0,20000
unsw_zero,point,2000,bh_unsw_zero_point_2000,5029,0.89390625,0.9009682607593062,0.961875,0.1740625,3,3,2,1,96,96,0,12000
unsw_zero,point,2000,bh_unsw_zero_point_2000,5030,0.8921875,0.8980086498236415,0.946875,0.1625,5,5,2,3,160,160,0,20000
unsw_zero,strict,2000,bh_unsw_zero_strict_2000,5001,0.895234375,0.8976804652718787,0.91828125,0.1278125,4,4,0,4,128,128,0,16000
unsw_zero,strict,2000,bh_unsw_zero_strict_2000,5002,0.89515625,0.9011098406772489,0.95296875,0.16265625,3,3,1,2,96,96,0,12000
unsw_zero,strict,2000,bh_unsw_zero_strict_2000,5003,0.8871875,0.8938737135883454,0.94828125,0.17390625,2,2,2,0,64,64,0,8000
unsw_zero,strict,2000,bh_unsw_zero_strict_2000,5004,0.888046875,0.8963224749773285,0.96359375,0.1875,2,2,0,2,64,64,0,8000
unsw_zero,strict,2000,bh_unsw_zero_strict_2000,5005,0.89265625,0.8995016486907238,0.9575,0.1721875,5,5,0,5,160,160,0,20000
unsw_zero,strict,2000,bh_unsw_zero_strict_2000,5006,0.889765625,0.894202105486999,0.9309375,0.15140625,4,4,0,4,128,128,0,16000
unsw_zero,strict,2000,bh_unsw_zero_strict_2000,5007,0.891484375,0.8970803122703244,0.94203125,0.1590625,1,1,0,1,32,32,0,4000
unsw_zero,strict,2000,bh_unsw_zero_strict_2000,5008,0.888203125,0.8943939904004837,0.945,0.16859375,3,3,2,1,96,96,0,12000
unsw_zero,strict,2000,bh_unsw_zero_strict_2000,5009,0.886640625,0.8962363500532969,0.97546875,0.2021875,3,3,0,3,96,96,0,12000
unsw_zero,strict,2000,bh_unsw_zero_strict_2000,5010,0.895859375,0.9022022607685366,0.95859375,0.166875,5,5,0,5,160,160,0,20000
unsw_zero,strict,2000,bh_unsw_zero_strict_2000,5011,0.885703125,0.8943430634456239,0.96421875,0.1928125,3,3,0,3,96,96,0,12000
unsw_zero,strict,2000,bh_unsw_zero_strict_2000,5012,0.89109375,0.8990030021423228,0.96609375,0.18390625,4,4,0,4,128,128,0,16000
unsw_zero,strict,2000,bh_unsw_zero_strict_2000,5013,0.9009375,0.9070504387111535,0.9634375,0.1615625,3,3,0,3,96,96,0,12000
unsw_zero,strict,2000,bh_unsw_zero_strict_2000,5014,0.889609375,0.8975401929191836,0.96421875,0.185,4,4,1,3,128,128,0,16000
unsw_zero,strict,2000,bh_unsw_zero_strict_2000,5015,0.891640625,0.8992905545969768,0.96234375,0.1790625,3,3,1,2,96,96,0,12000
unsw_zero,strict,2000,bh_unsw_zero_strict_2000,5016,0.8925,0.8997975759027186,0.96296875,0.17796875,4,4,1,3,128,128,0,16000
unsw_zero,strict,2000,bh_unsw_zero_strict_2000,5017,0.891796875,0.8980964604080988,0.95078125,0.1671875,3,3,1,2,96,96,0,12000
unsw_zero,strict,2000,bh_unsw_zero_strict_2000,5018,0.89140625,0.8977921099907376,0.950625,0.1678125,2,2,0,2,64,64,0,8000
unsw_zero,strict,2000,bh_unsw_zero_strict_2000,5019,0.884609375,0.8922311026448783,0.95203125,0.1828125,3,3,2,1,96,96,0,12000
unsw_zero,strict,2000,bh_unsw_zero_strict_2000,5020,0.889375,0.8978949064462813,0.96984375,0.19109375,3,3,1,2,96,96,0,12000
unsw_zero,strict,2000,bh_unsw_zero_strict_2000,5021,0.8909375,0.8956178753234254,0.93359375,0.15171875,1,1,1,0,32,32,0,4000
unsw_zero,strict,2000,bh_unsw_zero_strict_2000,5022,0.890390625,0.8956413270980444,0.93890625,0.158125,4,4,1,3,128,128,0,16000
unsw_zero,strict,2000,bh_unsw_zero_strict_2000,5023,0.89140625,0.8971701720889125,0.9453125,0.1625,2,2,0,2,64,64,0,8000
unsw_zero,strict,2000,bh_unsw_zero_strict_2000,5024,0.8871875,0.8950532078062229,0.9596875,0.1853125,4,4,2,2,128,128,0,16000
unsw_zero,strict,2000,bh_unsw_zero_strict_2000,5025,0.89171875,0.8983021101380152,0.95328125,0.16984375,1,1,1,0,32,32,0,4000
unsw_zero,strict,2000,bh_unsw_zero_strict_2000,5026,0.893671875,0.9009963047006778,0.964375,0.17703125,4,4,1,3,128,128,0,16000
unsw_zero,strict,2000,bh_unsw_zero_strict_2000,5027,0.886953125,0.8944814395589645,0.95609375,0.1821875,3,3,0,3,96,96,0,12000
unsw_zero,strict,2000,bh_unsw_zero_strict_2000,5028,0.89109375,0.8970873325294036,0.94625,0.1640625,5,5,2,3,160,160,0,20000
unsw_zero,strict,2000,bh_unsw_zero_strict_2000,5029,0.894296875,0.9010040751016356,0.95890625,0.1703125,3,3,0,3,96,96,0,12000
unsw_zero,strict,2000,bh_unsw_zero_strict_2000,5030,0.890078125,0.8974113408904185,0.9584375,0.17828125,5,5,0,5,160,160,0,20000
unsw_zero,atc,2000,bh_unsw_zero_atc_2000,5001,0.895234375,0.8976804652718787,0.91828125,0.1278125,4,4,0,4,0,0,0,16000
unsw_zero,atc,2000,bh_unsw_zero_atc_2000,5002,0.893046875,0.8992939431132569,0.9528125,0.16671875,3,3,3,0,0,0,0,12000
unsw_zero,atc,2000,bh_unsw_zero_atc_2000,5003,0.884921875,0.8927042811629481,0.9553125,0.18546875,2,2,0,2,0,0,0,8000
unsw_zero,atc,2000,bh_unsw_zero_atc_2000,5004,0.888984375,0.8968653804938402,0.9615625,0.18359375,2,2,1,1,0,0,0,8000
unsw_zero,atc,2000,bh_unsw_zero_atc_2000,5005,0.89,0.8955460283582933,0.94078125,0.16078125,5,5,2,3,0,0,0,20000
unsw_zero,atc,2000,bh_unsw_zero_atc_2000,5006,0.891796875,0.8977689422017536,0.948125,0.16453125,4,4,3,1,0,0,0,16000
unsw_zero,atc,2000,bh_unsw_zero_atc_2000,5007,0.8921875,0.8980554345237637,0.94578125,0.16140625,1,1,1,0,0,0,0,4000
unsw_zero,atc,2000,bh_unsw_zero_atc_2000,5008,0.888046875,0.8939784453888591,0.9425,0.16640625,3,3,1,2,0,0,0,12000
unsw_zero,atc,2000,bh_unsw_zero_atc_2000,5009,0.886796875,0.8958879526283092,0.97078125,0.1971875,3,3,2,1,0,0,0,12000
unsw_zero,atc,2000,bh_unsw_zero_atc_2000,5010,0.89140625,0.8989065080090536,0.96265625,0.17984375,5,5,2,3,0,0,0,20000
unsw_zero,atc,2000,bh_unsw_zero_atc_2000,5011,0.8875,0.8954375717548936,0.9603125,0.1853125,3,3,2,1,0,0,0,12000
unsw_zero,atc,2000,bh_unsw_zero_atc_2000,5012,0.889296875,0.8966885532246454,0.95765625,0.1790625,4,4,1,3,0,0,0,16000
unsw_zero,atc,2000,bh_unsw_zero_atc_2000,5013,0.9009375,0.9070504387111535,0.9634375,0.1615625,3,3,0,3,0,0,0,12000
unsw_zero,atc,2000,bh_unsw_zero_atc_2000,5014,0.888671875,0.8961638194865919,0.9590625,0.18171875,4,4,3,1,0,0,0,16000
unsw_zero,atc,2000,bh_unsw_zero_atc_2000,5015,0.88890625,0.8982456290152784,0.975,0.1971875,3,3,1,2,0,0,0,12000
unsw_zero,atc,2000,bh_unsw_zero_atc_2000,5016,0.891015625,0.8985352092246773,0.96265625,0.180625,4,4,2,2,0,0,0,16000
unsw_zero,atc,2000,bh_unsw_zero_atc_2000,5017,0.891796875,0.8986629153699913,0.95671875,0.173125,3,3,0,3,0,0,0,12000
unsw_zero,atc,2000,bh_unsw_zero_atc_2000,5018,0.891640625,0.8980555671802145,0.95125,0.16796875,2,2,1,1,0,0,0,8000
unsw_zero,atc,2000,bh_unsw_zero_atc_2000,5019,0.885234375,0.8928711083368599,0.9534375,0.18296875,3,3,2,1,0,0,0,12000
unsw_zero,atc,2000,bh_unsw_zero_atc_2000,5020,0.88921875,0.8971360411931693,0.96359375,0.18515625,3,3,1,2,0,0,0,12000
unsw_zero,atc,2000,bh_unsw_zero_atc_2000,5021,0.8909375,0.8956178753234254,0.93359375,0.15171875,1,1,1,0,0,0,0,4000
unsw_zero,atc,2000,bh_unsw_zero_atc_2000,5022,0.890546875,0.895813322656573,0.93921875,0.158125,4,4,0,4,0,0,0,16000
unsw_zero,atc,2000,bh_unsw_zero_atc_2000,5023,0.89140625,0.8971701720889125,0.9453125,0.1625,2,2,0,2,0,0,0,8000
unsw_zero,atc,2000,bh_unsw_zero_atc_2000,5024,0.886328125,0.8946572063696914,0.96296875,0.1903125,4,4,3,1,0,0,0,16000
unsw_zero,atc,2000,bh_unsw_zero_atc_2000,5025,0.89171875,0.8983021101380152,0.95328125,0.16984375,1,1,1,0,0,0,0,4000
unsw_zero,atc,2000,bh_unsw_zero_atc_2000,5026,0.8971875,0.9031239422005847,0.9559375,0.1615625,4,4,2,2,0,0,0,16000
unsw_zero,atc,2000,bh_unsw_zero_atc_2000,5027,0.890078125,0.8975033390434305,0.959375,0.17921875,3,3,2,1,0,0,0,12000
unsw_zero,atc,2000,bh_unsw_zero_atc_2000,5028,0.89046875,0.8972694428395698,0.95328125,0.17234375,5,5,3,2,0,0,0,20000
unsw_zero,atc,2000,bh_unsw_zero_atc_2000,5029,0.893046875,0.9004276032323993,0.96390625,0.1778125,3,3,1,2,0,0,0,12000
unsw_zero,atc,2000,bh_unsw_zero_atc_2000,5030,0.890625,0.8978977372831097,0.95875,0.1775,5,5,1,4,0,0,0,20000
unsw_zero,doc,2000,bh_unsw_zero_doc_2000,5001,0.895234375,0.8976804652718787,0.91828125,0.1278125,4,4,0,4,0,0,0,16000
unsw_zero,doc,2000,bh_unsw_zero_doc_2000,5002,0.89515625,0.9011098406772489,0.95296875,0.16265625,3,3,1,2,0,0,0,12000
unsw_zero,doc,2000,bh_unsw_zero_doc_2000,5003,0.888046875,0.894271957027313,0.9453125,0.16921875,2,2,1,1,0,0,0,8000
unsw_zero,doc,2000,bh_unsw_zero_doc_2000,5004,0.888984375,0.8968653804938402,0.9615625,0.18359375,2,2,1,1,0,0,0,8000
unsw_zero,doc,2000,bh_unsw_zero_doc_2000,5005,0.89,0.8955460283582933,0.94078125,0.16078125,5,5,2,3,0,0,0,20000
unsw_zero,doc,2000,bh_unsw_zero_doc_2000,5006,0.89125,0.8966559443813579,0.94203125,0.15953125,4,4,2,2,0,0,0,16000
unsw_zero,doc,2000,bh_unsw_zero_doc_2000,5007,0.891484375,0.8970803122703244,0.94203125,0.1590625,1,1,0,1,0,0,0,4000
unsw_zero,doc,2000,bh_unsw_zero_doc_2000,5008,0.8890625,0.8957391530355775,0.95109375,0.17296875,3,3,2,1,0,0,0,12000
unsw_zero,doc,2000,bh_unsw_zero_doc_2000,5009,0.886796875,0.8958879526283092,0.97078125,0.1971875,3,3,2,1,0,0,0,12000
unsw_zero,doc,2000,bh_unsw_zero_doc_2000,5010,0.895859375,0.9022022607685366,0.95859375,0.166875,5,5,0,5,0,0,0,20000
unsw_zero,doc,2000,bh_unsw_zero_doc_2000,5011,0.885703125,0.8943430634456239,0.96421875,0.1928125,3,3,0,3,0,0,0,12000
unsw_zero,doc,2000,bh_unsw_zero_doc_2000,5012,0.889296875,0.8966885532246454,0.95765625,0.1790625,4,4,1,3,0,0,0,16000
unsw_zero,doc,2000,bh_unsw_zero_doc_2000,5013,0.9009375,0.9070504387111535,0.9634375,0.1615625,3,3,0,3,0,0,0,12000
unsw_zero,doc,2000,bh_unsw_zero_doc_2000,5014,0.892578125,0.8970114305098952,0.93484375,0.1496875,4,4,1,3,0,0,0,16000
unsw_zero,doc,2000,bh_unsw_zero_doc_2000,5015,0.88890625,0.8982456290152784,0.975,0.1971875,3,3,1,2,0,0,0,12000
unsw_zero,doc,2000,bh_unsw_zero_doc_2000,5016,0.890234375,0.8974777367659788,0.95875,0.17828125,4,4,1,3,0,0,0,16000
unsw_zero,doc,2000,bh_unsw_zero_doc_2000,5017,0.891796875,0.8986629153699913,0.95671875,0.173125,3,3,0,3,0,0,0,12000
unsw_zero,doc,2000,bh_unsw_zero_doc_2000,5018,0.89171875,0.8979910635216798,0.94984375,0.16640625,2,2,2,0,0,0,0,8000
unsw_zero,doc,2000,bh_unsw_zero_doc_2000,5019,0.884765625,0.8924961534671332,0.95296875,0.1834375,3,3,0,3,0,0,0,12000
unsw_zero,doc,2000,bh_unsw_zero_doc_2000,5020,0.8896875,0.8976200661304818,0.96453125,0.18515625,3,3,2,1,0,0,0,12000
unsw_zero,doc,2000,bh_unsw_zero_doc_2000,5021,0.8909375,0.8956178753234254,0.93359375,0.15171875,1,1,1,0,0,0,0,4000
unsw_zero,doc,2000,bh_unsw_zero_doc_2000,5022,0.890546875,0.895813322656573,0.93921875,0.158125,4,4,0,4,0,0,0,16000
unsw_zero,doc,2000,bh_unsw_zero_doc_2000,5023,0.89140625,0.8971701720889125,0.9453125,0.1625,2,2,0,2,0,0,0,8000
unsw_zero,doc,2000,bh_unsw_zero_doc_2000,5024,0.886484375,0.8944945510989983,0.95984375,0.186875,4,4,1,3,0,0,0,16000
unsw_zero,doc,2000,bh_unsw_zero_doc_2000,5025,0.89171875,0.8983021101380152,0.95328125,0.16984375,1,1,1,0,0,0,0,4000
unsw_zero,doc,2000,bh_unsw_zero_doc_2000,5026,0.8971875,0.9031239422005847,0.9559375,0.1615625,4,4,2,2,0,0,0,16000
unsw_zero,doc,2000,bh_unsw_zero_doc_2000,5027,0.887421875,0.8952489445596669,0.959375,0.18453125,3,3,1,2,0,0,0,12000
unsw_zero,doc,2000,bh_unsw_zero_doc_2000,5028,0.889453125,0.8969168231151207,0.95796875,0.1790625,5,5,2,3,0,0,0,20000
unsw_zero,doc,2000,bh_unsw_zero_doc_2000,5029,0.893046875,0.9004276032323993,0.96390625,0.1778125,3,3,1,2,0,0,0,12000
unsw_zero,doc,2000,bh_unsw_zero_doc_2000,5030,0.88984375,0.8977118293017695,0.9634375,0.18375,5,5,2,3,0,0,0,20000
unsw_zero,enscal,2000,bh_unsw_zero_enscal_2000,5001,0.89609375,0.8989801743904435,0.92328125,0.13109375,4,4,4,0,0,0,0,16000
unsw_zero,enscal,2000,bh_unsw_zero_enscal_2000,5002,0.8928125,0.8972751298503542,0.93515625,0.14953125,3,3,3,0,0,0,0,12000
unsw_zero,enscal,2000,bh_unsw_zero_enscal_2000,5003,0.88875,0.8935488436348489,0.93296875,0.15546875,2,2,2,0,0,0,0,8000
unsw_zero,enscal,2000,bh_unsw_zero_enscal_2000,5004,0.889921875,0.8964626085390757,0.950625,0.17078125,2,2,2,0,0,0,0,8000
unsw_zero,enscal,2000,bh_unsw_zero_enscal_2000,5005,0.891796875,0.8959314803995424,0.92953125,0.1459375,5,5,5,0,0,0,0,20000
unsw_zero,enscal,2000,bh_unsw_zero_enscal_2000,5006,0.89203125,0.8957138190012891,0.9265625,0.1425,4,4,4,0,0,0,0,16000
unsw_zero,enscal,2000,bh_unsw_zero_enscal_2000,5007,0.894609375,0.8991822156684475,0.93671875,0.1475,1,1,1,0,0,0,0,4000
unsw_zero,enscal,2000,bh_unsw_zero_enscal_2000,5008,0.88921875,0.8942031791890572,0.93515625,0.15671875,3,3,3,0,0,0,0,12000
unsw_zero,enscal,2000,bh_unsw_zero_enscal_2000,5009,0.8875,0.8950917809536948,0.95734375,0.18234375,3,3,3,0,0,0,0,12000
unsw_zero,enscal,2000,bh_unsw_zero_enscal_2000,5010,0.89421875,0.8989415714944939,0.93984375,0.15140625,5,5,5,0,0,0,0,20000
unsw_zero,enscal,2000,bh_unsw_zero_enscal_2000,5011,0.88765625,0.8929256865660108,0.93546875,0.16015625,3,3,3,0,0,0,0,12000
unsw_zero,enscal,2000,bh_unsw_zero_enscal_2000,5012,0.893125,0.8985433581145087,0.94421875,0.15796875,4,4,4,0,0,0,0,16000
unsw_zero,enscal,2000,bh_unsw_zero_enscal_2000,5013,0.896796875,0.9010717418637424,0.9384375,0.14484375,3,3,3,0,0,0,0,12000
unsw_zero,enscal,2000,bh_unsw_zero_enscal_2000,5014,0.892109375,0.8973879795387023,0.94234375,0.158125,4,4,4,0,0,0,0,16000
unsw_zero,enscal,2000,bh_unsw_zero_enscal_2000,5015,0.892578125,0.8987318273288843,0.94953125,0.164375,3,3,3,0,0,0,0,12000
unsw_zero,enscal,2000,bh_unsw_zero_enscal_2000,5016,0.895,0.8998869025463178,0.94171875,0.15171875,4,4,4,0,0,0,0,16000
unsw_zero,enscal,2000,bh_unsw_zero_enscal_2000,5017,0.8940625,0.8988232641509489,0.9384375,0.1503125,3,3,3,0,0,0,0,12000
unsw_zero,enscal,2000,bh_unsw_zero_enscal_2000,5018,0.89140625,0.897134799775989,0.94421875,0.16140625,2,2,2,0,0,0,0,8000
unsw_zero,enscal,2000,bh_unsw_zero_enscal_2000,5019,0.88453125,0.8906182410197377,0.9371875,0.168125,3,3,3,0,0,0,0,12000
unsw_zero,enscal,2000,bh_unsw_zero_enscal_2000,5020,0.88953125,0.8959508516132989,0.9490625,0.17,3,3,3,0,0,0,0,12000
unsw_zero,enscal,2000,bh_unsw_zero_enscal_2000,5021,0.890390625,0.8945991448826586,0.929375,0.14859375,1,1,1,0,0,0,0,4000
unsw_zero,enscal,2000,bh_unsw_zero_enscal_2000,5022,0.88984375,0.8949558747580313,0.93671875,0.15703125,4,4,4,0,0,0,0,16000
unsw_zero,enscal,2000,bh_unsw_zero_enscal_2000,5023,0.889921875,0.8941711925679152,0.9290625,0.14921875,2,2,2,0,0,0,0,8000
unsw_zero,enscal,2000,bh_unsw_zero_enscal_2000,5024,0.8865625,0.893096774875138,0.94578125,0.17265625,4,4,4,0,0,0,0,16000
unsw_zero,enscal,2000,bh_unsw_zero_enscal_2000,5025,0.890546875,0.8967780760101337,0.94796875,0.166875,1,1,1,0,0,0,0,4000
unsw_zero,enscal,2000,bh_unsw_zero_enscal_2000,5026,0.8978125,0.9021504202000794,0.9403125,0.1446875,4,4,4,0,0,0,0,16000
unsw_zero,enscal,2000,bh_unsw_zero_enscal_2000,5027,0.8909375,0.8967943762818504,0.94578125,0.16390625,3,3,3,0,0,0,0,12000
unsw_zero,enscal,2000,bh_unsw_zero_enscal_2000,5028,0.8909375,0.895146420754022,0.929375,0.1475,5,5,5,0,0,0,0,20000
unsw_zero,enscal,2000,bh_unsw_zero_enscal_2000,5029,0.893828125,0.8985781633183038,0.93875,0.15109375,3,3,3,0,0,0,0,12000
unsw_zero,enscal,2000,bh_unsw_zero_enscal_2000,5030,0.89140625,0.8959271641135284,0.93328125,0.15046875,5,5,5,0,0,0,0,20000
unsw_zero,replay,2000,bh_unsw_zero_replay_2000,5001,0.89375,0.8992582428867604,0.94609375,0.15859375,4,4,4,0,0,0,0,16000
unsw_zero,replay,2000,bh_unsw_zero_replay_2000,5002,0.890546875,0.8970353861041305,0.95171875,0.170625,3,3,3,0,0,0,0,12000
unsw_zero,replay,2000,bh_unsw_zero_replay_2000,5003,0.884296875,0.8921757053902862,0.95484375,0.18625,2,2,2,0,0,0,0,8000
unsw_zero,replay,2000,bh_unsw_zero_replay_2000,5004,0.89,0.8969464023867717,0.95421875,0.17421875,2,2,2,0,0,0,0,8000
unsw_zero,replay,2000,bh_unsw_zero_replay_2000,5005,0.895625,0.9010913152672795,0.9478125,0.1565625,5,5,5,0,0,0,0,20000
unsw_zero,replay,2000,bh_unsw_zero_replay_2000,5006,0.891953125,0.8972776040299645,0.94203125,0.158125,4,4,4,0,0,0,0,16000
unsw_zero,replay,2000,bh_unsw_zero_replay_2000,5007,0.89359375,0.8990835772755886,0.944375,0.1571875,1,1,1,0,0,0,0,4000
unsw_zero,replay,2000,bh_unsw_zero_replay_2000,5008,0.886640625,0.8946686386364425,0.96015625,0.186875,3,3,3,0,0,0,0,12000
unsw_zero,replay,2000,bh_unsw_zero_replay_2000,5009,0.888203125,0.8967162777768116,0.9675,0.19109375,3,3,3,0,0,0,0,12000
unsw_zero,replay,2000,bh_unsw_zero_replay_2000,5010,0.89359375,0.8996078722879376,0.9509375,0.16375,5,5,5,0,0,0,0,20000
unsw_zero,replay,2000,bh_unsw_zero_replay_2000,5011,0.887578125,0.8946190478682694,0.9525,0.17734375,3,3,3,0,0,0,0,12000
unsw_zero,replay,2000,bh_unsw_zero_replay_2000,5012,0.89078125,0.8982371941637062,0.96109375,0.17953125,4,4,4,0,0,0,0,16000
unsw_zero,replay,2000,bh_unsw_zero_replay_2000,5013,0.89890625,0.9041538555993779,0.95125,0.1534375,3,3,3,0,0,0,0,12000
unsw_zero,replay,2000,bh_unsw_zero_replay_2000,5014,0.88953125,0.8965776781536746,0.95546875,0.17640625,4,4,4,0,0,0,0,16000
unsw_zero,replay,2000,bh_unsw_zero_replay_2000,5015,0.8925,0.8997352047896441,0.96,0.175,3,3,3,0,0,0,0,12000
unsw_zero,replay,2000,bh_unsw_zero_replay_2000,5016,0.89703125,0.9036921538165743,0.96375,0.1696875,4,4,4,0,0,0,0,16000
unsw_zero,replay,2000,bh_unsw_zero_replay_2000,5017,0.88890625,0.8960054434254177,0.95421875,0.17640625,3,3,3,0,0,0,0,12000
unsw_zero,replay,2000,bh_unsw_zero_replay_2000,5018,0.891484375,0.8978106861652475,0.94984375,0.166875,2,2,2,0,0,0,0,8000
unsw_zero,replay,2000,bh_unsw_zero_replay_2000,5019,0.885,0.8919678724524891,0.94609375,0.17609375,3,3,3,0,0,0,0,12000
unsw_zero,replay,2000,bh_unsw_zero_replay_2000,5020,0.887890625,0.8967867252469653,0.97078125,0.195,3,3,3,0,0,0,0,12000
unsw_zero,replay,2000,bh_unsw_zero_replay_2000,5021,0.89078125,0.8964627700910455,0.9428125,0.16125,1,1,1,0,0,0,0,4000
unsw_zero,replay,2000,bh_unsw_zero_replay_2000,5022,0.889609375,0.8960172511582105,0.94890625,0.1696875,4,4,4,0,0,0,0,16000
unsw_zero,replay,2000,bh_unsw_zero_replay_2000,5023,0.891796875,0.8983435585553875,0.95328125,0.1696875,2,2,2,0,0,0,0,8000
unsw_zero,replay,2000,bh_unsw_zero_replay_2000,5024,0.886015625,0.8945958031971928,0.96484375,0.1928125,4,4,4,0,0,0,0,16000
unsw_zero,replay,2000,bh_unsw_zero_replay_2000,5025,0.8896875,0.8974385330163352,0.96171875,0.18234375,1,1,1,0,0,0,0,4000
unsw_zero,replay,2000,bh_unsw_zero_replay_2000,5026,0.897109375,0.9035839723240929,0.96140625,0.1671875,4,4,4,0,0,0,0,16000
unsw_zero,replay,2000,bh_unsw_zero_replay_2000,5027,0.888671875,0.8961025062961235,0.9571875,0.17984375,3,3,3,0,0,0,0,12000
unsw_zero,replay,2000,bh_unsw_zero_replay_2000,5028,0.88734375,0.8955422947860353,0.96203125,0.18734375,5,5,5,0,0,0,0,20000
unsw_zero,replay,2000,bh_unsw_zero_replay_2000,5029,0.893046875,0.8986532549753237,0.94625,0.16015625,3,3,3,0,0,0,0,12000
unsw_zero,replay,2000,bh_unsw_zero_replay_2000,5030,0.89234375,0.8981781771880354,0.94765625,0.16296875,5,5,5,0,0,0,0,20000
unsw_zero,ddm,2000,bh_unsw_zero_ddm_2000,5001,0.895234375,0.8976804652718787,0.91828125,0.1278125,0,0,0,0,800,0,800,0
unsw_zero,ddm,2000,bh_unsw_zero_ddm_2000,5002,0.89046875,0.897369169145743,0.95515625,0.17421875,1,1,1,0,800,0,800,4000
unsw_zero,ddm,2000,bh_unsw_zero_ddm_2000,5003,0.884921875,0.8927042811629481,0.9553125,0.18546875,0,0,0,0,800,0,800,0
unsw_zero,ddm,2000,bh_unsw_zero_ddm_2000,5004,0.888046875,0.8963224749773285,0.96359375,0.1875,0,0,0,0,800,0,800,0
unsw_zero,ddm,2000,bh_unsw_zero_ddm_2000,5005,0.89265625,0.8995016486907238,0.9575,0.1721875,0,0,0,0,800,0,800,0
unsw_zero,ddm,2000,bh_unsw_zero_ddm_2000,5006,0.890703125,0.8952727072330966,0.933125,0.15171875,1,1,1,0,800,0,800,4000
unsw_zero,ddm,2000,bh_unsw_zero_ddm_2000,5007,0.893125,0.9001338916509826,0.9584375,0.1721875,2,2,2,0,800,0,800,8000
unsw_zero,ddm,2000,bh_unsw_zero_ddm_2000,5008,0.88765625,0.895368645368265,0.9590625,0.18375,0,0,0,0,800,0,800,0
unsw_zero,ddm,2000,bh_unsw_zero_ddm_2000,5009,0.886640625,0.8962363500532969,0.97546875,0.2021875,0,0,0,0,800,0,800,0
unsw_zero,ddm,2000,bh_unsw_zero_ddm_2000,5010,0.895859375,0.9022022607685366,0.95859375,0.166875,0,0,0,0,800,0,800,0
unsw_zero,ddm,2000,bh_unsw_zero_ddm_2000,5011,0.885703125,0.8943430634456239,0.96421875,0.1928125,0,0,0,0,800,0,800,0
unsw_zero,ddm,2000,bh_unsw_zero_ddm_2000,5012,0.88984375,0.8986924734490027,0.9734375,0.19375,1,1,1,0,800,0,800,4000
unsw_zero,ddm,2000,bh_unsw_zero_ddm_2000,5013,0.9009375,0.9070504387111535,0.9634375,0.1615625,0,0,0,0,800,0,800,0
unsw_zero,ddm,2000,bh_unsw_zero_ddm_2000,5014,0.889765625,0.8977734183611108,0.9653125,0.18578125,0,0,0,0,800,0,800,0
unsw_zero,ddm,2000,bh_unsw_zero_ddm_2000,5015,0.891171875,0.8990342506987777,0.96375,0.18140625,0,0,0,0,800,0,800,0
unsw_zero,ddm,2000,bh_unsw_zero_ddm_2000,5016,0.891171875,0.8984753197774674,0.9609375,0.17859375,0,0,0,0,800,0,800,0
unsw_zero,ddm,2000,bh_unsw_zero_ddm_2000,5017,0.891796875,0.8980964604080988,0.95078125,0.1671875,1,1,1,0,800,0,800,4000
unsw_zero,ddm,2000,bh_unsw_zero_ddm_2000,5018,0.88890625,0.8960228658015487,0.954375,0.1765625,1,1,1,0,800,0,800,4000
unsw_zero,ddm,2000,bh_unsw_zero_ddm_2000,5019,0.884765625,0.8924961534671332,0.95296875,0.1834375,0,0,0,0,800,0,800,0
unsw_zero,ddm,2000,bh_unsw_zero_ddm_2000,5020,0.89234375,0.8995240424718053,0.96125,0.1765625,1,1,1,0,800,0,800,4000
unsw_zero,ddm,2000,bh_unsw_zero_ddm_2000,5021,0.889375,0.8969659463412958,0.9590625,0.1803125,0,0,0,0,800,0,800,0
unsw_zero,ddm,2000,bh_unsw_zero_ddm_2000,5022,0.890390625,0.8956386149413627,0.93875,0.15796875,1,1,1,0,800,0,800,4000
unsw_zero,ddm,2000,bh_unsw_zero_ddm_2000,5023,0.89140625,0.8971701720889125,0.9453125,0.1625,0,0,0,0,800,0,800,0
unsw_zero,ddm,2000,bh_unsw_zero_ddm_2000,5024,0.88625,0.8942036116818916,0.95890625,0.18640625,0,0,0,0,800,0,800,0
unsw_zero,ddm,2000,bh_unsw_zero_ddm_2000,5025,0.88765625,0.8957260811847919,0.9615625,0.18625,0,0,0,0,800,0,800,0
unsw_zero,ddm,2000,bh_unsw_zero_ddm_2000,5026,0.895,0.9015000323529191,0.9584375,0.1684375,0,0,0,0,800,0,800,0
unsw_zero,ddm,2000,bh_unsw_zero_ddm_2000,5027,0.886953125,0.8944814395589645,0.95609375,0.1821875,0,0,0,0,800,0,800,0
unsw_zero,ddm,2000,bh_unsw_zero_ddm_2000,5028,0.885390625,0.8941893393077528,0.96484375,0.1940625,1,1,1,0,800,0,800,4000
unsw_zero,ddm,2000,bh_unsw_zero_ddm_2000,5029,0.894296875,0.9010040751016356,0.95890625,0.1703125,0,0,0,0,800,0,800,0
unsw_zero,ddm,2000,bh_unsw_zero_ddm_2000,5030,0.89015625,0.8989060951166078,0.9725,0.1921875,1,1,1,0,800,0,800,4000
unsw_zero,adwin,2000,bh_unsw_zero_adwin_2000,5001,0.895234375,0.8976804652718787,0.91828125,0.1278125,0,0,0,0,800,0,800,0
unsw_zero,adwin,2000,bh_unsw_zero_adwin_2000,5002,0.8903125,0.8969342061603182,0.95234375,0.17171875,0,0,0,0,800,0,800,0
unsw_zero,adwin,2000,bh_unsw_zero_adwin_2000,5003,0.884921875,0.8927042811629481,0.9553125,0.18546875,0,0,0,0,800,0,800,0
unsw_zero,adwin,2000,bh_unsw_zero_adwin_2000,5004,0.888046875,0.8963224749773285,0.96359375,0.1875,0,0,0,0,800,0,800,0
unsw_zero,adwin,2000,bh_unsw_zero_adwin_2000,5005,0.89265625,0.8995016486907238,0.9575,0.1721875,0,0,0,0,800,0,800,0
unsw_zero,adwin,2000,bh_unsw_zero_adwin_2000,5006,0.889765625,0.894202105486999,0.9309375,0.15140625,0,0,0,0,800,0,800,0
unsw_zero,adwin,2000,bh_unsw_zero_adwin_2000,5007,0.891484375,0.8970803122703244,0.94203125,0.1590625,0,0,0,0,800,0,800,0
unsw_zero,adwin,2000,bh_unsw_zero_adwin_2000,5008,0.88765625,0.895368645368265,0.9590625,0.18375,0,0,0,0,800,0,800,0
unsw_zero,adwin,2000,bh_unsw_zero_adwin_2000,5009,0.886640625,0.8962363500532969,0.97546875,0.2021875,0,0,0,0,800,0,800,0
unsw_zero,adwin,2000,bh_unsw_zero_adwin_2000,5010,0.895859375,0.9022022607685366,0.95859375,0.166875,0,0,0,0,800,0,800,0
unsw_zero,adwin,2000,bh_unsw_zero_adwin_2000,5011,0.885703125,0.8943430634456239,0.96421875,0.1928125,0,0,0,0,800,0,800,0
unsw_zero,adwin,2000,bh_unsw_zero_adwin_2000,5012,0.89109375,0.8990030021423228,0.96609375,0.18390625,0,0,0,0,800,0,800,0
unsw_zero,adwin,2000,bh_unsw_zero_adwin_2000,5013,0.9009375,0.9070504387111535,0.9634375,0.1615625,0,0,0,0,800,0,800,0
unsw_zero,adwin,2000,bh_unsw_zero_adwin_2000,5014,0.889765625,0.8977734183611108,0.9653125,0.18578125,0,0,0,0,800,0,800,0
unsw_zero,adwin,2000,bh_unsw_zero_adwin_2000,5015,0.891171875,0.8990342506987777,0.96375,0.18140625,0,0,0,0,800,0,800,0
unsw_zero,adwin,2000,bh_unsw_zero_adwin_2000,5016,0.891171875,0.8984753197774674,0.9609375,0.17859375,0,0,0,0,800,0,800,0
unsw_zero,adwin,2000,bh_unsw_zero_adwin_2000,5017,0.891796875,0.8986629153699913,0.95671875,0.173125,0,0,0,0,800,0,800,0
unsw_zero,adwin,2000,bh_unsw_zero_adwin_2000,5018,0.89140625,0.8977921099907376,0.950625,0.1678125,0,0,0,0,800,0,800,0
unsw_zero,adwin,2000,bh_unsw_zero_adwin_2000,5019,0.884765625,0.8924961534671332,0.95296875,0.1834375,0,0,0,0,800,0,800,0
unsw_zero,adwin,2000,bh_unsw_zero_adwin_2000,5020,0.8875,0.8970172633575494,0.97640625,0.20140625,0,0,0,0,800,0,800,0
unsw_zero,adwin,2000,bh_unsw_zero_adwin_2000,5021,0.889375,0.8969659463412958,0.9590625,0.1803125,0,0,0,0,800,0,800,0
unsw_zero,adwin,2000,bh_unsw_zero_adwin_2000,5022,0.890546875,0.895813322656573,0.93921875,0.158125,0,0,0,0,800,0,800,0
unsw_zero,adwin,2000,bh_unsw_zero_adwin_2000,5023,0.89140625,0.8971701720889125,0.9453125,0.1625,0,0,0,0,800,0,800,0
unsw_zero,adwin,2000,bh_unsw_zero_adwin_2000,5024,0.88625,0.8942036116818916,0.95890625,0.18640625,0,0,0,0,800,0,800,0
unsw_zero,adwin,2000,bh_unsw_zero_adwin_2000,5025,0.88765625,0.8957260811847919,0.9615625,0.18625,0,0,0,0,800,0,800,0
unsw_zero,adwin,2000,bh_unsw_zero_adwin_2000,5026,0.895,0.9015000323529191,0.9584375,0.1684375,0,0,0,0,800,0,800,0
unsw_zero,adwin,2000,bh_unsw_zero_adwin_2000,5027,0.886953125,0.8944814395589645,0.95609375,0.1821875,0,0,0,0,800,0,800,0
unsw_zero,adwin,2000,bh_unsw_zero_adwin_2000,5028,0.889140625,0.8951064028537908,0.9428125,0.16453125,0,0,0,0,800,0,800,0
unsw_zero,adwin,2000,bh_unsw_zero_adwin_2000,5029,0.894296875,0.9010040751016356,0.95890625,0.1703125,0,0,0,0,800,0,800,0
unsw_zero,adwin,2000,bh_unsw_zero_adwin_2000,5030,0.890078125,0.8974113408904185,0.9584375,0.17828125,0,0,0,0,800,0,800,0
unsw_zero,naive,512,bh_unsw_zero_naive_512,5001,0.8884375,0.896409992330533,0.96234375,0.18546875,4,4,4,0,0,0,0,4096
unsw_zero,naive,512,bh_unsw_zero_naive_512,5002,0.883203125,0.8919754371910648,0.96109375,0.1946875,3,3,3,0,0,0,0,3072
unsw_zero,naive,512,bh_unsw_zero_naive_512,5003,0.87875,0.887596516869346,0.95515625,0.19765625,2,2,2,0,0,0,0,2048
unsw_zero,naive,512,bh_unsw_zero_naive_512,5004,0.884921875,0.8935674825932446,0.96203125,0.1921875,2,2,2,0,0,0,0,2048
unsw_zero,naive,512,bh_unsw_zero_naive_512,5005,0.883515625,0.8920811360650156,0.959375,0.19234375,5,5,5,0,0,0,0,5120
unsw_zero,naive,512,bh_unsw_zero_naive_512,5006,0.889609375,0.8977689735040528,0.96609375,0.186875,4,4,4,0,0,0,0,4096
unsw_zero,naive,512,bh_unsw_zero_naive_512,5007,0.89,0.8975269218649001,0.958125,0.178125,1,1,1,0,0,0,0,1024
unsw_zero,naive,512,bh_unsw_zero_naive_512,5008,0.879140625,0.8901980229189742,0.97609375,0.2178125,3,3,3,0,0,0,0,3072
unsw_zero,naive,512,bh_unsw_zero_naive_512,5009,0.882265625,0.8925689339050997,0.97421875,0.2096875,3,3,3,0,0,0,0,3072
unsw_zero,naive,512,bh_unsw_zero_naive_512,5010,0.886484375,0.8949604802799785,0.96421875,0.19125,5,5,5,0,0,0,0,5120
unsw_zero,naive,512,bh_unsw_zero_naive_512,5011,0.88046875,0.8912771138884931,0.97546875,0.21453125,3,3,3,0,0,0,0,3072
unsw_zero,naive,512,bh_unsw_zero_naive_512,5012,0.8865625,0.8958247024682326,0.97140625,0.19828125,4,4,4,0,0,0,0,4096
unsw_zero,naive,512,bh_unsw_zero_naive_512,5013,0.8959375,0.902710294944763,0.96265625,0.17078125,3,3,3,0,0,0,0,3072
unsw_zero,naive,512,bh_unsw_zero_naive_512,5014,0.885703125,0.8939225088546071,0.96,0.18859375,4,4,4,0,0,0,0,4096
unsw_zero,naive,512,bh_unsw_zero_naive_512,5015,0.88296875,0.89332563174202,0.97359375,0.20765625,3,3,3,0,0,0,0,3072
unsw_zero,naive,512,bh_unsw_zero_naive_512,5016,0.8840625,0.893150531262775,0.96640625,0.19828125,4,4,4,0,0,0,0,4096
unsw_zero,naive,512,bh_unsw_zero_naive_512,5017,0.881953125,0.8919384781272582,0.97078125,0.206875,3,3,3,0,0,0,0,3072
unsw_zero,naive,512,bh_unsw_zero_naive_512,5018,0.890546875,0.8961658704637139,0.9421875,0.16109375,2,2,2,0,0,0,0,2048
unsw_zero,naive,512,bh_unsw_zero_naive_512,5019,0.88015625,0.88966090249356,0.963125,0.2028125,3,3,3,0,0,0,0,3072
unsw_zero,naive,512,bh_unsw_zero_naive_512,5020,0.877265625,0.8892290535485802,0.98171875,0.2271875,3,3,3,0,0,0,0,3072
unsw_zero,naive,512,bh_unsw_zero_naive_512,5021,0.886171875,0.8944128545990963,0.95984375,0.1875,1,1,1,0,0,0,0,1024
unsw_zero,naive,512,bh_unsw_zero_naive_512,5022,0.884609375,0.8925236623323507,0.95578125,0.1865625,4,4,4,0,0,0,0,4096
unsw_zero,naive,512,bh_unsw_zero_naive_512,5023,0.8790625,0.8883807435730217,0.95953125,0.20140625,2,2,2,0,0,0,0,2048
unsw_zero,naive,512,bh_unsw_zero_naive_512,5024,0.878671875,0.8893847628045651,0.97171875,0.214375,4,4,4,0,0,0,0,4096
unsw_zero,naive,512,bh_unsw_zero_naive_512,5025,0.88796875,0.8960911573508548,0.9621875,0.18625,1,1,1,0,0,0,0,1024
unsw_zero,naive,512,bh_unsw_zero_naive_512,5026,0.88828125,0.8960884406707363,0.96078125,0.18421875,4,4,4,0,0,0,0,4096
unsw_zero,naive,512,bh_unsw_zero_naive_512,5027,0.883046875,0.8923852720607521,0.9659375,0.19984375,3,3,3,0,0,0,0,3072
unsw_zero,naive,512,bh_unsw_zero_naive_512,5028,0.87984375,0.8905073086424774,0.97296875,0.21328125,5,5,5,0,0,0,0,5120
unsw_zero,naive,512,bh_unsw_zero_naive_512,5029,0.8896875,0.8959873732662945,0.9471875,0.1678125,3,3,3,0,0,0,0,3072
unsw_zero,naive,512,bh_unsw_zero_naive_512,5030,0.885234375,0.8934832060435735,0.9590625,0.18859375,5,5,5,0,0,0,0,5120
unsw_zero,point,512,bh_unsw_zero_point_512,5001,0.8884375,0.896409992330533,0.96234375,0.18546875,4,4,4,0,128,128,0,4096
unsw_zero,point,512,bh_unsw_zero_point_512,5002,0.8825,0.8914704417218958,0.961875,0.196875,3,3,2,1,96,96,0,3072
unsw_zero,point,512,bh_unsw_zero_point_512,5003,0.87875,0.887596516869346,0.95515625,0.19765625,2,2,2,0,64,64,0,2048
unsw_zero,point,512,bh_unsw_zero_point_512,5004,0.884921875,0.8935674825932446,0.96203125,0.1921875,2,2,2,0,64,64,0,2048
unsw_zero,point,512,bh_unsw_zero_point_512,5005,0.889453125,0.8975695620546392,0.964375,0.18546875,5,5,2,3,160,160,0,5120
unsw_zero,point,512,bh_unsw_zero_point_512,5006,0.88859375,0.8969326329122098,0.96609375,0.18890625,4,4,3,1,128,128,0,4096
unsw_zero,point,512,bh_unsw_zero_point_512,5007,0.891484375,0.8970803122703244,0.94203125,0.1590625,1,1,0,1,32,32,0,1024
unsw_zero,point,512,bh_unsw_zero_point_512,5008,0.879140625,0.8901980229189742,0.97609375,0.2178125,3,3,3,0,96,96,0,3072
unsw_zero,point,512,bh_unsw_zero_point_512,5009,0.882421875,0.8927691267930398,0.97484375,0.21,3,3,2,1,96,96,0,3072
unsw_zero,point,512,bh_unsw_zero_point_512,5010,0.895859375,0.9022022607685366,0.95859375,0.166875,5,5,0,5,160,160,0,5120
unsw_zero,point,512,bh_unsw_zero_point_512,5011,0.885703125,0.8943430634456239,0.96421875,0.1928125,3,3,0,3,96,96,0,3072
unsw_zero,point,512,bh_unsw_zero_point_512,5012,0.8865625,0.8958247024682326,0.97140625,0.19828125,4,4,4,0,128,128,0,4096
unsw_zero,point,512,bh_unsw_zero_point_512,5013,0.8959375,0.902710294944763,0.96265625,0.17078125,3,3,3,0,96,96,0,3072
unsw_zero,point,512,bh_unsw_zero_point_512,5014,0.883515625,0.89242709702325,0.963125,0.19609375,4,4,3,1,128,128,0,4096
unsw_zero,point,512,bh_unsw_zero_point_512,5015,0.887578125,0.8964441364058492,0.96703125,0.191875,3,3,2,1,96,96,0,3072
unsw_zero,point,512,bh_unsw_zero_point_512,5016,0.881015625,0.8905661610570942,0.96546875,0.2034375,4,4,3,1,128,128,0,4096
unsw_zero,point,512,bh_unsw_zero_point_512,5017,0.881953125,0.8919384781272582,0.97078125,0.206875,3,3,3,0,96,96,0,3072
unsw_zero,point,512,bh_unsw_zero_point_512,5018,0.89171875,0.8982301688985862,0.95234375,0.16890625,2,2,1,1,64,64,0,2048
unsw_zero,point,512,bh_unsw_zero_point_512,5019,0.8825,0.8913070957926851,0.96046875,0.19546875,3,3,2,1,96,96,0,3072
unsw_zero,point,512,bh_unsw_zero_point_512,5020,0.8815625,0.8925584488526596,0.98,0.216875,3,3,2,1,96,96,0,3072
unsw_zero,point,512,bh_unsw_zero_point_512,5021,0.886171875,0.8944128545990963,0.95984375,0.1875,1,1,1,0,32,32,0,1024
unsw_zero,point,512,bh_unsw_zero_point_512,5022,0.884609375,0.8925236623323507,0.95578125,0.1865625,4,4,4,0,128,128,0,4096
unsw_zero,point,512,bh_unsw_zero_point_512,5023,0.87578125,0.8852117068561479,0.95578125,0.20421875,2,2,1,1,64,64,0,2048
unsw_zero,point,512,bh_unsw_zero_point_512,5024,0.885078125,0.8936060780976501,0.96203125,0.191875,4,4,2,2,128,128,0,4096
unsw_zero,point,512,bh_unsw_zero_point_512,5025,0.88796875,0.8960911573508548,0.9621875,0.18625,1,1,1,0,32,32,0,1024
unsw_zero,point,512,bh_unsw_zero_point_512,5026,0.893046875,0.8989532950239026,0.95015625,0.1640625,4,4,3,1,128,128,0,4096
unsw_zero,point,512,bh_unsw_zero_point_512,5027,0.886953125,0.8944814395589645,0.95609375,0.1821875,3,3,0,3,96,96,0,3072
unsw_zero,point,512,bh_unsw_zero_point_512,5028,0.878984375,0.889977033111453,0.97421875,0.21625,5,5,4,1,160,160,0,5120
unsw_zero,point,512,bh_unsw_zero_point_512,5029,0.892734375,0.8996836445335049,0.95890625,0.1734375,3,3,1,2,96,96,0,3072
unsw_zero,point,512,bh_unsw_zero_point_512,5030,0.885859375,0.8940747641525641,0.9596875,0.18796875,5,5,4,1,160,160,0,5120
unsw_zero,strict,512,bh_unsw_zero_strict_512,5001,0.8896875,0.8972687400565151,0.96046875,0.18109375,4,4,1,3,128,128,0,4096
unsw_zero,strict,512,bh_unsw_zero_strict_512,5002,0.8903125,0.8969342061603182,0.95234375,0.17171875,3,3,0,3,96,96,0,3072
unsw_zero,strict,512,bh_unsw_zero_strict_512,5003,0.877578125,0.888009046275408,0.966875,0.21171875,2,2,1,1,64,64,0,2048
unsw_zero,strict,512,bh_unsw_zero_strict_512,5004,0.888046875,0.8963224749773285,0.96359375,0.1875,2,2,0,2,64,64,0,2048
unsw_zero,strict,512,bh_unsw_zero_strict_512,5005,0.89265625,0.8995016486907238,0.9575,0.1721875,5,5,0,5,160,160,0,5120
unsw_zero,strict,512,bh_unsw_zero_strict_512,5006,0.88953125,0.894297270554944,0.9340625,0.155,4,4,1,3,128,128,0,4096
unsw_zero,strict,512,bh_unsw_zero_strict_512,5007,0.891484375,0.8970803122703244,0.94203125,0.1590625,1,1,0,1,32,32,0,1024
unsw_zero,strict,512,bh_unsw_zero_strict_512,5008,0.880078125,0.8911586082831532,0.97796875,0.2178125,3,3,1,2,96,96,0,3072
unsw_zero,strict,512,bh_unsw_zero_strict_512,5009,0.886640625,0.8962363500532969,0.97546875,0.2021875,3,3,0,3,96,96,0,3072
unsw_zero,strict,512,bh_unsw_zero_strict_512,5010,0.895859375,0.9022022607685366,0.95859375,0.166875,5,5,0,5,160,160,0,5120
unsw_zero,strict,512,bh_unsw_zero_strict_512,5011,0.885703125,0.8943430634456239,0.96421875,0.1928125,3,3,0,3,96,96,0,3072
unsw_zero,strict,512,bh_unsw_zero_strict_512,5012,0.89109375,0.8990030021423228,0.96609375,0.18390625,4,4,0,4,128,128,0,4096
unsw_zero,strict,512,bh_unsw_zero_strict_512,5013,0.9009375,0.9070504387111535,0.9634375,0.1615625,3,3,0,3,96,96,0,3072
unsw_zero,strict,512,bh_unsw_zero_strict_512,5014,0.88859375,0.8965914838442549,0.963125,0.1859375,4,4,1,3,128,128,0,4096
unsw_zero,strict,512,bh_unsw_zero_strict_512,5015,0.8884375,0.8970873802227446,0.96609375,0.18921875,3,3,1,2,96,96,0,3072
unsw_zero,strict,512,bh_unsw_zero_strict_512,5016,0.891171875,0.8984753197774674,0.9609375,0.17859375,4,4,0,4,128,128,0,4096
unsw_zero,strict,512,bh_unsw_zero_strict_512,5017,0.88296875,0.8936107929598215,0.97875,0.2128125,3,3,1,2,96,96,0,3072
unsw_zero,strict,512,bh_unsw_zero_strict_512,5018,0.89140625,0.8977921099907376,0.950625,0.1678125,2,2,0,2,64,64,0,2048
unsw_zero,strict,512,bh_unsw_zero_strict_512,5019,0.8825,0.8913070957926851,0.96046875,0.19546875,3,3,2,1,96,96,0,3072
unsw_zero,strict,512,bh_unsw_zero_strict_512,5020,0.8875,0.8970172633575494,0.97640625,0.20140625,3,3,0,3,96,96,0,3072
unsw_zero,strict,512,bh_unsw_zero_strict_512,5021,0.886171875,0.8944128545990963,0.95984375,0.1875,1,1,1,0,32,32,0,1024
unsw_zero,strict,512,bh_unsw_zero_strict_512,5022,0.885234375,0.8923373643939034,0.9496875,0.17921875,4,4,2,2,128,128,0,4096
unsw_zero,strict,512,bh_unsw_zero_strict_512,5023,0.89140625,0.8971701720889125,0.9453125,0.1625,2,2,0,2,64,64,0,2048
unsw_zero,strict,512,bh_unsw_zero_strict_512,5024,0.885859375,0.8939859811997324,0.95984375,0.188125,4,4,1,3,128,128,0,4096
unsw_zero,strict,512,bh_unsw_zero_strict_512,5025,0.88765625,0.8957260811847919,0.9615625,0.18625,1,1,0,1,32,32,0,1024
unsw_zero,strict,512,bh_unsw_zero_strict_512,5026,0.89375,0.8999082586134476,0.95328125,0.16578125,4,4,2,2,128,128,0,4096
unsw_zero,strict,512,bh_unsw_zero_strict_512,5027,0.886953125,0.8944814395589645,0.95609375,0.1821875,3,3,0,3,96,96,0,3072
unsw_zero,strict,512,bh_unsw_zero_strict_512,5028,0.885546875,0.8928498471546394,0.94953125,0.1784375,5,5,1,4,160,160,0,5120
unsw_zero,strict,512,bh_unsw_zero_strict_512,5029,0.894296875,0.9010040751016356,0.95890625,0.1703125,3,3,0,3,96,96,0,3072
unsw_zero,strict,512,bh_unsw_zero_strict_512,5030,0.88609375,0.8935211709963217,0.95328125,0.18109375,5,5,2,3,160,160,0,5120
unsw_zero,atc,512,bh_unsw_zero_atc_512,5001,0.891875,0.8970552662595148,0.94015625,0.15640625,4,4,2,2,0,0,0,4096
unsw_zero,atc,512,bh_unsw_zero_atc_512,5002,0.88953125,0.8966868290298122,0.95625,0.1771875,3,3,2,1,0,0,0,3072
unsw_zero,atc,512,bh_unsw_zero_atc_512,5003,0.884921875,0.8927042811629481,0.9553125,0.18546875,2,2,0,2,0,0,0,2048
unsw_zero,atc,512,bh_unsw_zero_atc_512,5004,0.888046875,0.8963224749773285,0.96359375,0.1875,2,2,0,2,0,0,0,2048
unsw_zero,atc,512,bh_unsw_zero_atc_512,5005,0.88203125,0.8909596828277064,0.96015625,0.19609375,5,5,4,1,0,0,0,5120
unsw_zero,atc,512,bh_unsw_zero_atc_512,5006,0.8909375,0.8976244105748111,0.95421875,0.17234375,4,4,2,2,0,0,0,4096
unsw_zero,atc,512,bh_unsw_zero_atc_512,5007,0.89,0.8975269218649001,0.958125,0.178125,1,1,1,0,0,0,0,1024
unsw_zero,atc,512,bh_unsw_zero_atc_512,5008,0.88765625,0.895368645368265,0.9590625,0.18375,3,3,0,3,0,0,0,3072
unsw_zero,atc,512,bh_unsw_zero_atc_512,5009,0.8825,0.8925513143698902,0.9721875,0.2071875,3,3,1,2,0,0,0,3072
unsw_zero,atc,512,bh_unsw_zero_atc_512,5010,0.89046875,0.8977151328275345,0.95859375,0.17765625,5,5,3,2,0,0,0,5120
unsw_zero,atc,512,bh_unsw_zero_atc_512,5011,0.88046875,0.8912771138884931,0.97546875,0.21453125,3,3,3,0,0,0,0,3072
unsw_zero,atc,512,bh_unsw_zero_atc_512,5012,0.887265625,0.8962273104725665,0.9696875,0.19515625,4,4,1,3,0,0,0,4096
unsw_zero,atc,512,bh_unsw_zero_atc_512,5013,0.901015625,0.9071628620900282,0.9640625,0.16203125,3,3,1,2,0,0,0,3072
unsw_zero,atc,512,bh_unsw_zero_atc_512,5014,0.887265625,0.8950546382045315,0.95875,0.18421875,4,4,2,2,0,0,0,4096
unsw_zero,atc,512,bh_unsw_zero_atc_512,5015,0.88296875,0.89332563174202,0.97359375,0.20765625,3,3,3,0,0,0,0,3072
unsw_zero,atc,512,bh_unsw_zero_atc_512,5016,0.889609375,0.897424484667954,0.9634375,0.18421875,4,4,1,3,0,0,0,4096
unsw_zero,atc,512,bh_unsw_zero_atc_512,5017,0.890234375,0.8978305236878427,0.961875,0.18140625,3,3,1,2,0,0,0,3072
unsw_zero,atc,512,bh_unsw_zero_atc_512,5018,0.890546875,0.8961658704637139,0.9421875,0.16109375,2,2,2,0,0,0,0,2048
unsw_zero,atc,512,bh_unsw_zero_atc_512,5019,0.884765625,0.8924961534671332,0.95296875,0.1834375,3,3,0,3,0,0,0,3072
unsw_zero,atc,512,bh_unsw_zero_atc_512,5020,0.880234375,0.8915349811637511,0.98046875,0.22,3,3,1,2,0,0,0,3072
unsw_zero,atc,512,bh_unsw_zero_atc_512,5021,0.889375,0.8969659463412958,0.9590625,0.1803125,1,1,0,1,0,0,0,1024
unsw_zero,atc,512,bh_unsw_zero_atc_512,5022,0.890546875,0.895813322656573,0.93921875,0.158125,4,4,0,4,0,0,0,4096
unsw_zero,atc,512,bh_unsw_zero_atc_512,5023,0.87578125,0.8852117068561479,0.95578125,0.20421875,2,2,1,1,0,0,0,2048
unsw_zero,atc,512,bh_unsw_zero_atc_512,5024,0.88375,0.8926744860295541,0.96359375,0.19609375,4,4,3,1,0,0,0,4096
unsw_zero,atc,512,bh_unsw_zero_atc_512,5025,0.88796875,0.8960911573508548,0.9621875,0.18625,1,1,1,0,0,0,0,1024
unsw_zero,atc,512,bh_unsw_zero_atc_512,5026,0.88921875,0.8967387485320415,0.9590625,0.180625,4,4,2,2,0,0,0,4096
unsw_zero,atc,512,bh_unsw_zero_atc_512,5027,0.886953125,0.8944814395589645,0.95609375,0.1821875,3,3,0,3,0,0,0,3072
unsw_zero,atc,512,bh_unsw_zero_atc_512,5028,0.8796875,0.8897721735554863,0.9671875,0.2078125,5,5,2,3,0,0,0,5120
unsw_zero,atc,512,bh_unsw_zero_atc_512,5029,0.88734375,0.8942840265670692,0.94953125,0.17484375,3,3,2,1,0,0,0,3072
unsw_zero,atc,512,bh_unsw_zero_atc_512,5030,0.88546875,0.8929296128873311,0.95265625,0.18171875,5,5,3,2,0,0,0,5120
unsw_zero,doc,512,bh_unsw_zero_doc_512,5001,0.895234375,0.8976804652718787,0.91828125,0.1278125,4,4,0,4,0,0,0,4096
unsw_zero,doc,512,bh_unsw_zero_doc_512,5002,0.88953125,0.8966868290298122,0.95625,0.1771875,3,3,2,1,0,0,0,3072
unsw_zero,doc,512,bh_unsw_zero_doc_512,5003,0.88125,0.8894849829013025,0.95359375,0.19109375,2,2,1,1,0,0,0,2048
unsw_zero,doc,512,bh_unsw_zero_doc_512,5004,0.885859375,0.8947308747520383,0.96546875,0.19375,2,2,1,1,0,0,0,2048
unsw_zero,doc,512,bh_unsw_zero_doc_512,5005,0.890546875,0.8922926925734849,0.90609375,0.125,5,5,1,4,0,0,0,5120
unsw_zero,doc,512,bh_unsw_zero_doc_512,5006,0.8909375,0.8976244105748111,0.95421875,0.17234375,4,4,2,2,0,0,0,4096
unsw_zero,doc,512,bh_unsw_zero_doc_512,5007,0.891484375,0.8970803122703244,0.94203125,0.1590625,1,1,0,1,0,0,0,1024
unsw_zero,doc,512,bh_unsw_zero_doc_512,5008,0.878046875,0.8888936346957305,0.97234375,0.21625,3,3,1,2,0,0,0,3072
unsw_zero,doc,512,bh_unsw_zero_doc_512,5009,0.8825,0.8925513143698902,0.9721875,0.2071875,3,3,1,2,0,0,0,3072
unsw_zero,doc,512,bh_unsw_zero_doc_512,5010,0.895859375,0.9022022607685366,0.95859375,0.166875,5,5,0,5,0,0,0,5120
unsw_zero,doc,512,bh_unsw_zero_doc_512,5011,0.885703125,0.8943430634456239,0.96421875,0.1928125,3,3,0,3,0,0,0,3072
unsw_zero,doc,512,bh_unsw_zero_doc_512,5012,0.89109375,0.8990030021423228,0.96609375,0.18390625,4,4,0,4,0,0,0,4096
unsw_zero,doc,512,bh_unsw_zero_doc_512,5013,0.9009375,0.9070504387111535,0.9634375,0.1615625,3,3,0,3,0,0,0,3072
unsw_zero,doc,512,bh_unsw_zero_doc_512,5014,0.8871875,0.8946723786795713,0.9559375,0.1815625,4,4,1,3,0,0,0,4096
unsw_zero,doc,512,bh_unsw_zero_doc_512,5015,0.879765625,0.8915835762328312,0.9815625,0.22203125,3,3,1,2,0,0,0,3072
unsw_zero,doc,512,bh_unsw_zero_doc_512,5016,0.891171875,0.8984753197774674,0.9609375,0.17859375,4,4,0,4,0,0,0,4096
unsw_zero,doc,512,bh_unsw_zero_doc_512,5017,0.891796875,0.8986629153699913,0.95671875,0.173125,3,3,0,3,0,0,0,3072
unsw_zero,doc,512,bh_unsw_zero_doc_512,5018,0.890546875,0.8961658704637139,0.9421875,0.16109375,2,2,2,0,0,0,0,2048
unsw_zero,doc,512,bh_unsw_zero_doc_512,5019,0.884765625,0.8924961534671332,0.95296875,0.1834375,3,3,0,3,0,0,0,3072
unsw_zero,doc,512,bh_unsw_zero_doc_512,5020,0.880234375,0.8915349811637511,0.98046875,0.22,3,3,1,2,0,0,0,3072
unsw_zero,doc,512,bh_unsw_zero_doc_512,5021,0.889375,0.8969659463412958,0.9590625,0.1803125,1,1,0,1,0,0,0,1024
unsw_zero,doc,512,bh_unsw_zero_doc_512,5022,0.890546875,0.895813322656573,0.93921875,0.158125,4,4,0,4,0,0,0,4096
unsw_zero,doc,512,bh_unsw_zero_doc_512,5023,0.89140625,0.8971701720889125,0.9453125,0.1625,2,2,0,2,0,0,0,2048
unsw_zero,doc,512,bh_unsw_zero_doc_512,5024,0.88625,0.8942036116818916,0.95890625,0.18640625,4,4,0,4,0,0,0,4096
unsw_zero,doc,512,bh_unsw_zero_doc_512,5025,0.88796875,0.8960911573508548,0.9621875,0.18625,1,1,1,0,0,0,0,1024
unsw_zero,doc,512,bh_unsw_zero_doc_512,5026,0.895,0.9015000323529191,0.9584375,0.1684375,4,4,0,4,0,0,0,4096
unsw_zero,doc,512,bh_unsw_zero_doc_512,5027,0.88296875,0.8916792171687223,0.95984375,0.19390625,3,3,1,2,0,0,0,3072
unsw_zero,doc,512,bh_unsw_zero_doc_512,5028,0.889140625,0.8951064028537908,0.9428125,0.16453125,5,5,0,5,0,0,0,5120
unsw_zero,doc,512,bh_unsw_zero_doc_512,5029,0.892734375,0.8996836445335049,0.95890625,0.1734375,3,3,1,2,0,0,0,3072
unsw_zero,doc,512,bh_unsw_zero_doc_512,5030,0.884453125,0.8930736885781113,0.96109375,0.1921875,5,5,2,3,0,0,0,5120
unsw_zero,enscal,512,bh_unsw_zero_enscal_512,5001,0.8903125,0.8946122394808695,0.92921875,0.14859375,4,4,4,0,0,0,0,4096
unsw_zero,enscal,512,bh_unsw_zero_enscal_512,5002,0.887890625,0.8934066853927536,0.938125,0.16234375,3,3,3,0,0,0,0,3072
unsw_zero,enscal,512,bh_unsw_zero_enscal_512,5003,0.881171875,0.8874135069909573,0.935625,0.17328125,2,2,2,0,0,0,0,2048
unsw_zero,enscal,512,bh_unsw_zero_enscal_512,5004,0.88609375,0.8930760433056968,0.94921875,0.17703125,2,2,2,0,0,0,0,2048
unsw_zero,enscal,512,bh_unsw_zero_enscal_512,5005,0.886015625,0.8922625715524952,0.941875,0.16984375,5,5,5,0,0,0,0,5120
unsw_zero,enscal,512,bh_unsw_zero_enscal_512,5006,0.8884375,0.893812225141767,0.9375,0.160625,4,4,4,0,0,0,0,4096
unsw_zero,enscal,512,bh_unsw_zero_enscal_512,5007,0.889765625,0.8951267994069005,0.9375,0.15796875,1,1,1,0,0,0,0,1024
unsw_zero,enscal,512,bh_unsw_zero_enscal_512,5008,0.881875,0.8895886044579032,0.9496875,0.1859375,3,3,3,0,0,0,0,3072
unsw_zero,enscal,512,bh_unsw_zero_enscal_512,5009,0.88375,0.8921749978700286,0.95953125,0.19203125,3,3,3,0,0,0,0,3072
unsw_zero,enscal,512,bh_unsw_zero_enscal_512,5010,0.89140625,0.8966420907799297,0.940625,0.1578125,5,5,5,0,0,0,0,5120
unsw_zero,enscal,512,bh_unsw_zero_enscal_512,5011,0.88234375,0.8899716068271207,0.949375,0.1846875,3,3,3,0,0,0,0,3072
unsw_zero,enscal,512,bh_unsw_zero_enscal_512,5012,0.88765625,0.8947777170761273,0.9525,0.1771875,4,4,4,0,0,0,0,4096
unsw_zero,enscal,512,bh_unsw_zero_enscal_512,5013,0.89640625,0.9012493829638519,0.9434375,0.150625,3,3,3,0,0,0,0,3072
unsw_zero,enscal,512,bh_unsw_zero_enscal_512,5014,0.885703125,0.8916958035518313,0.93984375,0.1684375,4,4,4,0,0,0,0,4096
unsw_zero,enscal,512,bh_unsw_zero_enscal_512,5015,0.886328125,0.893506740302685,0.949375,0.17671875,3,3,3,0,0,0,0,3072
unsw_zero,enscal,512,bh_unsw_zero_enscal_512,5016,0.885546875,0.8917125976502845,0.94140625,0.1703125,4,4,4,0,0,0,0,4096
unsw_zero,enscal,512,bh_unsw_zero_enscal_512,5017,0.885390625,0.8928515385070948,0.95203125,0.18125,3,3,3,0,0,0,0,3072
unsw_zero,enscal,512,bh_unsw_zero_enscal_512,5018,0.890078125,0.8957917849906204,0.9421875,0.16203125,2,2,2,0,0,0,0,2048
unsw_zero,enscal,512,bh_unsw_zero_enscal_512,5019,0.880625,0.8877165261796072,0.94109375,0.17984375,3,3,3,0,0,0,0,3072
unsw_zero,enscal,512,bh_unsw_zero_enscal_512,5020,0.882109375,0.8915001931008772,0.96578125,0.2015625,3,3,3,0,0,0,0,3072
unsw_zero,enscal,512,bh_unsw_zero_enscal_512,5021,0.8875,0.8931583555528603,0.93796875,0.16296875,1,1,1,0,0,0,0,1024
unsw_zero,enscal,512,bh_unsw_zero_enscal_512,5022,0.885859375,0.8910046525768256,0.93203125,0.1603125,4,4,4,0,0,0,0,4096
unsw_zero,enscal,512,bh_unsw_zero_enscal_512,5023,0.88609375,0.8925606325980237,0.944375,0.1721875,2,2,2,0,0,0,0,2048
unsw_zero,enscal,512,bh_unsw_zero_enscal_512,5024,0.881953125,0.8899348436038684,0.9521875,0.18828125,4,4,4,0,0,0,0,4096
unsw_zero,enscal,512,bh_unsw_zero_enscal_512,5025,0.888359375,0.8951967583013313,0.95046875,0.17375,1,1,1,0,0,0,0,1024
unsw_zero,enscal,512,bh_unsw_zero_enscal_512,5026,0.893671875,0.8987915518962004,0.9428125,0.15546875,4,4,4,0,0,0,0,4096
unsw_zero,enscal,512,bh_unsw_zero_enscal_512,5027,0.88640625,0.8933384495625503,0.94921875,0.17640625,3,3,3,0,0,0,0,3072
unsw_zero,enscal,512,bh_unsw_zero_enscal_512,5028,0.880234375,0.8880075971961594,0.94640625,0.1859375,5,5,5,0,0,0,0,5120
unsw_zero,enscal,512,bh_unsw_zero_enscal_512,5029,0.890546875,0.8953772880371134,0.9353125,0.15421875,3,3,3,0,0,0,0,3072
unsw_zero,enscal,512,bh_unsw_zero_enscal_512,5030,0.88515625,0.8906582088404613,0.93375,0.1634375,5,5,5,0,0,0,0,5120
ton_zero,never,n/a,bh_ton_zero_never,5001,0.921015625,0.9218577143396335,,,0,0,0,0,0,0,0,0
ton_zero,never,n/a,bh_ton_zero_never,5002,0.924375,0.925010423722906,,,0,0,0,0,0,0,0,0
ton_zero,never,n/a,bh_ton_zero_never,5003,0.92640625,0.9272385482982421,,,0,0,0,0,0,0,0,0
ton_zero,never,n/a,bh_ton_zero_never,5004,0.9303125,0.9310468974117542,,,0,0,0,0,0,0,0,0
ton_zero,never,n/a,bh_ton_zero_never,5005,0.923359375,0.9242188494840555,,,0,0,0,0,0,0,0,0
ton_zero,never,n/a,bh_ton_zero_never,5006,0.925859375,0.9266030419314736,,,0,0,0,0,0,0,0,0
ton_zero,never,n/a,bh_ton_zero_never,5007,0.915,0.9160949670783869,,,0,0,0,0,0,0,0,0
ton_zero,never,n/a,bh_ton_zero_never,5008,0.91890625,0.9200189632582092,,,0,0,0,0,0,0,0,0
ton_zero,never,n/a,bh_ton_zero_never,5009,0.927890625,0.9282517556555437,,,0,0,0,0,0,0,0,0
ton_zero,never,n/a,bh_ton_zero_never,5010,0.91796875,0.9191480436539996,,,0,0,0,0,0,0,0,0
ton_zero,never,n/a,bh_ton_zero_never,5011,0.929296875,0.9302200596176158,,,0,0,0,0,0,0,0,0
ton_zero,never,n/a,bh_ton_zero_never,5012,0.92734375,0.9285546765436428,,,0,0,0,0,0,0,0,0
ton_zero,never,n/a,bh_ton_zero_never,5013,0.924609375,0.9256415761812993,,,0,0,0,0,0,0,0,0
ton_zero,never,n/a,bh_ton_zero_never,5014,0.92703125,0.927878564546812,,,0,0,0,0,0,0,0,0
ton_zero,never,n/a,bh_ton_zero_never,5015,0.926015625,0.9268950626083844,,,0,0,0,0,0,0,0,0
ton_zero,never,n/a,bh_ton_zero_never,5016,0.924765625,0.9258082399802723,,,0,0,0,0,0,0,0,0
ton_zero,never,n/a,bh_ton_zero_never,5017,0.921796875,0.9226548693210649,,,0,0,0,0,0,0,0,0
ton_zero,never,n/a,bh_ton_zero_never,5018,0.9275,0.9281824727286327,,,0,0,0,0,0,0,0,0
ton_zero,never,n/a,bh_ton_zero_never,5019,0.925,0.9259955040197773,,,0,0,0,0,0,0,0,0
ton_zero,never,n/a,bh_ton_zero_never,5020,0.925859375,0.9270445401440369,,,0,0,0,0,0,0,0,0
ton_zero,never,n/a,bh_ton_zero_never,5021,0.925,0.9261017546483873,,,0,0,0,0,0,0,0,0
ton_zero,never,n/a,bh_ton_zero_never,5022,0.926484375,0.9275801888054162,,,0,0,0,0,0,0,0,0
ton_zero,never,n/a,bh_ton_zero_never,5023,0.9271875,0.9278890031943904,,,0,0,0,0,0,0,0,0
ton_zero,never,n/a,bh_ton_zero_never,5024,0.927265625,0.9280269930039985,,,0,0,0,0,0,0,0,0
ton_zero,never,n/a,bh_ton_zero_never,5025,0.92453125,0.9255687235571847,,,0,0,0,0,0,0,0,0
ton_zero,never,n/a,bh_ton_zero_never,5026,0.92296875,0.9238121064057946,,,0,0,0,0,0,0,0,0
ton_zero,never,n/a,bh_ton_zero_never,5027,0.926796875,0.9277624820724104,,,0,0,0,0,0,0,0,0
ton_zero,never,n/a,bh_ton_zero_never,5028,0.92484375,0.9256211860462809,,,0,0,0,0,0,0,0,0
ton_zero,never,n/a,bh_ton_zero_never,5029,0.925546875,0.9265490278313984,,,0,0,0,0,0,0,0,0
ton_zero,never,n/a,bh_ton_zero_never,5030,0.9275,0.9282080749969623,,,0,0,0,0,0,0,0,0
ton_zero,naive,2000,bh_ton_zero_naive_2000,5001,0.9228125,0.9237050804461839,0.93375,0.088125,4,4,4,0,0,0,0,16000
ton_zero,naive,2000,bh_ton_zero_naive_2000,5002,0.923671875,0.9242496767064068,0.93109375,0.08375,3,3,3,0,0,0,0,12000
ton_zero,naive,2000,bh_ton_zero_naive_2000,5003,0.926640625,0.92746434655351,0.93765625,0.084375,2,2,2,0,0,0,0,8000
ton_zero,naive,2000,bh_ton_zero_naive_2000,5004,0.93046875,0.9311982144405466,0.94125,0.0803125,2,2,2,0,0,0,0,8000
ton_zero,naive,2000,bh_ton_zero_naive_2000,5005,0.922109375,0.9229548593016762,0.9325,0.08828125,5,5,5,0,0,0,0,20000
ton_zero,naive,2000,bh_ton_zero_naive_2000,5006,0.9265625,0.9273202353254077,0.93703125,0.08390625,4,4,4,0,0,0,0,16000
ton_zero,naive,2000,bh_ton_zero_naive_2000,5007,0.91859375,0.9195231304213504,0.929375,0.0921875,1,1,1,0,0,0,0,4000
ton_zero,naive,2000,bh_ton_zero_naive_2000,5008,0.917890625,0.9188104368984896,0.92921875,0.0934375,3,3,3,0,0,0,0,12000
ton_zero,naive,2000,bh_ton_zero_naive_2000,5009,0.9271875,0.9276350199960838,0.93375,0.079375,3,3,3,0,0,0,0,12000
ton_zero,naive,2000,bh_ton_zero_naive_2000,5010,0.917734375,0.9188947138037927,0.93125,0.09578125,5,5,5,0,0,0,0,20000
ton_zero,naive,2000,bh_ton_zero_naive_2000,5011,0.928515625,0.9293183672410553,0.9384375,0.08140625,3,3,3,0,0,0,0,12000
ton_zero,naive,2000,bh_ton_zero_naive_2000,5012,0.9271875,0.9284553609606122,0.943125,0.08875,4,4,4,0,0,0,0,16000
ton_zero,naive,2000,bh_ton_zero_naive_2000,5013,0.9240625,0.9250676331277916,0.93625,0.088125,3,3,3,0,0,0,0,12000
ton_zero,naive,2000,bh_ton_zero_naive_2000,5014,0.928671875,0.9296274688319147,0.94140625,0.0840625,4,4,4,0,0,0,0,16000
ton_zero,naive,2000,bh_ton_zero_naive_2000,5015,0.924921875,0.9257416123579112,0.93609375,0.08625,3,3,3,0,0,0,0,12000
ton_zero,naive,2000,bh_ton_zero_naive_2000,5016,0.924375,0.9253854410614147,0.93640625,0.08765625,4,4,4,0,0,0,0,16000
ton_zero,naive,2000,bh_ton_zero_naive_2000,5017,0.9215625,0.9222177117144312,0.93015625,0.08703125,3,3,3,0,0,0,0,12000
ton_zero,naive,2000,bh_ton_zero_naive_2000,5018,0.92734375,0.9280239370290718,0.9359375,0.08125,2,2,2,0,0,0,0,8000
ton_zero,naive,2000,bh_ton_zero_naive_2000,5019,0.92328125,0.9242806592001241,0.93546875,0.08890625,3,3,3,0,0,0,0,12000
ton_zero,naive,2000,bh_ton_zero_naive_2000,5020,0.926171875,0.927330973250597,0.9415625,0.08921875,3,3,3,0,0,0,0,12000
ton_zero,naive,2000,bh_ton_zero_naive_2000,5021,0.924609375,0.9257176553164453,0.93875,0.08953125,1,1,1,0,0,0,0,4000
ton_zero,naive,2000,bh_ton_zero_naive_2000,5022,0.9265625,0.9276446094201873,0.9403125,0.0871875,4,4,4,0,0,0,0,16000
ton_zero,naive,2000,bh_ton_zero_naive_2000,5023,0.925703125,0.9265533713422749,0.93625,0.08484375,2,2,2,0,0,0,0,8000
ton_zero,naive,2000,bh_ton_zero_naive_2000,5024,0.933203125,0.9341877133853331,0.9484375,0.08203125,4,4,4,0,0,0,0,16000
ton_zero,naive,2000,bh_ton_zero_naive_2000,5025,0.925625,0.9265817482391805,0.9375,0.08625,1,1,1,0,0,0,0,4000
ton_zero,naive,2000,bh_ton_zero_naive_2000,5026,0.925546875,0.9266547964381266,0.9403125,0.08921875,4,4,4,0,0,0,0,16000
ton_zero,naive,2000,bh_ton_zero_naive_2000,5027,0.925703125,0.9266785033868712,0.938125,0.08671875,3,3,3,0,0,0,0,12000
ton_zero,naive,2000,bh_ton_zero_naive_2000,5028,0.9253125,0.9263287395820738,0.939375,0.08875,5,5,5,0,0,0,0,20000
ton_zero,naive,2000,bh_ton_zero_naive_2000,5029,0.9265625,0.9275942279964766,0.94046875,0.08734375,3,3,3,0,0,0,0,12000
ton_zero,naive,2000,bh_ton_zero_naive_2000,5030,0.925859375,0.926415575808354,0.93234375,0.080625,5,5,5,0,0,0,0,20000
ton_zero,point,2000,bh_ton_zero_point_2000,5001,0.9228125,0.9237050804461839,0.93375,0.088125,4,4,4,0,128,128,0,16000
ton_zero,point,2000,bh_ton_zero_point_2000,5002,0.923671875,0.9242496767064068,0.93109375,0.08375,3,3,3,0,96,96,0,12000
ton_zero,point,2000,bh_ton_zero_point_2000,5003,0.926640625,0.92746434655351,0.93765625,0.084375,2,2,2,0,64,64,0,8000
ton_zero,point,2000,bh_ton_zero_point_2000,5004,0.93046875,0.9311982144405466,0.94125,0.0803125,2,2,2,0,64,64,0,8000
ton_zero,point,2000,bh_ton_zero_point_2000,5005,0.9221875,0.923039046540442,0.93265625,0.08828125,5,5,4,1,160,160,0,20000
ton_zero,point,2000,bh_ton_zero_point_2000,5006,0.9265625,0.9273202353254077,0.93703125,0.08390625,4,4,4,0,128,128,0,16000
ton_zero,point,2000,bh_ton_zero_point_2000,5007,0.91859375,0.9195231304213504,0.929375,0.0921875,1,1,1,0,32,32,0,4000
ton_zero,point,2000,bh_ton_zero_point_2000,5008,0.919453125,0.9205537203999146,0.933125,0.09421875,3,3,2,1,96,96,0,12000
ton_zero,point,2000,bh_ton_zero_point_2000,5009,0.9271875,0.9276350199960838,0.93375,0.079375,3,3,3,0,96,96,0,12000
ton_zero,point,2000,bh_ton_zero_point_2000,5010,0.917734375,0.9188947138037927,0.93125,0.09578125,5,5,5,0,160,160,0,20000
ton_zero,point,2000,bh_ton_zero_point_2000,5011,0.928671875,0.9295056558737896,0.93890625,0.0815625,3,3,2,1,96,96,0,12000
ton_zero,point,2000,bh_ton_zero_point_2000,5012,0.9271875,0.9284553609606122,0.943125,0.08875,4,4,4,0,128,128,0,16000
ton_zero,point,2000,bh_ton_zero_point_2000,5013,0.9240625,0.9250676331277916,0.93625,0.088125,3,3,3,0,96,96,0,12000
ton_zero,point,2000,bh_ton_zero_point_2000,5014,0.928671875,0.9296274688319147,0.94140625,0.0840625,4,4,4,0,128,128,0,16000
ton_zero,point,2000,bh_ton_zero_point_2000,5015,0.924921875,0.9257416123579112,0.93609375,0.08625,3,3,3,0,96,96,0,12000
ton_zero,point,2000,bh_ton_zero_point_2000,5016,0.924375,0.9253854410614147,0.93640625,0.08765625,4,4,4,0,128,128,0,16000
ton_zero,point,2000,bh_ton_zero_point_2000,5017,0.9215625,0.9222177117144312,0.93015625,0.08703125,3,3,3,0,96,96,0,12000
ton_zero,point,2000,bh_ton_zero_point_2000,5018,0.92734375,0.9280239370290718,0.9359375,0.08125,2,2,2,0,64,64,0,8000
ton_zero,point,2000,bh_ton_zero_point_2000,5019,0.92328125,0.9242806592001241,0.93546875,0.08890625,3,3,3,0,96,96,0,12000
ton_zero,point,2000,bh_ton_zero_point_2000,5020,0.926171875,0.927330973250597,0.9415625,0.08921875,3,3,3,0,96,96,0,12000
ton_zero,point,2000,bh_ton_zero_point_2000,5021,0.924609375,0.9257176553164453,0.93875,0.08953125,1,1,1,0,32,32,0,4000
ton_zero,point,2000,bh_ton_zero_point_2000,5022,0.926484375,0.9275696003890616,0.9403125,0.08734375,4,4,3,1,128,128,0,16000
ton_zero,point,2000,bh_ton_zero_point_2000,5023,0.926015625,0.9268322658689897,0.93625,0.08421875,2,2,1,1,64,64,0,8000
ton_zero,point,2000,bh_ton_zero_point_2000,5024,0.933203125,0.9341877133853331,0.9484375,0.08203125,4,4,4,0,128,128,0,16000
ton_zero,point,2000,bh_ton_zero_point_2000,5025,0.925625,0.9265817482391805,0.9375,0.08625,1,1,1,0,32,32,0,4000
ton_zero,point,2000,bh_ton_zero_point_2000,5026,0.925546875,0.9266547964381266,0.9403125,0.08921875,4,4,4,0,128,128,0,16000
ton_zero,point,2000,bh_ton_zero_point_2000,5027,0.925703125,0.9266785033868712,0.938125,0.08671875,3,3,3,0,96,96,0,12000
ton_zero,point,2000,bh_ton_zero_point_2000,5028,0.925546875,0.9265381874619117,0.93921875,0.088125,5,5,4,1,160,160,0,20000
ton_zero,point,2000,bh_ton_zero_point_2000,5029,0.9265625,0.9275942279964766,0.94046875,0.08734375,3,3,3,0,96,96,0,12000
ton_zero,point,2000,bh_ton_zero_point_2000,5030,0.925859375,0.926415575808354,0.93234375,0.080625,5,5,5,0,160,160,0,20000
ton_zero,strict,2000,bh_ton_zero_strict_2000,5001,0.921015625,0.9218577143396335,0.93125,0.08921875,4,4,0,4,128,128,0,16000
ton_zero,strict,2000,bh_ton_zero_strict_2000,5002,0.924375,0.925010423722906,0.9325,0.08375,3,3,0,3,96,96,0,12000
ton_zero,strict,2000,bh_ton_zero_strict_2000,5003,0.92640625,0.9272385482982421,0.9375,0.0846875,2,2,0,2,64,64,0,8000
ton_zero,strict,2000,bh_ton_zero_strict_2000,5004,0.9303125,0.9310468974117542,0.94109375,0.08046875,2,2,0,2,64,64,0,8000
ton_zero,strict,2000,bh_ton_zero_strict_2000,5005,0.923359375,0.9242188494840555,0.93421875,0.0875,5,5,0,5,160,160,0,20000
ton_zero,strict,2000,bh_ton_zero_strict_2000,5006,0.925859375,0.9266030419314736,0.93625,0.08453125,4,4,0,4,128,128,0,16000
ton_zero,strict,2000,bh_ton_zero_strict_2000,5007,0.915,0.9160949670783869,0.926875,0.096875,1,1,0,1,32,32,0,4000
ton_zero,strict,2000,bh_ton_zero_strict_2000,5008,0.91890625,0.9200189632582092,0.93265625,0.09484375,3,3,0,3,96,96,0,12000
ton_zero,strict,2000,bh_ton_zero_strict_2000,5009,0.927265625,0.9277147648126707,0.93390625,0.079375,3,3,1,2,96,96,0,12000
ton_zero,strict,2000,bh_ton_zero_strict_2000,5010,0.91796875,0.9191480436539996,0.931875,0.0959375,5,5,0,5,160,160,0,20000
ton_zero,strict,2000,bh_ton_zero_strict_2000,5011,0.929296875,0.9302200596176158,0.9409375,0.08234375,3,3,0,3,96,96,0,12000
ton_zero,strict,2000,bh_ton_zero_strict_2000,5012,0.92734375,0.9285546765436428,0.94234375,0.08765625,4,4,0,4,128,128,0,16000
ton_zero,strict,2000,bh_ton_zero_strict_2000,5013,0.924609375,0.9256415761812993,0.9371875,0.08796875,3,3,0,3,96,96,0,12000
ton_zero,strict,2000,bh_ton_zero_strict_2000,5014,0.92703125,0.927878564546812,0.93796875,0.08390625,4,4,0,4,128,128,0,16000
ton_zero,strict,2000,bh_ton_zero_strict_2000,5015,0.926015625,0.9268950626083844,0.93796875,0.0859375,3,3,0,3,96,96,0,12000
ton_zero,strict,2000,bh_ton_zero_strict_2000,5016,0.924765625,0.9258082399802723,0.93734375,0.0878125,4,4,0,4,128,128,0,16000
ton_zero,strict,2000,bh_ton_zero_strict_2000,5017,0.921796875,0.9226548693210649,0.933125,0.08953125,3,3,0,3,96,96,0,12000
ton_zero,strict,2000,bh_ton_zero_strict_2000,5018,0.9275,0.9281824727286327,0.93609375,0.08109375,2,2,0,2,64,64,0,8000
ton_zero,strict,2000,bh_ton_zero_strict_2000,5019,0.925,0.9259955040197773,0.9375,0.0875,3,3,0,3,96,96,0,12000
ton_zero,strict,2000,bh_ton_zero_strict_2000,5020,0.925859375,0.9270445401440369,0.94109375,0.089375,3,3,0,3,96,96,0,12000
ton_zero,strict,2000,bh_ton_zero_strict_2000,5021,0.925,0.9261017546483873,0.9390625,0.0890625,1,1,0,1,32,32,0,4000
ton_zero,strict,2000,bh_ton_zero_strict_2000,5022,0.926484375,0.9275801888054162,0.94046875,0.0875,4,4,0,4,128,128,0,16000
ton_zero,strict,2000,bh_ton_zero_strict_2000,5023,0.9271875,0.9278890031943904,0.93609375,0.08171875,2,2,0,2,64,64,0,8000
ton_zero,strict,2000,bh_ton_zero_strict_2000,5024,0.927265625,0.9280269930039985,0.9378125,0.08328125,4,4,0,4,128,128,0,16000
ton_zero,strict,2000,bh_ton_zero_strict_2000,5025,0.92453125,0.9255687235571847,0.9375,0.0884375,1,1,0,1,32,32,0,4000
ton_zero,strict,2000,bh_ton_zero_strict_2000,5026,0.92296875,0.9238121064057946,0.934375,0.0884375,4,4,0,4,128,128,0,16000
ton_zero,strict,2000,bh_ton_zero_strict_2000,5027,0.926796875,0.9277624820724104,0.93921875,0.085625,3,3,0,3,96,96,0,12000
ton_zero,strict,2000,bh_ton_zero_strict_2000,5028,0.92484375,0.9256211860462809,0.9359375,0.08625,5,5,0,5,160,160,0,20000
ton_zero,strict,2000,bh_ton_zero_strict_2000,5029,0.925546875,0.9265490278313984,0.93875,0.08765625,3,3,0,3,96,96,0,12000
ton_zero,strict,2000,bh_ton_zero_strict_2000,5030,0.925078125,0.9254857749774247,0.92984375,0.0796875,5,5,1,4,160,160,0,20000
ton_zero,atc,2000,bh_ton_zero_atc_2000,5001,0.92171875,0.922615983570069,0.9325,0.0890625,4,4,3,1,0,0,0,16000
ton_zero,atc,2000,bh_ton_zero_atc_2000,5002,0.9234375,0.9239607933414917,0.92984375,0.08296875,3,3,1,2,0,0,0,12000
ton_zero,atc,2000,bh_ton_zero_atc_2000,5003,0.926953125,0.9277649834322841,0.9378125,0.08390625,2,2,1,1,0,0,0,8000
ton_zero,atc,2000,bh_ton_zero_atc_2000,5004,0.93046875,0.9311982144405466,0.94125,0.0803125,2,2,2,0,0,0,0,8000
ton_zero,atc,2000,bh_ton_zero_atc_2000,5005,0.9221875,0.923039046540442,0.93265625,0.08828125,5,5,4,1,0,0,0,20000
ton_zero,atc,2000,bh_ton_zero_atc_2000,5006,0.9265625,0.9273202353254077,0.93703125,0.08390625,4,4,4,0,0,0,0,16000
ton_zero,atc,2000,bh_ton_zero_atc_2000,5007,0.915,0.9160949670783869,0.926875,0.096875,1,1,0,1,0,0,0,4000
ton_zero,atc,2000,bh_ton_zero_atc_2000,5008,0.919765625,0.9208007676819999,0.9325,0.09296875,3,3,1,2,0,0,0,12000
ton_zero,atc,2000,bh_ton_zero_atc_2000,5009,0.927265625,0.9277147648126707,0.93390625,0.079375,3,3,1,2,0,0,0,12000
ton_zero,atc,2000,bh_ton_zero_atc_2000,5010,0.917578125,0.9187862795887055,0.9315625,0.09640625,5,5,2,3,0,0,0,20000
ton_zero,atc,2000,bh_ton_zero_atc_2000,5011,0.928671875,0.9295101715187218,0.9390625,0.08171875,3,3,2,1,0,0,0,12000
ton_zero,atc,2000,bh_ton_zero_atc_2000,5012,0.92703125,0.9282192677219827,0.94171875,0.08765625,4,4,2,2,0,0,0,16000
ton_zero,atc,2000,bh_ton_zero_atc_2000,5013,0.9240625,0.9250676331277916,0.93625,0.088125,3,3,3,0,0,0,0,12000
ton_zero,atc,2000,bh_ton_zero_atc_2000,5014,0.9284375,0.9293655351805674,0.94078125,0.08390625,4,4,2,2,0,0,0,16000
ton_zero,atc,2000,bh_ton_zero_atc_2000,5015,0.925078125,0.9259023964186103,0.93640625,0.08625,3,3,2,1,0,0,0,12000
ton_zero,atc,2000,bh_ton_zero_atc_2000,5016,0.924765625,0.9258082399802723,0.93734375,0.0878125,4,4,0,4,0,0,0,16000
ton_zero,atc,2000,bh_ton_zero_atc_2000,5017,0.9215625,0.9221576975240091,0.92953125,0.08640625,3,3,2,1,0,0,0,12000
ton_zero,atc,2000,bh_ton_zero_atc_2000,5018,0.927578125,0.9282551471472373,0.93609375,0.0809375,2,2,1,1,0,0,0,8000
ton_zero,atc,2000,bh_ton_zero_atc_2000,5019,0.924296875,0.9253678565526231,0.9375,0.08890625,3,3,1,2,0,0,0,12000
ton_zero,atc,2000,bh_ton_zero_atc_2000,5020,0.92625,0.9274364411627566,0.941875,0.089375,3,3,2,1,0,0,0,12000
ton_zero,atc,2000,bh_ton_zero_atc_2000,5021,0.924609375,0.9257176553164453,0.93875,0.08953125,1,1,1,0,0,0,0,4000
ton_zero,atc,2000,bh_ton_zero_atc_2000,5022,0.92671875,0.9278158408419026,0.94078125,0.08734375,4,4,1,3,0,0,0,16000
ton_zero,atc,2000,bh_ton_zero_atc_2000,5023,0.926015625,0.9268322658689897,0.93625,0.08421875,2,2,1,1,0,0,0,8000
ton_zero,atc,2000,bh_ton_zero_atc_2000,5024,0.9340625,0.9351308778717119,0.950625,0.0825,4,4,3,1,0,0,0,16000
ton_zero,atc,2000,bh_ton_zero_atc_2000,5025,0.92453125,0.9255687235571847,0.9375,0.0884375,1,1,0,1,0,0,0,4000
ton_zero,atc,2000,bh_ton_zero_atc_2000,5026,0.923828125,0.924902169125971,0.93796875,0.0903125,4,4,2,2,0,0,0,16000
ton_zero,atc,2000,bh_ton_zero_atc_2000,5027,0.92625,0.9272085813449412,0.9384375,0.0859375,3,3,1,2,0,0,0,12000
ton_zero,atc,2000,bh_ton_zero_atc_2000,5028,0.92484375,0.9256211860462809,0.9359375,0.08625,5,5,0,5,0,0,0,20000
ton_zero,atc,2000,bh_ton_zero_atc_2000,5029,0.9259375,0.9269407235342361,0.93921875,0.08734375,3,3,1,2,0,0,0,12000
ton_zero,atc,2000,bh_ton_zero_atc_2000,5030,0.927578125,0.9282818938946,0.93625,0.08109375,5,5,1,4,0,0,0,20000
ton_zero,doc,2000,bh_ton_zero_doc_2000,5001,0.923125,0.9239999191300544,0.93390625,0.08765625,4,4,2,2,0,0,0,16000
ton_zero,doc,2000,bh_ton_zero_doc_2000,5002,0.9234375,0.9239480853757466,0.92984375,0.08296875,3,3,2,1,0,0,0,12000
ton_zero,doc,2000,bh_ton_zero_doc_2000,5003,0.926640625,0.92746434655351,0.93765625,0.084375,2,2,2,0,0,0,0,8000
ton_zero,doc,2000,bh_ton_zero_doc_2000,5004,0.93046875,0.9311982144405466,0.94125,0.0803125,2,2,2,0,0,0,0,8000
ton_zero,doc,2000,bh_ton_zero_doc_2000,5005,0.922109375,0.9229439580304208,0.93234375,0.088125,5,5,3,2,0,0,0,20000
ton_zero,doc,2000,bh_ton_zero_doc_2000,5006,0.9259375,0.926686617512869,0.93640625,0.08453125,4,4,1,3,0,0,0,16000
ton_zero,doc,2000,bh_ton_zero_doc_2000,5007,0.91859375,0.9195231304213504,0.929375,0.0921875,1,1,1,0,0,0,0,4000
ton_zero,doc,2000,bh_ton_zero_doc_2000,5008,0.919765625,0.9208007676819999,0.9325,0.09296875,3,3,1,2,0,0,0,12000
ton_zero,doc,2000,bh_ton_zero_doc_2000,5009,0.927890625,0.9282517556555437,0.93359375,0.0778125,3,3,0,3,0,0,0,12000
ton_zero,doc,2000,bh_ton_zero_doc_2000,5010,0.918203125,0.9193514351683195,0.93171875,0.0953125,5,5,1,4,0,0,0,20000
ton_zero,doc,2000,bh_ton_zero_doc_2000,5011,0.928828125,0.9296974601514559,0.93953125,0.081875,3,3,1,2,0,0,0,12000
ton_zero,doc,2000,bh_ton_zero_doc_2000,5012,0.926796875,0.9279674370855969,0.94109375,0.0875,4,4,2,2,0,0,0,16000
ton_zero,doc,2000,bh_ton_zero_doc_2000,5013,0.924140625,0.9251507955793751,0.93640625,0.088125,3,3,2,1,0,0,0,12000
ton_zero,doc,2000,bh_ton_zero_doc_2000,5014,0.9284375,0.9293655351805674,0.94078125,0.08390625,4,4,2,2,0,0,0,16000
ton_zero,doc,2000,bh_ton_zero_doc_2000,5015,0.925078125,0.9259023964186103,0.93640625,0.08625,3,3,2,1,0,0,0,12000
ton_zero,doc,2000,bh_ton_zero_doc_2000,5016,0.925078125,0.9261386852562187,0.93796875,0.0878125,4,4,1,3,0,0,0,16000
ton_zero,doc,2000,bh_ton_zero_doc_2000,5017,0.921796875,0.9226548693210649,0.933125,0.08953125,3,3,0,3,0,0,0,12000
ton_zero,doc,2000,bh_ton_zero_doc_2000,5018,0.9275,0.9281824727286327,0.93609375,0.08109375,2,2,0,2,0,0,0,8000
ton_zero,doc,2000,bh_ton_zero_doc_2000,5019,0.924296875,0.9253678565526231,0.9375,0.08890625,3,3,1,2,0,0,0,12000
ton_zero,doc,2000,bh_ton_zero_doc_2000,5020,0.926015625,0.9272089997536849,0.94140625,0.089375,3,3,1,2,0,0,0,12000
ton_zero,doc,2000,bh_ton_zero_doc_2000,5021,0.924609375,0.9257176553164453,0.93875,0.08953125,1,1,1,0,0,0,0,4000
ton_zero,doc,2000,bh_ton_zero_doc_2000,5022,0.92671875,0.9278158408419026,0.94078125,0.08734375,4,4,1,3,0,0,0,16000
ton_zero,doc,2000,bh_ton_zero_doc_2000,5023,0.9271875,0.9278890031943904,0.93609375,0.08171875,2,2,0,2,0,0,0,8000
ton_zero,doc,2000,bh_ton_zero_doc_2000,5024,0.935,0.9361889921455077,0.95359375,0.08359375,4,4,1,3,0,0,0,16000
ton_zero,doc,2000,bh_ton_zero_doc_2000,5025,0.925625,0.9265817482391805,0.9375,0.08625,1,1,1,0,0,0,0,4000
ton_zero,doc,2000,bh_ton_zero_doc_2000,5026,0.92578125,0.9268856068328336,0.94046875,0.08890625,4,4,2,2,0,0,0,16000
ton_zero,doc,2000,bh_ton_zero_doc_2000,5027,0.92484375,0.9256921099057874,0.935625,0.0859375,3,3,1,2,0,0,0,12000
ton_zero,doc,2000,bh_ton_zero_doc_2000,5028,0.92484375,0.9256211860462809,0.9359375,0.08625,5,5,0,5,0,0,0,20000
ton_zero,doc,2000,bh_ton_zero_doc_2000,5029,0.9259375,0.9269407235342361,0.93921875,0.08734375,3,3,1,2,0,0,0,12000
ton_zero,doc,2000,bh_ton_zero_doc_2000,5030,0.9275,0.9282080749969623,0.93625,0.08125,5,5,0,5,0,0,0,20000
ton_zero,enscal,2000,bh_ton_zero_enscal_2000,5001,0.9228125,0.9236971924284896,0.93359375,0.08796875,4,4,4,0,0,0,0,16000
ton_zero,enscal,2000,bh_ton_zero_enscal_2000,5002,0.9246875,0.9253269916514641,0.93296875,0.08359375,3,3,3,0,0,0,0,12000
ton_zero,enscal,2000,bh_ton_zero_enscal_2000,5003,0.9271875,0.9280029819523773,0.938125,0.08375,2,2,2,0,0,0,0,8000
ton_zero,enscal,2000,bh_ton_zero_enscal_2000,5004,0.930234375,0.9309819638692555,0.94125,0.08078125,2,2,2,0,0,0,0,8000
ton_zero,enscal,2000,bh_ton_zero_enscal_2000,5005,0.9225,0.9234423528560036,0.9340625,0.0890625,5,5,5,0,0,0,0,20000
ton_zero,enscal,2000,bh_ton_zero_enscal_2000,5006,0.9265625,0.9273369424590365,0.9371875,0.0840625,4,4,4,0,0,0,0,16000
ton_zero,enscal,2000,bh_ton_zero_enscal_2000,5007,0.916796875,0.9177451642690565,0.92734375,0.09375,1,1,1,0,0,0,0,4000
ton_zero,enscal,2000,bh_ton_zero_enscal_2000,5008,0.919140625,0.9202341386957807,0.93265625,0.094375,3,3,3,0,0,0,0,12000
ton_zero,enscal,2000,bh_ton_zero_enscal_2000,5009,0.92796875,0.9283433441175407,0.93375,0.0778125,3,3,3,0,0,0,0,12000
ton_zero,enscal,2000,bh_ton_zero_enscal_2000,5010,0.918359375,0.919478324943719,0.93171875,0.095,5,5,5,0,0,0,0,20000
ton_zero,enscal,2000,bh_ton_zero_enscal_2000,5011,0.929140625,0.9300162670785856,0.94,0.08171875,3,3,3,0,0,0,0,12000
ton_zero,enscal,2000,bh_ton_zero_enscal_2000,5012,0.92703125,0.928290293320255,0.9428125,0.08875,4,4,4,0,0,0,0,16000
ton_zero,enscal,2000,bh_ton_zero_enscal_2000,5013,0.924375,0.9254005179463792,0.93671875,0.08796875,3,3,3,0,0,0,0,12000
ton_zero,enscal,2000,bh_ton_zero_enscal_2000,5014,0.928515625,0.9294889722436359,0.94125,0.08421875,4,4,4,0,0,0,0,16000
ton_zero,enscal,2000,bh_ton_zero_enscal_2000,5015,0.925390625,0.9262418926380068,0.93703125,0.08625,3,3,3,0,0,0,0,12000
ton_zero,enscal,2000,bh_ton_zero_enscal_2000,5016,0.925,0.9260624344959286,0.9378125,0.0878125,4,4,4,0,0,0,0,16000
ton_zero,enscal,2000,bh_ton_zero_enscal_2000,5017,0.92296875,0.9237176328097074,0.93296875,0.08703125,3,3,3,0,0,0,0,12000
ton_zero,enscal,2000,bh_ton_zero_enscal_2000,5018,0.92765625,0.9283401365235653,0.93625,0.0809375,2,2,2,0,0,0,0,8000
ton_zero,enscal,2000,bh_ton_zero_enscal_2000,5019,0.92484375,0.9258776870768402,0.93765625,0.08796875,3,3,3,0,0,0,0,12000
ton_zero,enscal,2000,bh_ton_zero_enscal_2000,5020,0.9259375,0.927100056176626,0.9409375,0.0890625,3,3,3,0,0,0,0,12000
ton_zero,enscal,2000,bh_ton_zero_enscal_2000,5021,0.92484375,0.9259268166432554,0.93875,0.0890625,1,1,1,0,0,0,0,4000
ton_zero,enscal,2000,bh_ton_zero_enscal_2000,5022,0.926484375,0.9275600432266744,0.94015625,0.0871875,4,4,4,0,0,0,0,16000
ton_zero,enscal,2000,bh_ton_zero_enscal_2000,5023,0.925859375,0.9266784838617528,0.93609375,0.084375,2,2,2,0,0,0,0,8000
ton_zero,enscal,2000,bh_ton_zero_enscal_2000,5024,0.929453125,0.9302910803481445,0.94125,0.08234375,4,4,4,0,0,0,0,16000
ton_zero,enscal,2000,bh_ton_zero_enscal_2000,5025,0.925703125,0.926651570205108,0.9375,0.08609375,1,1,1,0,0,0,0,4000
ton_zero,enscal,2000,bh_ton_zero_enscal_2000,5026,0.925859375,0.9269203832348001,0.94015625,0.0884375,4,4,4,0,0,0,0,16000
ton_zero,enscal,2000,bh_ton_zero_enscal_2000,5027,0.926171875,0.9271826134533383,0.93921875,0.086875,3,3,3,0,0,0,0,12000
ton_zero,enscal,2000,bh_ton_zero_enscal_2000,5028,0.9253125,0.9263296212739354,0.939375,0.08875,5,5,5,0,0,0,0,20000
ton_zero,enscal,2000,bh_ton_zero_enscal_2000,5029,0.926328125,0.9272794198610456,0.9390625,0.08640625,3,3,3,0,0,0,0,12000
ton_zero,enscal,2000,bh_ton_zero_enscal_2000,5030,0.928046875,0.9286803447105918,0.93609375,0.08,5,5,5,0,0,0,0,20000
ton_zero,replay,2000,bh_ton_zero_replay_2000,5001,0.9225,0.9234055253661937,0.9334375,0.0884375,4,4,4,0,0,0,0,16000
ton_zero,replay,2000,bh_ton_zero_replay_2000,5002,0.924765625,0.9254129984598305,0.933125,0.08359375,3,3,3,0,0,0,0,12000
ton_zero,replay,2000,bh_ton_zero_replay_2000,5003,0.926953125,0.9277481313103376,0.93765625,0.08375,2,2,2,0,0,0,0,8000
ton_zero,replay,2000,bh_ton_zero_replay_2000,5004,0.929453125,0.9301514837381556,0.93953125,0.080625,2,2,2,0,0,0,0,8000
ton_zero,replay,2000,bh_ton_zero_replay_2000,5005,0.92296875,0.9238620670320679,0.934375,0.0884375,5,5,5,0,0,0,0,20000
ton_zero,replay,2000,bh_ton_zero_replay_2000,5006,0.92609375,0.9269275736083319,0.93734375,0.08515625,4,4,4,0,0,0,0,16000
ton_zero,replay,2000,bh_ton_zero_replay_2000,5007,0.91875,0.9198844670436438,0.931875,0.094375,1,1,1,0,0,0,0,4000
ton_zero,replay,2000,bh_ton_zero_replay_2000,5008,0.918671875,0.9198001503054191,0.93234375,0.095,3,3,3,0,0,0,0,12000
ton_zero,replay,2000,bh_ton_zero_replay_2000,5009,0.925859375,0.9262011750087994,0.93078125,0.0790625,3,3,3,0,0,0,0,12000
ton_zero,replay,2000,bh_ton_zero_replay_2000,5010,0.9184375,0.9195220714967131,0.93125,0.094375,5,5,5,0,0,0,0,20000
ton_zero,replay,2000,bh_ton_zero_replay_2000,5011,0.92921875,0.9300643476127743,0.9396875,0.08125,3,3,3,0,0,0,0,12000
ton_zero,replay,2000,bh_ton_zero_replay_2000,5012,0.92703125,0.9282400630741394,0.941875,0.0878125,4,4,4,0,0,0,0,16000
ton_zero,replay,2000,bh_ton_zero_replay_2000,5013,0.923984375,0.92499815354099,0.93625,0.08828125,3,3,3,0,0,0,0,12000
ton_zero,replay,2000,bh_ton_zero_replay_2000,5014,0.9278125,0.9288966333335543,0.94203125,0.08640625,4,4,4,0,0,0,0,16000
ton_zero,replay,2000,bh_ton_zero_replay_2000,5015,0.925390625,0.9262392939553247,0.93703125,0.08625,3,3,3,0,0,0,0,12000
ton_zero,replay,2000,bh_ton_zero_replay_2000,5016,0.924375,0.9254821313876264,0.9378125,0.0890625,4,4,4,0,0,0,0,16000
ton_zero,replay,2000,bh_ton_zero_replay_2000,5017,0.922421875,0.9230510491110419,0.9309375,0.08609375,3,3,3,0,0,0,0,12000
ton_zero,replay,2000,bh_ton_zero_replay_2000,5018,0.92765625,0.9283316279088664,0.93609375,0.08078125,2,2,2,0,0,0,0,8000
ton_zero,replay,2000,bh_ton_zero_replay_2000,5019,0.923046875,0.924032877638719,0.935,0.08890625,3,3,3,0,0,0,0,12000
ton_zero,replay,2000,bh_ton_zero_replay_2000,5020,0.926484375,0.9277059328619491,0.94265625,0.0896875,3,3,3,0,0,0,0,12000
ton_zero,replay,2000,bh_ton_zero_replay_2000,5021,0.92578125,0.9267805183840244,0.93859375,0.08703125,1,1,1,0,0,0,0,4000
ton_zero,replay,2000,bh_ton_zero_replay_2000,5022,0.9265625,0.9276856723159999,0.94078125,0.08765625,4,4,4,0,0,0,0,16000
ton_zero,replay,2000,bh_ton_zero_replay_2000,5023,0.9209375,0.922575144048756,0.93921875,0.09734375,2,2,2,0,0,0,0,8000
ton_zero,replay,2000,bh_ton_zero_replay_2000,5024,0.93015625,0.9309282554015518,0.94140625,0.08109375,4,4,4,0,0,0,0,16000
ton_zero,replay,2000,bh_ton_zero_replay_2000,5025,0.9259375,0.9268795485099538,0.93765625,0.08578125,1,1,1,0,0,0,0,4000
ton_zero,replay,2000,bh_ton_zero_replay_2000,5026,0.925234375,0.926310435334832,0.9396875,0.08921875,4,4,4,0,0,0,0,16000
ton_zero,replay,2000,bh_ton_zero_replay_2000,5027,0.924765625,0.925840970932847,0.9384375,0.08890625,3,3,3,0,0,0,0,12000
ton_zero,replay,2000,bh_ton_zero_replay_2000,5028,0.925,0.9259817415004165,0.93828125,0.08828125,5,5,5,0,0,0,0,20000
ton_zero,replay,2000,bh_ton_zero_replay_2000,5029,0.926484375,0.9273211347381963,0.938125,0.08515625,3,3,3,0,0,0,0,12000
ton_zero,replay,2000,bh_ton_zero_replay_2000,5030,0.9275,0.928098027676902,0.9346875,0.0796875,5,5,5,0,0,0,0,20000
ton_zero,ddm,2000,bh_ton_zero_ddm_2000,5001,0.921015625,0.9218577143396335,0.93125,0.08921875,0,0,0,0,800,0,800,0
ton_zero,ddm,2000,bh_ton_zero_ddm_2000,5002,0.925859375,0.9263740709962558,0.93265625,0.0809375,1,1,1,0,800,0,800,4000
ton_zero,ddm,2000,bh_ton_zero_ddm_2000,5003,0.92640625,0.9272385482982421,0.9375,0.0846875,0,0,0,0,800,0,800,0
ton_zero,ddm,2000,bh_ton_zero_ddm_2000,5004,0.9303125,0.9310468974117542,0.94109375,0.08046875,0,0,0,0,800,0,800,0
ton_zero,ddm,2000,bh_ton_zero_ddm_2000,5005,0.92234375,0.9233185097821646,0.93421875,0.08953125,2,2,2,0,800,0,800,8000
ton_zero,ddm,2000,bh_ton_zero_ddm_2000,5006,0.92671875,0.9275230261586394,0.9378125,0.084375,1,1,1,0,800,0,800,4000
ton_zero,ddm,2000,bh_ton_zero_ddm_2000,5007,0.917890625,0.9189803623301502,0.93015625,0.094375,1,1,1,0,800,0,800,4000
ton_zero,ddm,2000,bh_ton_zero_ddm_2000,5008,0.9190625,0.9201702486793024,0.93265625,0.09453125,2,2,2,0,800,0,800,8000
ton_zero,ddm,2000,bh_ton_zero_ddm_2000,5009,0.927890625,0.9282517556555437,0.93359375,0.0778125,0,0,0,0,800,0,800,0
ton_zero,ddm,2000,bh_ton_zero_ddm_2000,5010,0.91796875,0.9191480436539996,0.931875,0.0959375,0,0,0,0,800,0,800,0
ton_zero,ddm,2000,bh_ton_zero_ddm_2000,5011,0.929375,0.9302115519532045,0.94,0.08125,2,2,2,0,800,0,800,8000
ton_zero,ddm,2000,bh_ton_zero_ddm_2000,5012,0.92734375,0.9285546765436428,0.94234375,0.08765625,0,0,0,0,800,0,800,0
ton_zero,ddm,2000,bh_ton_zero_ddm_2000,5013,0.9234375,0.9243958003492948,0.935,0.088125,1,1,1,0,800,0,800,4000
ton_zero,ddm,2000,bh_ton_zero_ddm_2000,5014,0.92703125,0.927878564546812,0.93796875,0.08390625,0,0,0,0,800,0,800,0
ton_zero,ddm,2000,bh_ton_zero_ddm_2000,5015,0.926015625,0.9268950626083844,0.93796875,0.0859375,0,0,0,0,800,0,800,0
ton_zero,ddm,2000,bh_ton_zero_ddm_2000,5016,0.924765625,0.9258082399802723,0.93734375,0.0878125,0,0,0,0,800,0,800,0
ton_zero,ddm,2000,bh_ton_zero_ddm_2000,5017,0.921796875,0.9226548693210649,0.933125,0.08953125,0,0,0,0,800,0,800,0
ton_zero,ddm,2000,bh_ton_zero_ddm_2000,5018,0.92625,0.927077876490745,0.93640625,0.08390625,1,1,1,0,800,0,800,4000
ton_zero,ddm,2000,bh_ton_zero_ddm_2000,5019,0.90234375,0.9075819567834923,0.9553125,0.150625,1,1,1,0,800,0,800,4000
ton_zero,ddm,2000,bh_ton_zero_ddm_2000,5020,0.925859375,0.9270445401440369,0.94109375,0.089375,0,0,0,0,800,0,800,0
ton_zero,ddm,2000,bh_ton_zero_ddm_2000,5021,0.924765625,0.9258770092018568,0.93890625,0.089375,1,1,1,0,800,0,800,4000
ton_zero,ddm,2000,bh_ton_zero_ddm_2000,5022,0.92578125,0.9268366003538854,0.9390625,0.0875,1,1,1,0,800,0,800,4000
ton_zero,ddm,2000,bh_ton_zero_ddm_2000,5023,0.92703125,0.927754238424146,0.9359375,0.081875,1,1,1,0,800,0,800,4000
ton_zero,ddm,2000,bh_ton_zero_ddm_2000,5024,0.929453125,0.9302690568134941,0.94125,0.08234375,1,1,1,0,800,0,800,4000
ton_zero,ddm,2000,bh_ton_zero_ddm_2000,5025,0.92453125,0.9255687235571847,0.9375,0.0884375,0,0,0,0,800,0,800,0
ton_zero,ddm,2000,bh_ton_zero_ddm_2000,5026,0.92296875,0.9238121064057946,0.934375,0.0884375,0,0,0,0,800,0,800,0
ton_zero,ddm,2000,bh_ton_zero_ddm_2000,5027,0.926796875,0.9277624820724104,0.93921875,0.085625,0,0,0,0,800,0,800,0
ton_zero,ddm,2000,bh_ton_zero_ddm_2000,5028,0.92484375,0.9256211860462809,0.9359375,0.08625,0,0,0,0,800,0,800,0
ton_zero,ddm,2000,bh_ton_zero_ddm_2000,5029,0.925546875,0.9265490278313984,0.93875,0.08765625,0,0,0,0,800,0,800,0
ton_zero,ddm,2000,bh_ton_zero_ddm_2000,5030,0.928671875,0.9293870920929292,0.9378125,0.08046875,1,1,1,0,800,0,800,4000
ton_zero,adwin,2000,bh_ton_zero_adwin_2000,5001,0.921015625,0.9218577143396335,0.93125,0.08921875,0,0,0,0,800,0,800,0
ton_zero,adwin,2000,bh_ton_zero_adwin_2000,5002,0.924375,0.925010423722906,0.9325,0.08375,0,0,0,0,800,0,800,0
ton_zero,adwin,2000,bh_ton_zero_adwin_2000,5003,0.92640625,0.9272385482982421,0.9375,0.0846875,0,0,0,0,800,0,800,0
ton_zero,adwin,2000,bh_ton_zero_adwin_2000,5004,0.9303125,0.9310468974117542,0.94109375,0.08046875,0,0,0,0,800,0,800,0
ton_zero,adwin,2000,bh_ton_zero_adwin_2000,5005,0.923359375,0.9242188494840555,0.93421875,0.0875,0,0,0,0,800,0,800,0
ton_zero,adwin,2000,bh_ton_zero_adwin_2000,5006,0.925859375,0.9266030419314736,0.93625,0.08453125,0,0,0,0,800,0,800,0
ton_zero,adwin,2000,bh_ton_zero_adwin_2000,5007,0.915,0.9160949670783869,0.926875,0.096875,0,0,0,0,800,0,800,0
ton_zero,adwin,2000,bh_ton_zero_adwin_2000,5008,0.91890625,0.9200189632582092,0.93265625,0.09484375,0,0,0,0,800,0,800,0
ton_zero,adwin,2000,bh_ton_zero_adwin_2000,5009,0.927890625,0.9282517556555437,0.93359375,0.0778125,0,0,0,0,800,0,800,0
ton_zero,adwin,2000,bh_ton_zero_adwin_2000,5010,0.91796875,0.9191480436539996,0.931875,0.0959375,0,0,0,0,800,0,800,0
ton_zero,adwin,2000,bh_ton_zero_adwin_2000,5011,0.929296875,0.9302200596176158,0.9409375,0.08234375,0,0,0,0,800,0,800,0
ton_zero,adwin,2000,bh_ton_zero_adwin_2000,5012,0.92734375,0.9285546765436428,0.94234375,0.08765625,0,0,0,0,800,0,800,0
ton_zero,adwin,2000,bh_ton_zero_adwin_2000,5013,0.924609375,0.9256415761812993,0.9371875,0.08796875,0,0,0,0,800,0,800,0
ton_zero,adwin,2000,bh_ton_zero_adwin_2000,5014,0.92703125,0.927878564546812,0.93796875,0.08390625,0,0,0,0,800,0,800,0
ton_zero,adwin,2000,bh_ton_zero_adwin_2000,5015,0.926015625,0.9268950626083844,0.93796875,0.0859375,0,0,0,0,800,0,800,0
ton_zero,adwin,2000,bh_ton_zero_adwin_2000,5016,0.924765625,0.9258082399802723,0.93734375,0.0878125,0,0,0,0,800,0,800,0
ton_zero,adwin,2000,bh_ton_zero_adwin_2000,5017,0.921796875,0.9226548693210649,0.933125,0.08953125,0,0,0,0,800,0,800,0
ton_zero,adwin,2000,bh_ton_zero_adwin_2000,5018,0.9275,0.9281824727286327,0.93609375,0.08109375,0,0,0,0,800,0,800,0
ton_zero,adwin,2000,bh_ton_zero_adwin_2000,5019,0.925,0.9259955040197773,0.9375,0.0875,0,0,0,0,800,0,800,0
ton_zero,adwin,2000,bh_ton_zero_adwin_2000,5020,0.925859375,0.9270445401440369,0.94109375,0.089375,0,0,0,0,800,0,800,0
ton_zero,adwin,2000,bh_ton_zero_adwin_2000,5021,0.925,0.9261017546483873,0.9390625,0.0890625,0,0,0,0,800,0,800,0
ton_zero,adwin,2000,bh_ton_zero_adwin_2000,5022,0.926484375,0.9275801888054162,0.94046875,0.0875,0,0,0,0,800,0,800,0
ton_zero,adwin,2000,bh_ton_zero_adwin_2000,5023,0.9271875,0.9278890031943904,0.93609375,0.08171875,0,0,0,0,800,0,800,0
ton_zero,adwin,2000,bh_ton_zero_adwin_2000,5024,0.927265625,0.9280269930039985,0.9378125,0.08328125,0,0,0,0,800,0,800,0
ton_zero,adwin,2000,bh_ton_zero_adwin_2000,5025,0.92453125,0.9255687235571847,0.9375,0.0884375,0,0,0,0,800,0,800,0
ton_zero,adwin,2000,bh_ton_zero_adwin_2000,5026,0.92296875,0.9238121064057946,0.934375,0.0884375,0,0,0,0,800,0,800,0
ton_zero,adwin,2000,bh_ton_zero_adwin_2000,5027,0.926796875,0.9277624820724104,0.93921875,0.085625,0,0,0,0,800,0,800,0
ton_zero,adwin,2000,bh_ton_zero_adwin_2000,5028,0.92484375,0.9256211860462809,0.9359375,0.08625,0,0,0,0,800,0,800,0
ton_zero,adwin,2000,bh_ton_zero_adwin_2000,5029,0.925546875,0.9265490278313984,0.93875,0.08765625,0,0,0,0,800,0,800,0
ton_zero,adwin,2000,bh_ton_zero_adwin_2000,5030,0.9275,0.9282080749969623,0.93625,0.08125,0,0,0,0,800,0,800,0
ton_zero,naive,512,bh_ton_zero_naive_512,5001,0.9128125,0.9149711826444065,0.93609375,0.11046875,4,4,4,0,0,0,0,4096
ton_zero,naive,512,bh_ton_zero_naive_512,5002,0.9209375,0.9221481522655013,0.9340625,0.0921875,3,3,3,0,0,0,0,3072
ton_zero,naive,512,bh_ton_zero_naive_512,5003,0.9115625,0.9150287736231537,0.9490625,0.1259375,2,2,2,0,0,0,0,2048
ton_zero,naive,512,bh_ton_zero_naive_512,5004,0.92984375,0.9306166341732259,0.94109375,0.08140625,2,2,2,0,0,0,0,2048
ton_zero,naive,512,bh_ton_zero_naive_512,5005,0.921953125,0.923497171282962,0.93625,0.09234375,5,5,5,0,0,0,0,5120
ton_zero,naive,512,bh_ton_zero_naive_512,5006,0.92609375,0.9268730127101301,0.9365625,0.084375,4,4,4,0,0,0,0,4096
ton_zero,naive,512,bh_ton_zero_naive_512,5007,0.9178125,0.9187002747511329,0.92796875,0.09234375,1,1,1,0,0,0,0,1024
ton_zero,naive,512,bh_ton_zero_naive_512,5008,0.91390625,0.9158224945109563,0.93484375,0.10703125,3,3,3,0,0,0,0,3072
ton_zero,naive,512,bh_ton_zero_naive_512,5009,0.926875,0.9272938012076084,0.933125,0.079375,3,3,3,0,0,0,0,3072
ton_zero,naive,512,bh_ton_zero_naive_512,5010,0.912890625,0.9150963754757935,0.9365625,0.11078125,5,5,5,0,0,0,0,5120
ton_zero,naive,512,bh_ton_zero_naive_512,5011,0.922578125,0.9240899885939381,0.940625,0.09546875,3,3,3,0,0,0,0,3072
ton_zero,naive,512,bh_ton_zero_naive_512,5012,0.9265625,0.9277826697863065,0.94140625,0.08828125,4,4,4,0,0,0,0,4096
ton_zero,naive,512,bh_ton_zero_naive_512,5013,0.91234375,0.9154218943779808,0.9434375,0.11875,3,3,3,0,0,0,0,3072
ton_zero,naive,512,bh_ton_zero_naive_512,5014,0.921171875,0.9230119835249182,0.9428125,0.10046875,4,4,4,0,0,0,0,4096
ton_zero,naive,512,bh_ton_zero_naive_512,5015,0.92296875,0.9236040596680961,0.931875,0.0859375,3,3,3,0,0,0,0,3072
ton_zero,naive,512,bh_ton_zero_naive_512,5016,0.9253125,0.9263575827076055,0.93796875,0.08734375,4,4,4,0,0,0,0,4096
ton_zero,naive,512,bh_ton_zero_naive_512,5017,0.91265625,0.9134576212522437,0.92171875,0.09640625,3,3,3,0,0,0,0,3072
ton_zero,naive,512,bh_ton_zero_naive_512,5018,0.926953125,0.927651281903932,0.935625,0.08171875,2,2,2,0,0,0,0,2048
ton_zero,naive,512,bh_ton_zero_naive_512,5019,0.91453125,0.9176707679924085,0.94703125,0.11796875,3,3,3,0,0,0,0,3072
ton_zero,naive,512,bh_ton_zero_naive_512,5020,0.925,0.9261591537353793,0.94015625,0.09015625,3,3,3,0,0,0,0,3072
ton_zero,naive,512,bh_ton_zero_naive_512,5021,0.923359375,0.9244025407435145,0.93640625,0.0896875,1,1,1,0,0,0,0,1024
ton_zero,naive,512,bh_ton_zero_naive_512,5022,0.926484375,0.9277077434439637,0.9421875,0.08921875,4,4,4,0,0,0,0,4096
ton_zero,naive,512,bh_ton_zero_naive_512,5023,0.9246875,0.9253807396496933,0.9334375,0.0840625,2,2,2,0,0,0,0,2048
ton_zero,naive,512,bh_ton_zero_naive_512,5024,0.928984375,0.9298545805146877,0.94140625,0.0834375,4,4,4,0,0,0,0,4096
ton_zero,naive,512,bh_ton_zero_naive_512,5025,0.9253125,0.9263249792366,0.93796875,0.08734375,1,1,1,0,0,0,0,1024
ton_zero,naive,512,bh_ton_zero_naive_512,5026,0.923046875,0.9239732913026313,0.935625,0.08953125,4,4,4,0,0,0,0,4096
ton_zero,naive,512,bh_ton_zero_naive_512,5027,0.925625,0.9265644459504765,0.93765625,0.08640625,3,3,3,0,0,0,0,3072
ton_zero,naive,512,bh_ton_zero_naive_512,5028,0.9246875,0.9256091170261075,0.9375,0.088125,5,5,5,0,0,0,0,5120
ton_zero,naive,512,bh_ton_zero_naive_512,5029,0.911953125,0.9154040273429367,0.94953125,0.125625,3,3,3,0,0,0,0,3072
ton_zero,naive,512,bh_ton_zero_naive_512,5030,0.92546875,0.9260708137640556,0.9325,0.0815625,5,5,5,0,0,0,0,5120
ton_zero,point,512,bh_ton_zero_point_512,5001,0.918203125,0.9191768401028976,0.92953125,0.093125,4,4,2,2,128,128,0,4096
ton_zero,point,512,bh_ton_zero_point_512,5002,0.92484375,0.9254953215782901,0.93296875,0.08328125,3,3,2,1,96,96,0,3072
ton_zero,point,512,bh_ton_zero_point_512,5003,0.9115625,0.9150287736231537,0.9490625,0.1259375,2,2,2,0,64,64,0,2048
ton_zero,point,512,bh_ton_zero_point_512,5004,0.92984375,0.9306166341732259,0.94109375,0.08140625,2,2,2,0,64,64,0,2048
ton_zero,point,512,bh_ton_zero_point_512,5005,0.915859375,0.9178074731888891,0.93703125,0.1053125,5,5,4,1,160,160,0,5120
ton_zero,point,512,bh_ton_zero_point_512,5006,0.92609375,0.9268730127101301,0.9365625,0.084375,4,4,4,0,128,128,0,4096
ton_zero,point,512,bh_ton_zero_point_512,5007,0.9178125,0.9187002747511329,0.92796875,0.09234375,1,1,1,0,32,32,0,1024
ton_zero,point,512,bh_ton_zero_point_512,5008,0.91390625,0.9158224945109563,0.93484375,0.10703125,3,3,3,0,96,96,0,3072
ton_zero,point,512,bh_ton_zero_point_512,5009,0.926875,0.9272938012076084,0.933125,0.079375,3,3,3,0,96,96,0,3072
ton_zero,point,512,bh_ton_zero_point_512,5010,0.912890625,0.9150963754757935,0.9365625,0.11078125,5,5,5,0,160,160,0,5120
ton_zero,point,512,bh_ton_zero_point_512,5011,0.92375,0.9253998325591597,0.94328125,0.09578125,3,3,2,1,96,96,0,3072
ton_zero,point,512,bh_ton_zero_point_512,5012,0.9265625,0.9277826697863065,0.94140625,0.08828125,4,4,4,0,128,128,0,4096
ton_zero,point,512,bh_ton_zero_point_512,5013,0.924453125,0.9254892912155541,0.93703125,0.088125,3,3,1,2,96,96,0,3072
ton_zero,point,512,bh_ton_zero_point_512,5014,0.925,0.9261692822390901,0.93953125,0.08953125,4,4,2,2,128,128,0,4096
ton_zero,point,512,bh_ton_zero_point_512,5015,0.92296875,0.9236040596680961,0.931875,0.0859375,3,3,3,0,96,96,0,3072
ton_zero,point,512,bh_ton_zero_point_512,5016,0.9253125,0.9263575827076055,0.93796875,0.08734375,4,4,4,0,128,128,0,4096
ton_zero,point,512,bh_ton_zero_point_512,5017,0.91265625,0.9134576212522437,0.92171875,0.09640625,3,3,3,0,96,96,0,3072
ton_zero,point,512,bh_ton_zero_point_512,5018,0.926953125,0.927651281903932,0.935625,0.08171875,2,2,2,0,64,64,0,2048
ton_zero,point,512,bh_ton_zero_point_512,5019,0.923671875,0.9247382017978241,0.936875,0.08953125,3,3,1,2,96,96,0,3072
ton_zero,point,512,bh_ton_zero_point_512,5020,0.925,0.9261591537353793,0.94015625,0.09015625,3,3,3,0,96,96,0,3072
ton_zero,point,512,bh_ton_zero_point_512,5021,0.923359375,0.9244025407435145,0.93640625,0.0896875,1,1,1,0,32,32,0,1024
ton_zero,point,512,bh_ton_zero_point_512,5022,0.926484375,0.9277077434439637,0.9421875,0.08921875,4,4,4,0,128,128,0,4096
ton_zero,point,512,bh_ton_zero_point_512,5023,0.9246875,0.9253807396496933,0.9334375,0.0840625,2,2,2,0,64,64,0,2048
ton_zero,point,512,bh_ton_zero_point_512,5024,0.929140625,0.9299744682054262,0.94109375,0.0828125,4,4,3,1,128,128,0,4096
ton_zero,point,512,bh_ton_zero_point_512,5025,0.9253125,0.9263249792366,0.93796875,0.08734375,1,1,1,0,32,32,0,1024
ton_zero,point,512,bh_ton_zero_point_512,5026,0.923046875,0.9239732913026313,0.935625,0.08953125,4,4,4,0,128,128,0,4096
ton_zero,point,512,bh_ton_zero_point_512,5027,0.925625,0.9265644459504765,0.93765625,0.08640625,3,3,3,0,96,96,0,3072
ton_zero,point,512,bh_ton_zero_point_512,5028,0.9246875,0.9256091170261075,0.9375,0.088125,5,5,5,0,160,160,0,5120
ton_zero,point,512,bh_ton_zero_point_512,5029,0.92578125,0.9267370018864769,0.9384375,0.086875,3,3,1,2,96,96,0,3072
ton_zero,point,512,bh_ton_zero_point_512,5030,0.92640625,0.9270962996089537,0.9346875,0.081875,5,5,4,1,160,160,0,5120
ton_zero,strict,512,bh_ton_zero_strict_512,5001,0.921015625,0.9218577143396335,0.93125,0.08921875,4,4,0,4,128,128,0,4096
ton_zero,strict,512,bh_ton_zero_strict_512,5002,0.924375,0.925010423722906,0.9325,0.08375,3,3,0,3,96,96,0,3072
ton_zero,strict,512,bh_ton_zero_strict_512,5003,0.911796875,0.9152752314966297,0.94953125,0.1259375,2,2,1,1,64,64,0,2048
ton_zero,strict,512,bh_ton_zero_strict_512,5004,0.9303125,0.9310468974117542,0.94109375,0.08046875,2,2,0,2,64,64,0,2048
ton_zero,strict,512,bh_ton_zero_strict_512,5005,0.91640625,0.9183817206986312,0.93796875,0.10515625,5,5,2,3,160,160,0,5120
ton_zero,strict,512,bh_ton_zero_strict_512,5006,0.925859375,0.9266030419314736,0.93625,0.08453125,4,4,0,4,128,128,0,4096
ton_zero,strict,512,bh_ton_zero_strict_512,5007,0.915,0.9160949670783869,0.926875,0.096875,1,1,0,1,32,32,0,1024
ton_zero,strict,512,bh_ton_zero_strict_512,5008,0.91890625,0.9200189632582092,0.93265625,0.09484375,3,3,0,3,96,96,0,3072
ton_zero,strict,512,bh_ton_zero_strict_512,5009,0.926953125,0.9273846850016209,0.9334375,0.07953125,3,3,1,2,96,96,0,3072
ton_zero,strict,512,bh_ton_zero_strict_512,5010,0.91796875,0.9191480436539996,0.931875,0.0959375,5,5,0,5,160,160,0,5120
ton_zero,strict,512,bh_ton_zero_strict_512,5011,0.929296875,0.9302200596176158,0.9409375,0.08234375,3,3,0,3,96,96,0,3072
ton_zero,strict,512,bh_ton_zero_strict_512,5012,0.92734375,0.9285546765436428,0.94234375,0.08765625,4,4,0,4,128,128,0,4096
ton_zero,strict,512,bh_ton_zero_strict_512,5013,0.924609375,0.9256415761812993,0.9371875,0.08796875,3,3,0,3,96,96,0,3072
ton_zero,strict,512,bh_ton_zero_strict_512,5014,0.92703125,0.927878564546812,0.93796875,0.08390625,4,4,0,4,128,128,0,4096
ton_zero,strict,512,bh_ton_zero_strict_512,5015,0.926015625,0.9268950626083844,0.93796875,0.0859375,3,3,0,3,96,96,0,3072
ton_zero,strict,512,bh_ton_zero_strict_512,5016,0.924765625,0.9258082399802723,0.93734375,0.0878125,4,4,0,4,128,128,0,4096
ton_zero,strict,512,bh_ton_zero_strict_512,5017,0.921796875,0.9225643584689608,0.931875,0.08828125,3,3,1,2,96,96,0,3072
ton_zero,strict,512,bh_ton_zero_strict_512,5018,0.9275,0.9281824727286327,0.93609375,0.08109375,2,2,0,2,64,64,0,2048
ton_zero,strict,512,bh_ton_zero_strict_512,5019,0.925,0.9259955040197773,0.9375,0.0875,3,3,0,3,96,96,0,3072
ton_zero,strict,512,bh_ton_zero_strict_512,5020,0.925859375,0.9270445401440369,0.94109375,0.089375,3,3,0,3,96,96,0,3072
ton_zero,strict,512,bh_ton_zero_strict_512,5021,0.923359375,0.9244025407435145,0.93640625,0.0896875,1,1,1,0,32,32,0,1024
ton_zero,strict,512,bh_ton_zero_strict_512,5022,0.9303125,0.9318216129681745,0.9509375,0.0903125,4,4,1,3,128,128,0,4096
ton_zero,strict,512,bh_ton_zero_strict_512,5023,0.9271875,0.9278890031943904,0.93609375,0.08171875,2,2,0,2,64,64,0,2048
ton_zero,strict,512,bh_ton_zero_strict_512,5024,0.927265625,0.9280269930039985,0.9378125,0.08328125,4,4,0,4,128,128,0,4096
ton_zero,strict,512,bh_ton_zero_strict_512,5025,0.92453125,0.9255687235571847,0.9375,0.0884375,1,1,0,1,32,32,0,1024
ton_zero,strict,512,bh_ton_zero_strict_512,5026,0.922421875,0.9232436571795813,0.93359375,0.08875,4,4,1,3,128,128,0,4096
ton_zero,strict,512,bh_ton_zero_strict_512,5027,0.926796875,0.9277624820724104,0.93921875,0.085625,3,3,0,3,96,96,0,3072
ton_zero,strict,512,bh_ton_zero_strict_512,5028,0.92484375,0.9256211860462809,0.9359375,0.08625,5,5,0,5,160,160,0,5120
ton_zero,strict,512,bh_ton_zero_strict_512,5029,0.925546875,0.9265490278313984,0.93875,0.08765625,3,3,0,3,96,96,0,3072
ton_zero,strict,512,bh_ton_zero_strict_512,5030,0.927734375,0.9282781302583757,0.93453125,0.0790625,5,5,1,4,160,160,0,5120
ton_zero,atc,512,bh_ton_zero_atc_512,5001,0.91859375,0.9195818868233802,0.93015625,0.09296875,4,4,1,3,0,0,0,4096
ton_zero,atc,512,bh_ton_zero_atc_512,5002,0.924296875,0.9249429798718504,0.9325,0.08390625,3,3,1,2,0,0,0,3072
ton_zero,atc,512,bh_ton_zero_atc_512,5003,0.9115625,0.9150287736231537,0.9490625,0.1259375,2,2,2,0,0,0,0,2048
ton_zero,atc,512,bh_ton_zero_atc_512,5004,0.92984375,0.9306091936970354,0.9409375,0.08125,2,2,1,1,0,0,0,2048
ton_zero,atc,512,bh_ton_zero_atc_512,5005,0.9528125,0.9515955346936071,0.930625,0.025,5,5,1,4,0,0,0,5120
ton_zero,atc,512,bh_ton_zero_atc_512,5006,0.925625,0.9263967821833222,0.93609375,0.08484375,4,4,2,2,0,0,0,4096
ton_zero,atc,512,bh_ton_zero_atc_512,5007,0.9178125,0.9187002747511329,0.92796875,0.09234375,1,1,1,0,0,0,0,1024
ton_zero,atc,512,bh_ton_zero_atc_512,5008,0.90296875,0.9076389978400489,0.95015625,0.14421875,3,3,1,2,0,0,0,3072
ton_zero,atc,512,bh_ton_zero_atc_512,5009,0.926953125,0.9273846850016209,0.9334375,0.07953125,3,3,1,2,0,0,0,3072
ton_zero,atc,512,bh_ton_zero_atc_512,5010,0.92109375,0.9225061784014561,0.93828125,0.09609375,5,5,2,3,0,0,0,5120
ton_zero,atc,512,bh_ton_zero_atc_512,5011,0.929296875,0.9302200596176158,0.9409375,0.08234375,3,3,0,3,0,0,0,3072
ton_zero,atc,512,bh_ton_zero_atc_512,5012,0.9265625,0.9277585604543646,0.94109375,0.08796875,4,4,2,2,0,0,0,4096
ton_zero,atc,512,bh_ton_zero_atc_512,5013,0.921171875,0.9223111431203567,0.9346875,0.09234375,3,3,2,1,0,0,0,3072
ton_zero,atc,512,bh_ton_zero_atc_512,5014,0.925703125,0.9265395983691402,0.93625,0.08484375,4,4,1,3,0,0,0,4096
ton_zero,atc,512,bh_ton_zero_atc_512,5015,0.925390625,0.9262318267913008,0.936875,0.08609375,3,3,1,2,0,0,0,3072
ton_zero,atc,512,bh_ton_zero_atc_512,5016,0.92515625,0.9262041187993106,0.9378125,0.0875,4,4,1,3,0,0,0,4096
ton_zero,atc,512,bh_ton_zero_atc_512,5017,0.91390625,0.9139860705844102,0.9159375,0.088125,3,3,1,2,0,0,0,3072
ton_zero,atc,512,bh_ton_zero_atc_512,5018,0.927421875,0.9280913649888977,0.93578125,0.0809375,2,2,1,1,0,0,0,2048
ton_zero,atc,512,bh_ton_zero_atc_512,5019,0.923671875,0.9247382017978241,0.936875,0.08953125,3,3,1,2,0,0,0,3072
ton_zero,atc,512,bh_ton_zero_atc_512,5020,0.925390625,0.926576484453265,0.94078125,0.09,3,3,2,1,0,0,0,3072
ton_zero,atc,512,bh_ton_zero_atc_512,5021,0.923359375,0.9244025407435145,0.93640625,0.0896875,1,1,1,0,0,0,0,1024
ton_zero,atc,512,bh_ton_zero_atc_512,5022,0.9303125,0.9318216129681745,0.9509375,0.0903125,4,4,1,3,0,0,0,4096
ton_zero,atc,512,bh_ton_zero_atc_512,5023,0.925703125,0.926412646286004,0.9346875,0.08328125,2,2,1,1,0,0,0,2048
ton_zero,atc,512,bh_ton_zero_atc_512,5024,0.928984375,0.9298545805146877,0.94140625,0.0834375,4,4,3,1,0,0,0,4096
ton_zero,atc,512,bh_ton_zero_atc_512,5025,0.92453125,0.9255687235571847,0.9375,0.0884375,1,1,0,1,0,0,0,1024
ton_zero,atc,512,bh_ton_zero_atc_512,5026,0.92359375,0.9246201603075112,0.93703125,0.08984375,4,4,1,3,0,0,0,4096
ton_zero,atc,512,bh_ton_zero_atc_512,5027,0.926796875,0.9277624820724104,0.93921875,0.085625,3,3,0,3,0,0,0,3072
ton_zero,atc,512,bh_ton_zero_atc_512,5028,0.92484375,0.9256211860462809,0.9359375,0.08625,5,5,0,5,0,0,0,5120
ton_zero,atc,512,bh_ton_zero_atc_512,5029,0.911953125,0.9154040273429367,0.94953125,0.125625,3,3,3,0,0,0,0,3072
ton_zero,atc,512,bh_ton_zero_atc_512,5030,0.927421875,0.9281116392773058,0.9359375,0.08109375,5,5,1,4,0,0,0,5120
ton_zero,doc,512,bh_ton_zero_doc_512,5001,0.92046875,0.9212848301526599,0.9303125,0.089375,4,4,1,3,0,0,0,4096
ton_zero,doc,512,bh_ton_zero_doc_512,5002,0.92484375,0.9254953215782901,0.93296875,0.08328125,3,3,2,1,0,0,0,3072
ton_zero,doc,512,bh_ton_zero_doc_512,5003,0.926328125,0.9270663270743053,0.9359375,0.08328125,2,2,1,1,0,0,0,2048
ton_zero,doc,512,bh_ton_zero_doc_512,5004,0.93015625,0.9309109476666184,0.94125,0.0809375,2,2,1,1,0,0,0,2048
ton_zero,doc,512,bh_ton_zero_doc_512,5005,0.9528125,0.9515955346936071,0.930625,0.025,5,5,1,4,0,0,0,5120
ton_zero,doc,512,bh_ton_zero_doc_512,5006,0.92578125,0.9265515694695174,0.93625,0.0846875,4,4,3,1,0,0,0,4096
ton_zero,doc,512,bh_ton_zero_doc_512,5007,0.9178125,0.9187002747511329,0.92796875,0.09234375,1,1,1,0,0,0,0,1024
ton_zero,doc,512,bh_ton_zero_doc_512,5008,0.91875,0.9198572798317082,0.93234375,0.09484375,3,3,1,2,0,0,0,3072
ton_zero,doc,512,bh_ton_zero_doc_512,5009,0.927890625,0.9282517556555437,0.93359375,0.0778125,3,3,0,3,0,0,0,3072
ton_zero,doc,512,bh_ton_zero_doc_512,5010,0.92109375,0.9225061784014561,0.93828125,0.09609375,5,5,2,3,0,0,0,5120
ton_zero,doc,512,bh_ton_zero_doc_512,5011,0.929296875,0.9302200596176158,0.9409375,0.08234375,3,3,0,3,0,0,0,3072
ton_zero,doc,512,bh_ton_zero_doc_512,5012,0.926796875,0.9280240875394603,0.941875,0.08828125,4,4,1,3,0,0,0,4096
ton_zero,doc,512,bh_ton_zero_doc_512,5013,0.921171875,0.9223111431203567,0.9346875,0.09234375,3,3,2,1,0,0,0,3072
ton_zero,doc,512,bh_ton_zero_doc_512,5014,0.925703125,0.9265395983691402,0.93625,0.08484375,4,4,1,3,0,0,0,4096
ton_zero,doc,512,bh_ton_zero_doc_512,5015,0.925390625,0.9262318267913008,0.936875,0.08609375,3,3,1,2,0,0,0,3072
ton_zero,doc,512,bh_ton_zero_doc_512,5016,0.925390625,0.9264249152179859,0.93796875,0.0871875,4,4,2,2,0,0,0,4096
ton_zero,doc,512,bh_ton_zero_doc_512,5017,0.921796875,0.9226548693210649,0.933125,0.08953125,3,3,0,3,0,0,0,3072
ton_zero,doc,512,bh_ton_zero_doc_512,5018,0.9275,0.9281824727286327,0.93609375,0.08109375,2,2,0,2,0,0,0,2048
ton_zero,doc,512,bh_ton_zero_doc_512,5019,0.923671875,0.9247382017978241,0.936875,0.08953125,3,3,1,2,0,0,0,3072
ton_zero,doc,512,bh_ton_zero_doc_512,5020,0.925703125,0.9269015619640747,0.94125,0.08984375,3,3,1,2,0,0,0,3072
ton_zero,doc,512,bh_ton_zero_doc_512,5021,0.923359375,0.9244025407435145,0.93640625,0.0896875,1,1,1,0,0,0,0,1024
ton_zero,doc,512,bh_ton_zero_doc_512,5022,0.9303125,0.9318216129681745,0.9509375,0.0903125,4,4,1,3,0,0,0,4096
ton_zero,doc,512,bh_ton_zero_doc_512,5023,0.9271875,0.9278890031943904,0.93609375,0.08171875,2,2,0,2,0,0,0,2048
ton_zero,doc,512,bh_ton_zero_doc_512,5024,0.928984375,0.9298115784146725,0.94078125,0.0828125,4,4,1,3,0,0,0,4096
ton_zero,doc,512,bh_ton_zero_doc_512,5025,0.9253125,0.9263249792366,0.93796875,0.08734375,1,1,1,0,0,0,0,1024
ton_zero,doc,512,bh_ton_zero_doc_512,5026,0.92234375,0.9231217004234705,0.93265625,0.08796875,4,4,1,3,0,0,0,4096
ton_zero,doc,512,bh_ton_zero_doc_512,5027,0.926796875,0.9277624820724104,0.93921875,0.085625,3,3,0,3,0,0,0,3072
ton_zero,doc,512,bh_ton_zero_doc_512,5028,0.92484375,0.9256211860462809,0.9359375,0.08625,5,5,0,5,0,0,0,5120
ton_zero,doc,512,bh_ton_zero_doc_512,5029,0.9225,0.9239984893842439,0.9409375,0.0959375,3,3,2,1,0,0,0,3072
ton_zero,doc,512,bh_ton_zero_doc_512,5030,0.9275,0.9282080749969623,0.93625,0.08125,5,5,0,5,0,0,0,5120
ton_zero,enscal,512,bh_ton_zero_enscal_512,5001,0.921640625,0.9225835301108536,0.93296875,0.0896875,4,4,4,0,0,0,0,4096
ton_zero,enscal,512,bh_ton_zero_enscal_512,5002,0.92453125,0.9251655261976027,0.93265625,0.08359375,3,3,3,0,0,0,0,3072
ton_zero,enscal,512,bh_ton_zero_enscal_512,5003,0.9265625,0.9273424840725591,0.936875,0.08375,2,2,2,0,0,0,0,2048
ton_zero,enscal,512,bh_ton_zero_enscal_512,5004,0.929765625,0.9305400437359268,0.94109375,0.0815625,2,2,2,0,0,0,0,2048
ton_zero,enscal,512,bh_ton_zero_enscal_512,5005,0.922109375,0.923080605008898,0.9340625,0.08984375,5,5,5,0,0,0,0,5120
ton_zero,enscal,512,bh_ton_zero_enscal_512,5006,0.926328125,0.9270656980322721,0.93640625,0.08375,4,4,4,0,0,0,0,4096
ton_zero,enscal,512,bh_ton_zero_enscal_512,5007,0.916328125,0.9173345437384968,0.92765625,0.095,1,1,1,0,0,0,0,1024
ton_zero,enscal,512,bh_ton_zero_enscal_512,5008,0.91921875,0.9202724468570878,0.9321875,0.09375,3,3,3,0,0,0,0,3072
ton_zero,enscal,512,bh_ton_zero_enscal_512,5009,0.92796875,0.9283433441175407,0.93375,0.0778125,3,3,3,0,0,0,0,3072
ton_zero,enscal,512,bh_ton_zero_enscal_512,5010,0.917421875,0.9185424977145543,0.93078125,0.0959375,5,5,5,0,0,0,0,5120
ton_zero,enscal,512,bh_ton_zero_enscal_512,5011,0.929296875,0.9301553513323627,0.94015625,0.0815625,3,3,3,0,0,0,0,3072
ton_zero,enscal,512,bh_ton_zero_enscal_512,5012,0.92703125,0.9282489115505216,0.94203125,0.08796875,4,4,4,0,0,0,0,4096
ton_zero,enscal,512,bh_ton_zero_enscal_512,5013,0.92390625,0.9249217464332591,0.93609375,0.08828125,3,3,3,0,0,0,0,3072
ton_zero,enscal,512,bh_ton_zero_enscal_512,5014,0.926796875,0.9279032351929288,0.94125,0.08765625,4,4,4,0,0,0,0,4096
ton_zero,enscal,512,bh_ton_zero_enscal_512,5015,0.925390625,0.9261907150048959,0.93640625,0.085625,3,3,3,0,0,0,0,3072
ton_zero,enscal,512,bh_ton_zero_enscal_512,5016,0.925234375,0.9262614163634834,0.93765625,0.0871875,4,4,4,0,0,0,0,4096
ton_zero,enscal,512,bh_ton_zero_enscal_512,5017,0.922265625,0.923004415141657,0.9321875,0.08765625,3,3,3,0,0,0,0,3072
ton_zero,enscal,512,bh_ton_zero_enscal_512,5018,0.927421875,0.9281278716917547,0.93625,0.08140625,2,2,2,0,0,0,0,2048
ton_zero,enscal,512,bh_ton_zero_enscal_512,5019,0.9240625,0.9251178678041202,0.9371875,0.0890625,3,3,3,0,0,0,0,3072
ton_zero,enscal,512,bh_ton_zero_enscal_512,5020,0.925546875,0.9266981042135489,0.94046875,0.089375,3,3,3,0,0,0,0,3072
ton_zero,enscal,512,bh_ton_zero_enscal_512,5021,0.92484375,0.9259349035638691,0.93875,0.0890625,1,1,1,0,0,0,0,1024
ton_zero,enscal,512,bh_ton_zero_enscal_512,5022,0.926171875,0.9272664641589179,0.94015625,0.0878125,4,4,4,0,0,0,0,4096
ton_zero,enscal,512,bh_ton_zero_enscal_512,5023,0.9259375,0.9267526075774299,0.93625,0.084375,2,2,2,0,0,0,0,2048
ton_zero,enscal,512,bh_ton_zero_enscal_512,5024,0.928984375,0.9298361803581726,0.94109375,0.083125,4,4,4,0,0,0,0,4096
ton_zero,enscal,512,bh_ton_zero_enscal_512,5025,0.925078125,0.9260746436886361,0.9375,0.08734375,1,1,1,0,0,0,0,1024
ton_zero,enscal,512,bh_ton_zero_enscal_512,5026,0.925390625,0.926484928640449,0.94,0.08921875,4,4,4,0,0,0,0,4096
ton_zero,enscal,512,bh_ton_zero_enscal_512,5027,0.926171875,0.9271820577346106,0.9390625,0.08671875,3,3,3,0,0,0,0,3072
ton_zero,enscal,512,bh_ton_zero_enscal_512,5028,0.925546875,0.9265516057280213,0.93953125,0.0884375,5,5,5,0,0,0,0,5120
ton_zero,enscal,512,bh_ton_zero_enscal_512,5029,0.926328125,0.9272760340643603,0.9390625,0.08640625,3,3,3,0,0,0,0,3072
ton_zero,enscal,512,bh_ton_zero_enscal_512,5030,0.928046875,0.9286750667439282,0.9359375,0.07984375,5,5,5,0,0,0,0,5120
