scenario,policy,candidate_size,arm,seed,ba,attack_f1,attack_recall,fpr,triggers,candidates_trained,commits,rejects,labels_total,labels_probe,labels_candidate,n_resolved_proposals,n_commits_logged,mean_delta_res1,harmful_commits_h1,censored_h1,mean_delta_res3,harmful_commits_h3,censored_h3,mean_delta_res5,harmful_commits_h5,censored_h5,mean_delta_res10,harmful_commits_h10,censored_h10
ps_full,never,n/a,smd_ps_full_never,6001,0.81390625,0.7785932742767082,,,0,0,0,0,0,0,0,,,,,,,,,,,,,,
ps_full,never,n/a,smd_ps_full_never,6002,0.80859375,0.7742233804651311,,,0,0,0,0,0,0,0,,,,,,,,,,,,,,
ps_full,never,n/a,smd_ps_full_never,6003,0.78484375,0.7525711964974517,,,0,0,0,0,0,0,0,,,,,,,,,,,,,,
ps_full,never,n/a,smd_ps_full_never,6004,0.7975,0.7628603533617749,,,0,0,0,0,0,0,0,,,,,,,,,,,,,,
ps_full,never,n/a,smd_ps_full_never,6005,0.815234375,0.7800593075586455,,,0,0,0,0,0,0,0,,,,,,,,,,,,,,
ps_full,never,n/a,smd_ps_full_never,6006,0.955859375,0.9575305647489414,,,0,0,0,0,0,0,0,,,,,,,,,,,,,,
ps_full,never,n/a,smd_ps_full_never,6007,0.812578125,0.7754211538282769,,,0,0,0,0,0,0,0,,,,,,,,,,,,,,
ps_full,never,n/a,smd_ps_full_never,6008,0.951484375,0.953441339962105,,,0,0,0,0,0,0,0,,,,,,,,,,,,,,
ps_full,never,n/a,smd_ps_full_never,6009,0.804765625,0.7694952324530945,,,0,0,0,0,0,0,0,,,,,,,,,,,,,,
ps_full,never,n/a,smd_ps_full_never,6010,0.95140625,0.9533906161497832,,,0,0,0,0,0,0,0,,,,,,,,,,,,,,
ps_full,never,n/a,smd_ps_full_never,6011,0.80453125,0.769067227687332,,,0,0,0,0,0,0,0,,,,,,,,,,,,,,
ps_full,never,n/a,smd_ps_full_never,6012,0.813046875,0.7793764062374658,,,0,0,0,0,0,0,0,,,,,,,,,,,,,,
ps_full,never,n/a,smd_ps_full_never,6013,0.811640625,0.7764359596683142,,,0,0,0,0,0,0,0,,,,,,,,,,,,,,
ps_full,never,n/a,smd_ps_full_never,6014,0.80375,0.7652038561543486,,,0,0,0,0,0,0,0,,,,,,,,,,,,,,
ps_full,never,n/a,smd_ps_full_never,6015,0.945625,0.9481887748633353,,,0,0,0,0,0,0,0,,,,,,,,,,,,,,
ps_full,never,n/a,smd_ps_full_never,6016,0.942578125,0.9454080818579221,,,0,0,0,0,0,0,0,,,,,,,,,,,,,,
ps_full,never,n/a,smd_ps_full_never,6017,0.952265625,0.9541537001890444,,,0,0,0,0,0,0,0,,,,,,,,,,,,,,
ps_full,never,n/a,smd_ps_full_never,6018,0.88703125,0.8791132796053849,,,0,0,0,0,0,0,0,,,,,,,,,,,,,,
ps_full,never,n/a,smd_ps_full_never,6019,0.9528125,0.9535748573577206,,,0,0,0,0,0,0,0,,,,,,,,,,,,,,
ps_full,never,n/a,smd_ps_full_never,6020,0.81640625,0.7817272958151759,,,0,0,0,0,0,0,0,,,,,,,,,,,,,,
ps_full,never,n/a,smd_ps_full_never,6021,0.92359375,0.9237136508997753,,,0,0,0,0,0,0,0,,,,,,,,,,,,,,
ps_full,never,n/a,smd_ps_full_never,6022,0.9378125,0.9411527000106034,,,0,0,0,0,0,0,0,,,,,,,,,,,,,,
ps_full,never,n/a,smd_ps_full_never,6023,0.934296875,0.9344989491960201,,,0,0,0,0,0,0,0,,,,,,,,,,,,,,
ps_full,never,n/a,smd_ps_full_never,6024,0.625234375,0.4500606610440425,,,0,0,0,0,0,0,0,,,,,,,,,,,,,,
ps_full,never,n/a,smd_ps_full_never,6025,0.8075,0.7724374937564434,,,0,0,0,0,0,0,0,,,,,,,,,,,,,,
ps_full,never,n/a,smd_ps_full_never,6026,0.813125,0.7882538304493966,,,0,0,0,0,0,0,0,,,,,,,,,,,,,,
ps_full,never,n/a,smd_ps_full_never,6027,0.817265625,0.7813075572980474,,,0,0,0,0,0,0,0,,,,,,,,,,,,,,
ps_full,never,n/a,smd_ps_full_never,6028,0.814765625,0.779966785184155,,,0,0,0,0,0,0,0,,,,,,,,,,,,,,
ps_full,never,n/a,smd_ps_full_never,6029,0.95296875,0.954667540787376,,,0,0,0,0,0,0,0,,,,,,,,,,,,,,
ps_full,never,n/a,smd_ps_full_never,6030,0.821328125,0.7914769448260899,,,0,0,0,0,0,0,0,,,,,,,,,,,,,,
ps_full,naive,512,smd_ps_full_naive_512,6001,0.9440625,0.9441111216889893,0.95,0.061875,3,3,3,0,0,0,3072,3.0,3.0,0.005208333333333333,1.0,0.0,0.017361111111111067,1.0,0.0,0.019791666666666666,1.0,0.0,0.022656250000000003,1.0,0.0
ps_full,naive,512,smd_ps_full_naive_512,6002,0.942421875,0.9437163915412011,0.96796875,0.083125,3,3,3,0,0,0,3072,3.0,3.0,0.03125,1.0,0.0,0.025173611111111067,1.0,0.0,0.026562500000000003,1.0,0.0,0.032552083333333336,1.0,0.0
ps_full,naive,512,smd_ps_full_naive_512,6003,0.934921875,0.9366597630986262,0.9625,0.09265625,2,2,2,0,0,0,2048,2.0,2.0,0.06640625,0.0,0.0,0.05989583333333335,0.0,0.0,0.0609375,1.0,0.0,0.05390625,1.0,0.0
ps_full,naive,512,smd_ps_full_naive_512,6004,0.94046875,0.9413629246968458,0.95546875,0.07453125,4,4,4,0,0,0,4096,4.0,4.0,0.0078125,2.0,0.0,0.01171875,1.0,0.0,0.016406249999999997,1.0,0.0,0.017578125,1.0,0.0
ps_full,naive,512,smd_ps_full_naive_512,6005,0.94921875,0.9501262508194194,0.96453125,0.06609375,3,3,3,0,0,0,3072,3.0,3.0,0.005208333333333333,2.0,0.0,0.0017361111111111,2.0,0.0,0.0067708333333333336,2.0,0.0,0.013802083333333368,1.0,0.0
ps_full,naive,512,smd_ps_full_naive_512,6006,0.929765625,0.9357477150530674,0.98828125,0.12875,3,3,3,0,0,0,3072,3.0,3.0,-0.0026041666666666665,2.0,0.0,-0.0026041666666666344,2.0,0.0,-0.0067708333333333,2.0,0.0,-0.0018229166666666001,2.0,0.0
ps_full,naive,512,smd_ps_full_naive_512,6007,0.94265625,0.9438479182372909,0.96578125,0.08046875,3,3,3,0,0,0,3072,3.0,3.0,0.013020833333333334,0.0,0.0,0.018229166666666668,0.0,0.0,0.0171875,1.0,0.0,0.021874999999999936,1.0,0.0
ps_full,naive,512,smd_ps_full_naive_512,6008,0.955078125,0.9564317269306499,0.9790625,0.06890625,3,3,3,0,0,0,3072,3.0,3.0,0.020833333333333332,1.0,0.0,0.005208333333333333,1.0,0.0,0.0020833333333333333,1.0,0.0,-0.0005208333333333332,1.0,0.0
ps_full,naive,512,smd_ps_full_naive_512,6009,0.940859375,0.943464989674417,0.9753125,0.09359375,4,4,4,0,0,0,4096,4.0,4.0,-0.005859375,2.0,0.0,0.009114583333333301,2.0,0.0,0.011328124999999975,1.0,0.0,0.014843749999999975,1.0,0.0
ps_full,naive,512,smd_ps_full_naive_512,6010,0.949296875,0.9519315743104868,0.988125,0.08953125,3,3,3,0,0,0,3072,3.0,3.0,0.0026041666666666665,2.0,0.0,-0.006076388888888932,1.0,0.0,-3.353798720221827e-17,1.0,0.0,0.003385416666666667,1.0,0.0
ps_full,naive,512,smd_ps_full_naive_512,6011,0.931953125,0.9312304542889116,0.9303125,0.06640625,3,3,3,0,0,0,3072,3.0,3.0,0.033854166666666664,0.0,0.0,0.03125,0.0,0.0,0.030729166666666596,0.0,0.0,0.032552083333333294,0.0,0.0
ps_full,naive,512,smd_ps_full_naive_512,6012,0.94265625,0.9452960143656352,0.97921875,0.09390625,4,4,4,0,0,0,4096,4.0,4.0,0.033203125,0.0,0.0,0.025390624999999976,0.0,0.0,0.025781249999999922,0.0,0.0,0.025585937499999975,0.0,0.0
ps_full,naive,512,smd_ps_full_naive_512,6013,0.9428125,0.9431219883645166,0.95328125,0.06765625,4,4,4,0,0,0,4096,4.0,4.0,0.0234375,2.0,0.0,0.0208333333333333,2.0,0.0,0.011718749999999972,2.0,0.0,0.019140624999999974,2.0,0.0
ps_full,naive,512,smd_ps_full_naive_512,6014,0.92234375,0.9221148459612593,0.92671875,0.08203125,3,3,3,0,0,0,3072,3.0,3.0,0.03125,0.0,0.0,0.030381944444444434,0.0,0.0,0.026041666666666602,0.0,0.0,0.029687499999999967,0.0,0.0
ps_full,naive,512,smd_ps_full_naive_512,6015,0.954921875,0.956813212197467,0.9878125,0.07796875,2,2,2,0,0,0,2048,2.0,2.0,0.00390625,1.0,0.0,-0.0039062500000000494,1.0,0.0,-0.00859375,1.0,0.0,-0.009765625,1.0,0.0
ps_full,naive,512,smd_ps_full_naive_512,6016,0.949453125,0.9516285914753019,0.984375,0.08546875,4,4,4,0,0,0,4096,4.0,4.0,-0.00390625,2.0,0.0,-0.007812500000000024,1.0,0.0,-0.006640625,1.0,0.0,-0.00546875,2.0,0.0
ps_full,naive,512,smd_ps_full_naive_512,6017,0.95359375,0.9557991063207489,0.98875,0.0815625,4,4,4,0,0,0,4096,4.0,4.0,0.0078125,1.0,0.0,0.0071614583333333495,1.0,0.0,0.005078124999999975,1.0,0.0,0.005078124999999999,1.0,0.0
ps_full,naive,512,smd_ps_full_naive_512,6018,0.955546875,0.9562141540675236,0.96765625,0.0565625,4,4,4,0,0,0,4096,4.0,4.0,-0.005859375,2.0,0.0,0.0006510416666666752,2.0,0.0,0.0031249999999999668,1.0,1.0,0.010156249999999966,1.0,1.0
ps_full,naive,512,smd_ps_full_naive_512,6019,0.96,0.960985930482055,0.97984375,0.05984375,3,3,3,0,0,0,3072,3.0,3.0,-0.013020833333333334,2.0,0.0,-0.0026041666666666665,1.0,0.0,-0.0046875,2.0,0.0,-0.004687500000000001,2.0,0.0
ps_full,naive,512,smd_ps_full_naive_512,6020,0.935625,0.9376125313293306,0.95921875,0.08796875,4,4,4,0,0,0,4096,4.0,4.0,0.033203125,0.0,0.0,0.01822916666666665,1.0,0.0,0.016666666666666635,1.0,1.0,0.013020833333333301,0.0,1.0
ps_full,naive,512,smd_ps_full_naive_512,6021,0.9521875,0.9543379867778728,0.98953125,0.08515625,3,3,3,0,0,0,3072,3.0,3.0,-0.0026041666666666665,2.0,0.0,-0.0008680555555555334,2.0,0.0,-0.0026041666666667337,1.0,0.0,0.005729166666666667,1.0,0.0
ps_full,naive,512,smd_ps_full_naive_512,6022,0.94515625,0.9473921140277691,0.97703125,0.08671875,3,3,3,0,0,0,3072,3.0,3.0,-0.0026041666666666665,2.0,0.0,-0.007812500000000033,2.0,0.0,-0.006249999999999967,2.0,0.0,-0.003906250000000067,1.0,0.0
ps_full,naive,512,smd_ps_full_naive_512,6023,0.954921875,0.9560485377841654,0.975625,0.06578125,3,3,3,0,0,0,3072,3.0,3.0,0.013020833333333334,1.0,0.0,-0.0017361111111111327,1.0,0.0,0.0,2.0,0.0,-0.00234375,2.0,0.0
ps_full,naive,512,smd_ps_full_naive_512,6024,0.9371875,0.9393512609450252,0.97140625,0.09703125,4,4,4,0,0,0,4096,4.0,4.0,0.064453125,1.0,0.0,0.05989583333333333,1.0,0.0,0.059765624999999975,1.0,0.0,0.05605468749999997,1.0,0.0
ps_full,naive,512,smd_ps_full_naive_512,6025,0.951953125,0.9531088979189474,0.97234375,0.0684375,4,4,4,0,0,0,4096,4.0,4.0,0.0234375,0.0,0.0,0.016927083333333297,0.0,0.0,0.019531249999999948,0.0,0.0,0.023828124999999947,0.0,0.0
ps_full,naive,512,smd_ps_full_naive_512,6026,0.937890625,0.940409823330268,0.96875,0.09296875,3,3,3,0,0,0,3072,3.0,3.0,0.020833333333333332,1.0,0.0,0.015625,1.0,0.0,0.02291666666666663,0.0,0.0,0.026562499999999933,0.0,0.0
ps_full,naive,512,smd_ps_full_naive_512,6027,0.9471875,0.9481083626980796,0.96328125,0.06890625,4,4,4,0,0,0,4096,4.0,4.0,-0.00390625,3.0,0.0,0.007161458333333301,2.0,0.0,0.002734375,1.0,0.0,0.010937500000000025,1.0,0.0
ps_full,naive,512,smd_ps_full_naive_512,6028,0.94046875,0.9414780690559276,0.95890625,0.07796875,3,3,3,0,0,0,3072,3.0,3.0,0.026041666666666668,0.0,0.0,0.019965277777777703,0.0,0.0,0.026562499999999933,0.0,0.0,0.030729166666666568,0.0,0.0
ps_full,naive,512,smd_ps_full_naive_512,6029,0.957578125,0.9591129005488881,0.98625,0.07109375,3,3,3,0,0,0,3072,3.0,3.0,-0.010416666666666666,2.0,0.0,-0.0034722222222222,1.0,0.0,0.0010416666666666664,1.0,0.0,0.0002604166666666669,2.0,0.0
ps_full,naive,512,smd_ps_full_naive_512,6030,0.940703125,0.9432673113010861,0.9715625,0.09015625,4,4,4,0,0,0,4096,4.0,4.0,0.015625,1.0,0.0,0.01236979166666665,2.0,0.0,0.013671875,2.0,0.0,0.020507812499999972,1.0,0.0
ps_full,naive,2000,smd_ps_full_naive_2000,6001,0.95140625,0.9512493059024902,0.95484375,0.05203125,3,3,3,0,0,0,12000,3.0,3.0,0.020833333333333332,0.0,0.0,0.0190972222222222,1.0,0.0,0.025000000000000033,1.0,0.0,0.029427083333333298,1.0,0.0
ps_full,naive,2000,smd_ps_full_naive_2000,6002,0.946796875,0.948013249262622,0.969375,0.07578125,3,3,3,0,0,0,12000,3.0,3.0,0.036458333333333336,0.0,0.0,0.028645833333333332,0.0,0.0,0.026562499999999965,0.0,0.0,0.03541666666666663,0.0,0.0
ps_full,naive,2000,smd_ps_full_naive_2000,6003,0.9421875,0.9433795507735989,0.9640625,0.0796875,2,2,2,0,0,0,8000,2.0,2.0,0.06640625,0.0,0.0,0.06901041666666664,1.0,0.0,0.06874999999999995,1.0,0.0,0.06210937500000005,1.0,0.0
ps_full,naive,2000,smd_ps_full_naive_2000,6004,0.952734375,0.9537373681217312,0.9715625,0.06609375,4,4,4,0,0,0,16000,4.0,4.0,0.009765625,1.0,0.0,0.014322916666666623,1.0,0.0,0.01796874999999995,1.0,0.0,0.026171875,1.0,0.0
ps_full,naive,2000,smd_ps_full_naive_2000,6005,0.956484375,0.9567933308414003,0.9646875,0.05171875,3,3,3,0,0,0,12000,3.0,3.0,0.0078125,2.0,0.0,0.007812500000000033,2.0,0.0,0.013020833333333365,2.0,0.0,0.01979166666666663,1.0,0.0
ps_full,naive,2000,smd_ps_full_naive_2000,6006,0.93625,0.9406773699882964,0.984375,0.111875,3,3,3,0,0,0,12000,3.0,3.0,-0.013020833333333334,2.0,0.0,-0.0026041666666666665,2.0,0.0,-0.006770833333333333,2.0,0.0,-0.002343749999999964,2.0,0.0
ps_full,naive,2000,smd_ps_full_naive_2000,6007,0.951796875,0.9521014922488014,0.9628125,0.05921875,3,3,3,0,0,0,12000,3.0,3.0,0.018229166666666668,0.0,0.0,0.0269097222222222,1.0,0.0,0.024479166666666666,1.0,0.0,0.02942708333333333,1.0,0.0
ps_full,naive,2000,smd_ps_full_naive_2000,6008,0.96421875,0.9656114619751384,0.99265625,0.06421875,3,3,3,0,0,0,12000,3.0,3.0,0.026041666666666668,0.0,0.0,0.012152777777777768,0.0,0.0,0.014583333333333332,0.0,0.0,0.011718750000000033,1.0,0.0
ps_full,naive,2000,smd_ps_full_naive_2000,6009,0.953515625,0.9550509764819719,0.980625,0.07359375,4,4,4,0,0,0,16000,4.0,4.0,0.0078125,1.0,0.0,0.016927083333333325,1.0,0.0,0.014453124999999999,1.0,0.0,0.021289062499999976,1.0,0.0
ps_full,naive,2000,smd_ps_full_naive_2000,6010,0.958984375,0.9606704466756716,0.98953125,0.0715625,3,3,3,0,0,0,12000,3.0,3.0,0.0,1.0,0.0,-0.0069444444444445,2.0,0.0,-0.0031250000000000006,2.0,0.0,0.0028645833333333006,1.0,0.0
ps_full,naive,2000,smd_ps_full_naive_2000,6011,0.945859375,0.945316764914432,0.94984375,0.058125,3,3,3,0,0,0,12000,3.0,3.0,0.028645833333333332,1.0,0.0,0.029513888888888933,1.0,0.0,0.03489583333333333,1.0,0.0,0.042968749999999965,1.0,0.0
ps_full,naive,2000,smd_ps_full_naive_2000,6012,0.95828125,0.9589264879446747,0.973125,0.0565625,4,4,4,0,0,0,16000,4.0,4.0,0.025390625,0.0,0.0,0.023437499999999927,0.0,0.0,0.02539062499999992,0.0,0.0,0.02753906249999997,0.0,0.0
ps_full,naive,2000,smd_ps_full_naive_2000,6013,0.94984375,0.9497636966660454,0.95515625,0.05546875,4,4,4,0,0,0,16000,4.0,4.0,0.01953125,1.0,0.0,0.01627604166666665,1.0,0.0,0.013671874999999972,1.0,0.0,0.02031249999999995,1.0,0.0
ps_full,naive,2000,smd_ps_full_naive_2000,6014,0.943125,0.9425248555679693,0.95015625,0.06390625,3,3,3,0,0,0,12000,3.0,3.0,0.0546875,0.0,0.0,0.04947916666666662,0.0,0.0,0.043749999999999935,0.0,0.0,0.04531249999999993,0.0,0.0
ps_full,naive,2000,smd_ps_full_naive_2000,6015,0.958046875,0.9594720846569458,0.98765625,0.0715625,2,2,2,0,0,0,8000,2.0,2.0,0.02734375,0.0,0.0,0.00911458333333325,0.0,0.0,0.0007812499999999998,1.0,0.0,-0.00546875000000005,1.0,0.0
ps_full,naive,2000,smd_ps_full_naive_2000,6016,0.954296875,0.9564946811324444,0.990625,0.08203125,4,4,4,0,0,0,16000,4.0,4.0,0.01171875,1.0,0.0,0.013020833333333301,2.0,0.0,0.007031250000000025,2.0,0.0,0.004492187499999974,2.0,0.0
ps_full,naive,2000,smd_ps_full_naive_2000,6017,0.961953125,0.96333315113331,0.98984375,0.0659375,4,4,4,0,0,0,16000,4.0,4.0,-0.005859375,1.0,0.0,0.0045572916666666505,1.0,0.0,0.0035156249999999997,1.0,0.0,0.005078124999999999,1.0,0.0
ps_full,naive,2000,smd_ps_full_naive_2000,6018,0.966015625,0.966880619504642,0.984375,0.05234375,4,4,4,0,0,0,16000,4.0,4.0,0.00390625,1.0,0.0,0.00846354166666665,1.0,0.0,0.015104166666666667,1.0,1.0,0.017708333333333336,1.0,1.0
ps_full,naive,2000,smd_ps_full_naive_2000,6019,0.966875,0.9673444381321354,0.98078125,0.04703125,3,3,3,0,0,0,12000,3.0,3.0,-0.005208333333333333,1.0,0.0,0.004340277777777767,1.0,0.0,0.0005208333333333338,1.0,0.0,0.0005208333333333662,1.0,0.0
ps_full,naive,2000,smd_ps_full_naive_2000,6020,0.947734375,0.948280637024882,0.95984375,0.064375,4,4,4,0,0,0,16000,4.0,4.0,0.025390625,1.0,0.0,0.01953125,1.0,0.0,0.018750000000000034,1.0,1.0,0.017187499999999998,1.0,1.0
ps_full,naive,2000,smd_ps_full_naive_2000,6021,0.95609375,0.9581444695618636,0.99109375,0.07890625,3,3,3,0,0,0,12000,3.0,3.0,0.0078125,1.0,0.0,0.006076388888888833,1.0,0.0,0.0010416666666665986,1.0,0.0,0.0067708333333333336,1.0,0.0
ps_full,naive,2000,smd_ps_full_naive_2000,6022,0.948984375,0.949476662114884,0.9684375,0.07046875,3,3,3,0,0,0,12000,3.0,3.0,-0.010416666666666666,1.0,0.0,-0.0034722222222222654,1.0,0.0,-0.0046875000000000016,1.0,0.0,-0.007812500000000033,1.0,0.0
ps_full,naive,2000,smd_ps_full_naive_2000,6023,0.95703125,0.95795171395843,0.9746875,0.060625,3,3,3,0,0,0,12000,3.0,3.0,0.010416666666666666,1.0,0.0,0.005208333333333333,1.0,0.0,-0.0005208333333333662,2.0,0.0,0.0031249999999999334,1.0,0.0
ps_full,naive,2000,smd_ps_full_naive_2000,6024,0.941484375,0.9431150885225904,0.96828125,0.0853125,4,4,4,0,0,0,16000,4.0,4.0,0.056640625,1.0,0.0,0.05598958333333333,1.0,0.0,0.052734375,1.0,0.0,0.0552734375,1.0,0.0
ps_full,naive,2000,smd_ps_full_naive_2000,6025,0.952421875,0.9535243241044137,0.9734375,0.06859375,4,4,4,0,0,0,16000,4.0,4.0,0.025390625,0.0,0.0,0.0240885416666666,0.0,0.0,0.024609375000000003,0.0,0.0,0.026171874999999973,0.0,0.0
ps_full,naive,2000,smd_ps_full_naive_2000,6026,0.951953125,0.9528704444620141,0.9684375,0.06453125,3,3,3,0,0,0,12000,3.0,3.0,0.026041666666666668,1.0,0.0,0.029513888888888867,1.0,0.0,0.0265625,1.0,0.0,0.032291666666666635,1.0,0.0
ps_full,naive,2000,smd_ps_full_naive_2000,6027,0.95453125,0.955844982938267,0.97890625,0.06984375,4,4,4,0,0,0,16000,4.0,4.0,0.0,1.0,0.0,0.013020833333333325,1.0,0.0,0.013281249999999975,1.0,0.0,0.021679687499999923,0.0,0.0
ps_full,naive,2000,smd_ps_full_naive_2000,6028,0.951484375,0.951592936392029,0.959375,0.05640625,3,3,3,0,0,0,12000,3.0,3.0,0.026041666666666668,0.0,0.0,0.025173611111111067,1.0,0.0,0.03125,1.0,0.0,0.03437499999999997,0.0,0.0
ps_full,naive,2000,smd_ps_full_naive_2000,6029,0.963984375,0.9650758718102717,0.98765625,0.0596875,3,3,3,0,0,0,12000,3.0,3.0,-0.005208333333333333,2.0,0.0,0.0017361111111111,0.0,0.0,0.0010416666666666328,1.0,0.0,0.0015625000000000333,2.0,0.0
ps_full,naive,2000,smd_ps_full_naive_2000,6030,0.945234375,0.9473464175164422,0.971875,0.08140625,4,4,4,0,0,0,16000,4.0,4.0,0.00390625,2.0,0.0,0.0078125,2.0,0.0,0.014062499999999948,2.0,0.0,0.021484374999999972,1.0,0.0
ps_full,point,512,smd_ps_full_point_512,6001,0.9440625,0.9441111216889893,0.95,0.061875,3,3,3,0,96,96,3072,3.0,3.0,0.005208333333333333,1.0,0.0,0.017361111111111067,1.0,0.0,0.019791666666666666,1.0,0.0,0.022656250000000003,1.0,0.0
ps_full,point,512,smd_ps_full_point_512,6002,0.942421875,0.9437163915412011,0.96796875,0.083125,3,3,3,0,96,96,3072,3.0,3.0,0.03125,1.0,0.0,0.025173611111111067,1.0,0.0,0.026562500000000003,1.0,0.0,0.032552083333333336,1.0,0.0
ps_full,point,512,smd_ps_full_point_512,6003,0.934921875,0.9366597630986262,0.9625,0.09265625,2,2,2,0,64,64,2048,2.0,2.0,0.06640625,0.0,0.0,0.05989583333333335,0.0,0.0,0.0609375,1.0,0.0,0.05390625,1.0,0.0
ps_full,point,512,smd_ps_full_point_512,6004,0.942421875,0.9440107242803086,0.965625,0.08078125,4,4,2,2,128,128,4096,4.0,2.0,0.015625,0.0,0.0,0.01953124999999995,1.0,0.0,0.02265625,1.0,0.0,0.03281250000000005,1.0,0.0
ps_full,point,512,smd_ps_full_point_512,6005,0.948984375,0.9499991602573012,0.9665625,0.06859375,4,4,3,1,128,128,4096,4.0,3.0,0.010416666666666666,1.0,0.0,0.0078125,1.0,0.0,0.015104166666666669,1.0,0.0,0.018489583333333334,1.0,0.0
ps_full,point,512,smd_ps_full_point_512,6006,0.9578125,0.9594200771702353,0.9859375,0.0703125,5,5,3,2,160,160,5120,5.0,3.0,-0.010416666666666666,2.0,0.0,-0.004340277777777767,2.0,0.0,-0.0036458333333333672,2.0,0.0,0.00026041666666670044,2.0,0.0
ps_full,point,512,smd_ps_full_point_512,6007,0.942734375,0.9417406520747555,0.9465625,0.06109375,4,4,2,2,128,128,4096,4.0,2.0,0.05078125,0.0,0.0,0.05078125,1.0,0.0,0.050000000000000044,1.0,0.0,0.06054687499999995,0.0,0.0
ps_full,point,512,smd_ps_full_point_512,6008,0.955078125,0.9564317269306499,0.9790625,0.06890625,3,3,3,0,96,96,3072,3.0,3.0,0.020833333333333332,1.0,0.0,0.005208333333333333,1.0,0.0,0.0020833333333333333,1.0,0.0,-0.0005208333333333332,1.0,0.0
ps_full,point,512,smd_ps_full_point_512,6009,0.940859375,0.943464989674417,0.9753125,0.09359375,4,4,4,0,128,128,4096,4.0,4.0,-0.005859375,2.0,0.0,0.009114583333333301,2.0,0.0,0.011328124999999975,1.0,0.0,0.014843749999999975,1.0,0.0
ps_full,point,512,smd_ps_full_point_512,6010,0.960390625,0.961719428289678,0.9884375,0.06765625,6,6,2,4,192,192,6144,6.0,2.0,-0.00390625,1.0,0.0,0.0026041666666667502,1.0,0.0,0.0023437500000000003,1.0,0.0,0.007812500000000049,1.0,0.0
ps_full,point,512,smd_ps_full_point_512,6011,0.931953125,0.9312304542889116,0.9303125,0.06640625,3,3,3,0,96,96,3072,3.0,3.0,0.033854166666666664,0.0,0.0,0.03125,0.0,0.0,0.030729166666666596,0.0,0.0,0.032552083333333294,0.0,0.0
ps_full,point,512,smd_ps_full_point_512,6012,0.94265625,0.9452960143656352,0.97921875,0.09390625,4,4,4,0,128,128,4096,4.0,4.0,0.033203125,0.0,0.0,0.025390624999999976,0.0,0.0,0.025781249999999922,0.0,0.0,0.025585937499999975,0.0,0.0
ps_full,point,512,smd_ps_full_point_512,6013,0.94890625,0.9499571753024983,0.97140625,0.07359375,5,5,2,3,160,160,5120,5.0,2.0,0.06640625,0.0,0.0,0.05468749999999995,0.0,0.0,0.062499999999999896,0.0,0.0,0.06796874999999995,0.0,0.0
ps_full,point,512,smd_ps_full_point_512,6014,0.92640625,0.9239851359629648,0.92109375,0.06828125,4,4,2,2,128,128,4096,4.0,2.0,0.05859375,1.0,0.0,0.0807291666666666,0.0,0.0,0.07343749999999995,0.0,0.0,0.084765625,0.0,0.0
ps_full,point,512,smd_ps_full_point_512,6015,0.94859375,0.9515695551024583,0.996875,0.0996875,5,5,2,3,160,160,5120,5.0,2.0,0.00390625,1.0,0.0,0.009114583333333249,1.0,0.0,0.01484375,1.0,0.0,0.01132812499999995,1.0,0.0
ps_full,point,512,smd_ps_full_point_512,6016,0.955078125,0.9568994895603998,0.98796875,0.0778125,4,4,3,1,128,128,4096,4.0,3.0,0.005208333333333333,1.0,0.0,0.0052083333333333,1.0,0.0,0.005729166666666633,1.0,0.0,0.0075520833333333,0.0,0.0
ps_full,point,512,smd_ps_full_point_512,6017,0.9615625,0.9628900487131611,0.9903125,0.0671875,6,6,2,4,192,192,6144,6.0,2.0,0.01171875,0.0,0.0,0.00390624999999995,1.0,0.0,0.014843749999999949,0.0,0.0,0.009765624999999951,0.0,0.0
ps_full,point,512,smd_ps_full_point_512,6018,0.955546875,0.9562141540675236,0.96765625,0.0565625,4,4,4,0,128,128,4096,4.0,4.0,-0.005859375,2.0,0.0,0.0006510416666666752,2.0,0.0,0.0031249999999999668,1.0,1.0,0.010156249999999966,1.0,1.0
ps_full,point,512,smd_ps_full_point_512,6019,0.963828125,0.9649419540386132,0.988125,0.06046875,3,3,2,1,96,96,3072,3.0,2.0,0.00390625,0.0,0.0,0.0026041666666666,1.0,0.0,-0.00390625000000005,1.0,0.0,0.0039062499999999497,1.0,0.0
ps_full,point,512,smd_ps_full_point_512,6020,0.935625,0.9376125313293306,0.95921875,0.08796875,4,4,4,0,128,128,4096,4.0,4.0,0.033203125,0.0,0.0,0.01822916666666665,1.0,0.0,0.016666666666666635,1.0,1.0,0.013020833333333301,0.0,1.0
ps_full,point,512,smd_ps_full_point_512,6021,0.954609375,0.9551425920772181,0.96609375,0.056875,5,5,2,3,160,160,5120,5.0,2.0,-0.01171875,1.0,0.0,-0.00390625000000005,1.0,0.0,0.0031249999999999997,1.0,0.0,0.01406249999999995,0.0,0.0
ps_full,point,512,smd_ps_full_point_512,6022,0.953046875,0.9552868971006788,0.9915625,0.08546875,5,5,2,3,160,160,5120,5.0,2.0,0.02734375,0.0,0.0,0.0247395833333333,0.0,0.0,0.0210937499999999,0.0,0.0,0.021875,0.0,0.0
ps_full,point,512,smd_ps_full_point_512,6023,0.9546875,0.9566745941130401,0.9896875,0.0803125,5,5,2,3,160,160,5120,5.0,2.0,0.03515625,0.0,0.0,0.0169270833333333,0.0,0.0,0.01718749999999995,1.0,0.0,0.016015625,1.0,0.0
ps_full,point,512,smd_ps_full_point_512,6024,0.932578125,0.9349811207055707,0.96875,0.10359375,4,4,3,1,128,128,4096,4.0,3.0,0.06770833333333333,0.0,0.0,0.06684027777777773,0.0,0.0,0.061979166666666606,0.0,0.0,0.06953124999999998,0.0,0.0
ps_full,point,512,smd_ps_full_point_512,6025,0.951953125,0.9531088979189474,0.97234375,0.0684375,4,4,4,0,128,128,4096,4.0,4.0,0.0234375,0.0,0.0,0.016927083333333297,0.0,0.0,0.019531249999999948,0.0,0.0,0.023828124999999947,0.0,0.0
ps_full,point,512,smd_ps_full_point_512,6026,0.933984375,0.9376088673218542,0.97921875,0.11125,4,4,2,2,128,128,4096,4.0,2.0,0.0390625,0.0,0.0,0.0364583333333333,0.0,0.0,0.04609374999999995,0.0,0.0,0.04921874999999995,0.0,0.0
ps_full,point,512,smd_ps_full_point_512,6027,0.933515625,0.9353224867368336,0.95875,0.09171875,5,5,3,2,160,160,5120,5.0,3.0,0.015625,1.0,0.0,0.019097222222222165,0.0,0.0,0.025520833333333267,0.0,0.0,0.03411458333333326,0.0,0.0
ps_full,point,512,smd_ps_full_point_512,6028,0.94046875,0.9414780690559276,0.95890625,0.07796875,3,3,3,0,96,96,3072,3.0,3.0,0.026041666666666668,0.0,0.0,0.019965277777777703,0.0,0.0,0.026562499999999933,0.0,0.0,0.030729166666666568,0.0,0.0
ps_full,point,512,smd_ps_full_point_512,6029,0.956875,0.9587936218788172,0.993125,0.079375,5,5,2,3,160,160,5120,5.0,2.0,0.0,1.0,0.0,0.0065104166666665984,1.0,0.0,0.00703125000000005,1.0,0.0,0.007031249999999999,1.0,0.0
ps_full,point,512,smd_ps_full_point_512,6030,0.940703125,0.9432673113010861,0.9715625,0.09015625,4,4,4,0,128,128,4096,4.0,4.0,0.015625,1.0,0.0,0.01236979166666665,2.0,0.0,0.013671875,2.0,0.0,0.020507812499999972,1.0,0.0
ps_full,point,2000,smd_ps_full_point_2000,6001,0.95140625,0.9512493059024902,0.95484375,0.05203125,3,3,3,0,96,96,12000,3.0,3.0,0.020833333333333332,0.0,0.0,0.0190972222222222,1.0,0.0,0.025000000000000033,1.0,0.0,0.029427083333333298,1.0,0.0
ps_full,point,2000,smd_ps_full_point_2000,6002,0.946796875,0.948013249262622,0.969375,0.07578125,3,3,3,0,96,96,12000,3.0,3.0,0.036458333333333336,0.0,0.0,0.028645833333333332,0.0,0.0,0.026562499999999965,0.0,0.0,0.03541666666666663,0.0,0.0
ps_full,point,2000,smd_ps_full_point_2000,6003,0.9421875,0.9433795507735989,0.9640625,0.0796875,2,2,2,0,64,64,8000,2.0,2.0,0.06640625,0.0,0.0,0.06901041666666664,1.0,0.0,0.06874999999999995,1.0,0.0,0.06210937500000005,1.0,0.0
ps_full,point,2000,smd_ps_full_point_2000,6004,0.943671875,0.9434577181196626,0.9534375,0.06609375,4,4,2,2,128,128,16000,4.0,2.0,0.0625,0.0,0.0,0.0533854166666667,0.0,0.0,0.05703125,0.0,0.0,0.06289062499999999,0.0,0.0
ps_full,point,2000,smd_ps_full_point_2000,6005,0.95484375,0.9557156254793163,0.9746875,0.065,4,4,3,1,128,128,16000,4.0,3.0,0.0234375,0.0,0.0,0.020833333333333332,0.0,0.0,0.026562499999999965,1.0,0.0,0.029947916666666668,1.0,0.0
ps_full,point,2000,smd_ps_full_point_2000,6006,0.965859375,0.9671379062707601,0.99453125,0.0628125,6,6,2,4,192,192,24000,6.0,2.0,-0.00390625,1.0,0.0,0.0078125,1.0,0.0,0.01171875000000005,1.0,0.0,0.012890625,1.0,0.0
ps_full,point,2000,smd_ps_full_point_2000,6007,0.951015625,0.9513677396046347,0.96296875,0.0609375,4,4,3,1,128,128,16000,4.0,3.0,0.020833333333333332,0.0,0.0,0.026909722222222234,1.0,0.0,0.02708333333333333,1.0,0.0,0.03046875,1.0,0.0
ps_full,point,2000,smd_ps_full_point_2000,6008,0.96421875,0.9656114619751384,0.99265625,0.06421875,3,3,3,0,96,96,12000,3.0,3.0,0.026041666666666668,0.0,0.0,0.012152777777777768,0.0,0.0,0.014583333333333332,0.0,0.0,0.011718750000000033,1.0,0.0
ps_full,point,2000,smd_ps_full_point_2000,6009,0.953515625,0.9550509764819719,0.980625,0.07359375,4,4,4,0,128,128,16000,4.0,4.0,0.0078125,1.0,0.0,0.016927083333333325,1.0,0.0,0.014453124999999999,1.0,0.0,0.021289062499999976,1.0,0.0
ps_full,point,2000,smd_ps_full_point_2000,6010,0.959140625,0.9610329329160598,0.99390625,0.075625,4,4,3,1,128,128,16000,4.0,3.0,0.005208333333333333,1.0,0.0,0.013020833333333232,1.0,0.0,0.011979166666666666,1.0,0.0,0.010937499999999933,1.0,0.0
ps_full,point,2000,smd_ps_full_point_2000,6011,0.94765625,0.9475388241681871,0.9603125,0.065,4,4,2,2,128,128,16000,4.0,2.0,0.046875,0.0,0.0,0.05338541666666665,0.0,0.0,0.05859375,0.0,0.0,0.07421874999999994,0.0,0.0
ps_full,point,2000,smd_ps_full_point_2000,6012,0.958203125,0.9588290002314365,0.9725,0.05609375,4,4,3,1,128,128,16000,4.0,3.0,0.033854166666666664,0.0,0.0,0.030381944444444434,0.0,0.0,0.03281249999999996,0.0,0.0,0.0348958333333333,0.0,0.0
ps_full,point,2000,smd_ps_full_point_2000,6013,0.955390625,0.9555876479215185,0.96421875,0.0534375,4,4,3,1,128,128,16000,4.0,3.0,0.0390625,0.0,0.0,0.033854166666666664,0.0,0.0,0.03593749999999996,0.0,0.0,0.035937499999999935,0.0,0.0
ps_full,point,2000,smd_ps_full_point_2000,6014,0.943125,0.9425248555679693,0.95015625,0.06390625,3,3,3,0,96,96,12000,3.0,3.0,0.0546875,0.0,0.0,0.04947916666666662,0.0,0.0,0.043749999999999935,0.0,0.0,0.04531249999999993,0.0,0.0
ps_full,point,2000,smd_ps_full_point_2000,6015,0.9603125,0.9618643990865899,0.9925,0.071875,3,3,2,1,96,96,12000,3.0,2.0,0.01171875,0.0,0.0,0.0156249999999999,0.0,0.0,0.0078124999999999,0.0,0.0,0.00703124999999995,0.0,0.0
ps_full,point,2000,smd_ps_full_point_2000,6016,0.96015625,0.9617144027401298,0.9884375,0.068125,4,4,3,1,128,128,16000,4.0,3.0,0.0026041666666666665,0.0,0.0,0.0034722222222222,0.0,0.0,0.0046875,0.0,0.0,0.005729166666666667,0.0,0.0
ps_full,point,2000,smd_ps_full_point_2000,6017,0.961796875,0.9633561333342666,0.99375,0.07015625,4,4,3,1,128,128,16000,4.0,3.0,-0.0026041666666666665,1.0,0.0,0.004340277777777767,1.0,0.0,0.005729166666666667,1.0,0.0,0.0091145833333333,1.0,0.0
ps_full,point,2000,smd_ps_full_point_2000,6018,0.966015625,0.966880619504642,0.984375,0.05234375,4,4,4,0,128,128,16000,4.0,4.0,0.00390625,1.0,0.0,0.00846354166666665,1.0,0.0,0.015104166666666667,1.0,1.0,0.017708333333333336,1.0,1.0
ps_full,point,2000,smd_ps_full_point_2000,6019,0.96875,0.9696878514265254,0.99234375,0.05484375,5,5,2,3,160,160,20000,5.0,2.0,0.0234375,0.0,0.0,0.010416666666666649,0.0,0.0,0.0125,0.0,0.0,0.01601562499999995,0.0,0.0
ps_full,point,2000,smd_ps_full_point_2000,6020,0.955234375,0.9558940360073725,0.969375,0.05890625,5,5,3,2,160,160,20000,5.0,3.0,0.0234375,1.0,0.0,0.018229166666666668,1.0,0.0,0.021354166666666632,1.0,0.0,0.027343749999999962,1.0,0.0
ps_full,point,2000,smd_ps_full_point_2000,6021,0.960703125,0.9614993459086272,0.976875,0.05546875,4,4,3,1,128,128,16000,4.0,3.0,-0.0026041666666666665,2.0,0.0,-0.0008680555555555675,1.0,0.0,0.001041666666666733,2.0,0.0,0.006510416666666633,2.0,0.0
ps_full,point,2000,smd_ps_full_point_2000,6022,0.948984375,0.949476662114884,0.9684375,0.07046875,3,3,3,0,96,96,12000,3.0,3.0,-0.010416666666666666,1.0,0.0,-0.0034722222222222654,1.0,0.0,-0.0046875000000000016,1.0,0.0,-0.007812500000000033,1.0,0.0
ps_full,point,2000,smd_ps_full_point_2000,6023,0.955078125,0.9560578955194466,0.97375,0.06359375,4,4,3,1,128,128,16000,4.0,3.0,0.0078125,1.0,0.0,0.007812500000000033,1.0,0.0,0.0026041666666666665,2.0,0.0,0.0039062499999999666,1.0,0.0
ps_full,point,2000,smd_ps_full_point_2000,6024,0.94328125,0.9444166509229364,0.96671875,0.08015625,4,4,3,1,128,128,16000,4.0,3.0,0.06510416666666667,1.0,0.0,0.05902777777777777,1.0,0.0,0.060937500000000006,1.0,0.0,0.06796875000000001,1.0,0.0
ps_full,point,2000,smd_ps_full_point_2000,6025,0.952421875,0.9535243241044137,0.9734375,0.06859375,4,4,4,0,128,128,16000,4.0,4.0,0.025390625,0.0,0.0,0.0240885416666666,0.0,0.0,0.024609375000000003,0.0,0.0,0.026171874999999973,0.0,0.0
ps_full,point,2000,smd_ps_full_point_2000,6026,0.9528125,0.9541545769973241,0.9775,0.071875,4,4,2,2,128,128,16000,4.0,2.0,0.05859375,0.0,0.0,0.05598958333333325,0.0,0.0,0.0578125,0.0,0.0,0.060156249999999946,0.0,0.0
ps_full,point,2000,smd_ps_full_point_2000,6027,0.950546875,0.9500444554370163,0.9525,0.05140625,5,5,3,2,160,160,20000,5.0,3.0,0.0078125,1.0,0.0,0.028645833333333332,1.0,0.0,0.029687499999999967,1.0,0.0,0.03567708333333334,1.0,0.0
ps_full,point,2000,smd_ps_full_point_2000,6028,0.951484375,0.951592936392029,0.959375,0.05640625,3,3,3,0,96,96,12000,3.0,3.0,0.026041666666666668,0.0,0.0,0.025173611111111067,1.0,0.0,0.03125,1.0,0.0,0.03437499999999997,0.0,0.0
ps_full,point,2000,smd_ps_full_point_2000,6029,0.964140625,0.9649573849372934,0.983125,0.05484375,4,4,2,2,128,128,16000,4.0,2.0,-0.00390625,1.0,0.0,-0.0013020833333333,1.0,0.0,-0.00078124999999995,1.0,0.0,-0.001171875,1.0,0.0
ps_full,point,2000,smd_ps_full_point_2000,6030,0.945234375,0.9473464175164422,0.971875,0.08140625,4,4,4,0,128,128,16000,4.0,4.0,0.00390625,2.0,0.0,0.0078125,2.0,0.0,0.014062499999999948,2.0,0.0,0.021484374999999972,1.0,0.0
ps_full,strict,512,smd_ps_full_strict_512,6001,0.9440625,0.9441111216889893,0.95,0.061875,3,3,3,0,96,96,3072,3.0,3.0,0.005208333333333333,1.0,0.0,0.017361111111111067,1.0,0.0,0.019791666666666666,1.0,0.0,0.022656250000000003,1.0,0.0
ps_full,strict,512,smd_ps_full_strict_512,6002,0.937578125,0.9393056586255614,0.97015625,0.095,5,5,3,2,160,160,5120,5.0,3.0,0.028645833333333332,1.0,0.0,0.029513888888888836,1.0,0.0,0.032812500000000036,1.0,0.0,0.035546875000000054,1.0,1.0
ps_full,strict,512,smd_ps_full_strict_512,6003,0.936875,0.938937723011415,0.9690625,0.0953125,4,4,2,2,128,128,4096,4.0,2.0,0.078125,0.0,0.0,0.07552083333333334,0.0,0.0,0.08046874999999995,0.0,0.0,0.077734375,0.0,0.0
ps_full,strict,512,smd_ps_full_strict_512,6004,0.942421875,0.9440107242803086,0.965625,0.08078125,4,4,2,2,128,128,4096,4.0,2.0,0.015625,0.0,0.0,0.01953124999999995,1.0,0.0,0.02265625,1.0,0.0,0.03281250000000005,1.0,0.0
ps_full,strict,512,smd_ps_full_strict_512,6005,0.949140625,0.9506057501800431,0.975,0.07671875,5,5,3,2,160,160,5120,5.0,3.0,0.03125,0.0,0.0,0.018229166666666602,0.0,1.0,0.02890624999999995,0.0,1.0,0.032421875,0.0,1.0
ps_full,strict,512,smd_ps_full_strict_512,6006,0.961953125,0.9633382023380759,0.991875,0.06796875,7,7,1,6,224,224,7168,7.0,1.0,0.0234375,0.0,0.0,0.046875,0.0,0.0,0.0374999999999999,0.0,0.0,0.0414062499999999,0.0,0.0
ps_full,strict,512,smd_ps_full_strict_512,6007,0.942734375,0.9417406520747555,0.9465625,0.06109375,4,4,2,2,128,128,4096,4.0,2.0,0.05078125,0.0,0.0,0.05078125,1.0,0.0,0.050000000000000044,1.0,0.0,0.06054687499999995,0.0,0.0
ps_full,strict,512,smd_ps_full_strict_512,6008,0.96140625,0.9625513992409462,0.985625,0.0628125,5,5,2,3,160,160,5120,5.0,2.0,-0.01171875,1.0,0.0,0.0078125,1.0,0.0,0.0007812499999999998,1.0,0.0,0.00507812499999995,0.0,0.0
ps_full,strict,512,smd_ps_full_strict_512,6009,0.943125,0.9452505386110011,0.9796875,0.0934375,7,7,2,5,224,224,7168,7.0,2.0,0.0390625,0.0,0.0,0.0403645833333333,0.0,0.0,0.03593749999999995,0.0,0.0,0.03789062499999995,0.0,0.0
ps_full,strict,512,smd_ps_full_strict_512,6010,0.95140625,0.9533906161497832,0.99078125,0.08796875,8,8,0,8,256,256,8192,8.0,0.0,,0.0,0.0,,0.0,0.0,,0.0,0.0,,0.0,0.0
ps_full,strict,512,smd_ps_full_strict_512,6011,0.9290625,0.9285357427769175,0.929375,0.07125,4,4,3,1,128,128,4096,4.0,3.0,0.0234375,0.0,0.0,0.026041666666666668,0.0,0.0,0.027083333333333303,0.0,0.0,0.0302083333333333,0.0,0.0
ps_full,strict,512,smd_ps_full_strict_512,6012,0.93359375,0.9368994046868199,0.97828125,0.11109375,5,5,3,2,160,160,5120,5.0,3.0,0.0390625,0.0,0.0,0.0373263888888889,0.0,0.0,0.0348958333333333,0.0,0.0,0.033854166666666664,0.0,0.0
ps_full,strict,512,smd_ps_full_strict_512,6013,0.94890625,0.9499571753024983,0.97140625,0.07359375,5,5,2,3,160,160,5120,5.0,2.0,0.06640625,0.0,0.0,0.05468749999999995,0.0,0.0,0.062499999999999896,0.0,0.0,0.06796874999999995,0.0,0.0
ps_full,strict,512,smd_ps_full_strict_512,6014,0.92640625,0.9239851359629648,0.92109375,0.06828125,4,4,2,2,128,128,4096,4.0,2.0,0.05859375,1.0,0.0,0.0807291666666666,0.0,0.0,0.07343749999999995,0.0,0.0,0.084765625,0.0,0.0
ps_full,strict,512,smd_ps_full_strict_512,6015,0.943515625,0.9468123800394787,0.99734375,0.1103125,6,6,1,5,192,192,6144,6.0,1.0,-0.0078125,1.0,0.0,-0.0182291666666667,1.0,0.0,-0.0171875,1.0,0.0,-0.01953125,1.0,0.0
ps_full,strict,512,smd_ps_full_strict_512,6016,0.951953125,0.9539059313806658,0.9875,0.08359375,5,5,1,4,160,160,5120,5.0,1.0,-0.0078125,1.0,0.0,0.0182291666666666,0.0,0.0,0.0031249999999999,0.0,0.0,0.0062499999999999,0.0,0.0
ps_full,strict,512,smd_ps_full_strict_512,6017,0.959140625,0.9605485401898777,0.98953125,0.07125,7,7,1,6,224,224,7168,7.0,1.0,0.0078125,0.0,0.0,-0.0052083333333333,1.0,0.0,0.0109375,0.0,0.0,0.0070312499999999,0.0,0.0
ps_full,strict,512,smd_ps_full_strict_512,6018,0.940390625,0.9395205041476222,0.9384375,0.05765625,7,7,1,6,224,224,7168,7.0,1.0,0.046875,0.0,0.0,0.0520833333333333,0.0,0.0,0.0812499999999999,0.0,0.0,0.0828124999999999,0.0,0.0
ps_full,strict,512,smd_ps_full_strict_512,6019,0.960703125,0.9616232367056544,0.98171875,0.0603125,5,5,1,4,160,160,5120,5.0,1.0,-0.015625,1.0,0.0,-0.0052083333333333,1.0,0.0,-0.0015625,1.0,0.0,0.00390625,0.0,0.0
ps_full,strict,512,smd_ps_full_strict_512,6020,0.937578125,0.938279008623941,0.95421875,0.0790625,4,4,2,2,128,128,4096,4.0,2.0,0.0625,0.0,0.0,0.04947916666666665,0.0,0.0,0.060156249999999994,0.0,0.0,0.0652343749999999,0.0,0.0
ps_full,strict,512,smd_ps_full_strict_512,6021,0.954609375,0.9551425920772181,0.96609375,0.056875,5,5,2,3,160,160,5120,5.0,2.0,-0.01171875,1.0,0.0,-0.00390625000000005,1.0,0.0,0.0031249999999999997,1.0,0.0,0.01406249999999995,0.0,0.0
ps_full,strict,512,smd_ps_full_strict_512,6022,0.953046875,0.9552868971006788,0.9915625,0.08546875,5,5,2,3,160,160,5120,5.0,2.0,0.02734375,0.0,0.0,0.0247395833333333,0.0,0.0,0.0210937499999999,0.0,0.0,0.021875,0.0,0.0
ps_full,strict,512,smd_ps_full_strict_512,6023,0.95,0.9522927599255638,0.98984375,0.08984375,6,6,2,4,192,192,6144,6.0,2.0,0.04296875,0.0,0.0,0.0195312499999999,0.0,0.0,0.01171874999999995,1.0,0.0,-0.0046874999999999,1.0,1.0
ps_full,strict,512,smd_ps_full_strict_512,6024,0.93875,0.9406977114317825,0.9703125,0.0928125,5,5,3,2,160,160,5120,5.0,3.0,0.06770833333333333,0.0,0.0,0.0703125,0.0,0.0,0.0697916666666666,0.0,0.0,0.07604166666666666,0.0,0.0
ps_full,strict,512,smd_ps_full_strict_512,6025,0.9284375,0.9260322882012302,0.91625,0.059375,5,5,2,3,160,160,5120,5.0,2.0,0.078125,0.0,0.0,0.0677083333333333,0.0,0.0,0.06328125,0.0,0.0,0.06523437499999994,0.0,0.0
ps_full,strict,512,smd_ps_full_strict_512,6026,0.933984375,0.9376088673218542,0.97921875,0.11125,4,4,2,2,128,128,4096,4.0,2.0,0.0390625,0.0,0.0,0.0364583333333333,0.0,0.0,0.04609374999999995,0.0,0.0,0.04921874999999995,0.0,0.0
ps_full,strict,512,smd_ps_full_strict_512,6027,0.93046875,0.9323774512207592,0.95875,0.0978125,5,5,2,3,160,160,5120,5.0,2.0,0.0078125,1.0,0.0,0.01562499999999995,0.0,0.0,0.0242187499999999,0.0,0.0,0.0386718749999999,0.0,0.0
ps_full,strict,512,smd_ps_full_strict_512,6028,0.938359375,0.9394680964413239,0.958125,0.08140625,5,5,3,2,160,160,5120,5.0,3.0,0.03515625,0.0,1.0,0.02734374999999995,0.0,1.0,0.03671874999999995,0.0,1.0,0.0414062499999999,0.0,1.0
ps_full,strict,512,smd_ps_full_strict_512,6029,0.96171875,0.9626760094578628,0.98328125,0.05984375,4,4,2,2,128,128,4096,4.0,2.0,-0.00390625,1.0,0.0,-0.006510416666666701,2.0,0.0,-0.00234374999999995,1.0,0.0,-0.00039062499999995004,1.0,0.0
ps_full,strict,512,smd_ps_full_strict_512,6030,0.916171875,0.9107198388663421,0.8925,0.06015625,5,5,2,3,160,160,5120,5.0,2.0,0.05859375,0.0,0.0,0.0729166666666666,0.0,0.0,0.0796875,0.0,0.0,0.08515624999999995,0.0,0.0
ps_full,strict,2000,smd_ps_full_strict_2000,6001,0.95078125,0.950678533794442,0.955625,0.0540625,4,4,3,1,128,128,16000,4.0,3.0,0.026041666666666668,0.0,0.0,0.024305555555555535,1.0,0.0,0.027604166666666697,1.0,0.0,0.030989583333333265,1.0,0.0
ps_full,strict,2000,smd_ps_full_strict_2000,6002,0.9459375,0.9472798869253019,0.9709375,0.0790625,4,4,3,1,128,128,16000,4.0,3.0,0.0390625,0.0,0.0,0.03211805555555553,0.0,0.0,0.03177083333333327,0.0,0.0,0.03671874999999997,0.0,0.0
ps_full,strict,2000,smd_ps_full_strict_2000,6003,0.945234375,0.94660668618194,0.97015625,0.0796875,4,4,2,2,128,128,16000,4.0,2.0,0.078125,0.0,0.0,0.08203125,0.0,0.0,0.0874999999999999,0.0,0.0,0.08242187499999999,0.0,0.0
ps_full,strict,2000,smd_ps_full_strict_2000,6004,0.943125,0.9430967235383069,0.95640625,0.07015625,6,6,2,4,192,192,24000,6.0,2.0,0.0703125,0.0,0.0,0.06770833333333334,0.0,0.0,0.07031249999999994,0.0,0.0,0.07265624999999999,0.0,0.0
ps_full,strict,2000,smd_ps_full_strict_2000,6005,0.95234375,0.9533316583423147,0.9746875,0.07,5,5,3,2,160,160,20000,5.0,3.0,0.028645833333333332,0.0,0.0,0.0234375,0.0,1.0,0.03046875,1.0,1.0,0.03515625,1.0,1.0
ps_full,strict,2000,smd_ps_full_strict_2000,6006,0.9621875,0.9635636321541324,0.99171875,0.06734375,7,7,1,6,224,224,28000,7.0,1.0,0.0234375,0.0,0.0,0.046875,0.0,0.0,0.0374999999999999,0.0,0.0,0.0414062499999999,0.0,0.0
ps_full,strict,2000,smd_ps_full_strict_2000,6007,0.946796875,0.9472997438534059,0.96234375,0.06875,6,6,2,4,192,192,24000,6.0,2.0,0.01953125,0.0,0.0,0.0299479166666667,1.0,0.0,0.03125000000000005,1.0,0.0,0.036718749999999994,1.0,0.0
ps_full,strict,2000,smd_ps_full_strict_2000,6008,0.96015625,0.9613780585340055,0.98609375,0.06578125,5,5,2,3,160,160,20000,5.0,2.0,-0.0078125,1.0,0.0,-0.00911458333333335,2.0,0.0,-0.00234374999999995,1.0,0.0,-0.00078125,1.0,0.0
ps_full,strict,2000,smd_ps_full_strict_2000,6009,0.951796875,0.9533869690811412,0.98109375,0.0775,4,4,3,1,128,128,16000,4.0,3.0,0.010416666666666666,1.0,0.0,0.020833333333333332,1.0,0.0,0.017187500000000033,1.0,0.0,0.025781249999999967,1.0,0.0
ps_full,strict,2000,smd_ps_full_strict_2000,6010,0.95734375,0.9590902354163388,0.9925,0.0778125,7,7,1,6,224,224,28000,7.0,1.0,0.046875,0.0,0.0,0.0364583333333333,0.0,0.0,0.0375,0.0,0.0,0.0343749999999999,0.0,0.0
ps_full,strict,2000,smd_ps_full_strict_2000,6011,0.94765625,0.9475388241681871,0.9603125,0.065,4,4,2,2,128,128,16000,4.0,2.0,0.046875,0.0,0.0,0.05338541666666665,0.0,0.0,0.05859375,0.0,0.0,0.07421874999999994,0.0,0.0
ps_full,strict,2000,smd_ps_full_strict_2000,6012,0.9540625,0.9551300880360634,0.9753125,0.0671875,4,4,2,2,128,128,16000,4.0,2.0,0.02734375,1.0,0.0,0.0390625,0.0,0.0,0.0398437499999999,0.0,0.0,0.04570312499999995,0.0,0.0
ps_full,strict,2000,smd_ps_full_strict_2000,6013,0.952109375,0.9528086045053336,0.970625,0.06640625,5,5,2,3,160,160,20000,5.0,2.0,0.0625,0.0,0.0,0.05078125,0.0,0.0,0.059375,0.0,0.0,0.06445312499999994,0.0,0.0
ps_full,strict,2000,smd_ps_full_strict_2000,6014,0.941953125,0.9413833327516196,0.95,0.06609375,3,3,2,1,96,96,12000,3.0,2.0,0.07421875,0.0,0.0,0.07161458333333329,0.0,0.0,0.06328124999999996,0.0,0.0,0.06562499999999995,0.0,0.0
ps_full,strict,2000,smd_ps_full_strict_2000,6015,0.95796875,0.9597846335275151,0.9934375,0.0775,5,5,2,3,160,160,20000,5.0,2.0,0.015625,0.0,0.0,0.027343749999999903,0.0,0.0,0.0320312499999999,0.0,0.0,0.0238281249999999,0.0,0.0
ps_full,strict,2000,smd_ps_full_strict_2000,6016,0.95359375,0.9549079341659646,0.97828125,0.07109375,4,4,2,2,128,128,16000,4.0,2.0,0.01171875,1.0,0.0,0.0052083333333333,0.0,0.0,0.0023437499999998997,0.0,0.0,-0.003906250000000001,1.0,0.0
ps_full,strict,2000,smd_ps_full_strict_2000,6017,0.96171875,0.9631786394891617,0.9921875,0.06875,6,6,1,5,192,192,24000,6.0,1.0,0.0234375,0.0,0.0,0.0208333333333332,0.0,0.0,0.0265624999999999,0.0,0.0,0.0265624999999999,0.0,0.0
ps_full,strict,2000,smd_ps_full_strict_2000,6018,0.96578125,0.9666539255129382,0.984375,0.0528125,4,4,3,1,128,128,16000,4.0,3.0,0.0026041666666666665,1.0,0.0,0.010416666666666666,1.0,0.0,0.015104166666666667,1.0,0.0,0.017708333333333336,1.0,0.0
ps_full,strict,2000,smd_ps_full_strict_2000,6019,0.96578125,0.9663805769006331,0.980625,0.0490625,5,5,1,4,160,160,20000,5.0,1.0,0.0,0.0,0.0,-0.0026041666666666,1.0,0.0,0.0046874999999999,0.0,0.0,0.009375,0.0,0.0
ps_full,strict,2000,smd_ps_full_strict_2000,6020,0.953671875,0.9549542726279534,0.9796875,0.07234375,6,6,2,4,192,192,24000,6.0,2.0,0.0546875,0.0,0.0,0.04947916666666665,0.0,0.0,0.053125000000000006,0.0,0.0,0.053124999999999895,0.0,0.0
ps_full,strict,2000,smd_ps_full_strict_2000,6021,0.956171875,0.9566776969806081,0.96625,0.05390625,5,5,2,3,160,160,20000,5.0,2.0,-0.015625,1.0,0.0,-0.00390625000000005,1.0,0.0,0.0046875,0.0,0.0,0.0144531249999999,0.0,0.0
ps_full,strict,2000,smd_ps_full_strict_2000,6022,0.95140625,0.9532072053252449,0.98265625,0.07984375,6,6,1,5,192,192,24000,6.0,1.0,-0.015625,1.0,0.0,0.0052083333333333,0.0,0.0,0.0062499999999999,0.0,0.0,0.00390625,0.0,0.0
ps_full,strict,2000,smd_ps_full_strict_2000,6023,0.952265625,0.9528905418601213,0.9628125,0.05828125,5,5,1,4,160,160,20000,5.0,1.0,0.0859375,0.0,0.0,0.0494791666666666,0.0,0.0,0.0531249999999999,0.0,0.0,0.0554687499999999,0.0,0.0
ps_full,strict,2000,smd_ps_full_strict_2000,6024,0.9453125,0.946471821475663,0.9684375,0.0778125,5,5,3,2,160,160,20000,5.0,3.0,0.08072916666666667,0.0,0.0,0.07638888888888887,0.0,0.0,0.07291666666666664,0.0,0.0,0.07578124999999997,0.0,0.0
ps_full,strict,2000,smd_ps_full_strict_2000,6025,0.952421875,0.9535243241044137,0.9734375,0.06859375,4,4,4,0,128,128,16000,4.0,4.0,0.025390625,0.0,0.0,0.0240885416666666,0.0,0.0,0.024609375000000003,0.0,0.0,0.026171874999999973,0.0,0.0
ps_full,strict,2000,smd_ps_full_strict_2000,6026,0.9528125,0.9541545769973241,0.9775,0.071875,4,4,2,2,128,128,16000,4.0,2.0,0.05859375,0.0,0.0,0.05598958333333325,0.0,0.0,0.0578125,0.0,0.0,0.060156249999999946,0.0,0.0
ps_full,strict,2000,smd_ps_full_strict_2000,6027,0.953203125,0.9529383276118933,0.959375,0.05296875,5,5,2,3,160,160,20000,5.0,2.0,0.046875,0.0,0.0,0.04036458333333335,0.0,0.0,0.05234375,0.0,0.0,0.0636718749999999,0.0,0.0
ps_full,strict,2000,smd_ps_full_strict_2000,6028,0.949296875,0.9494509126806786,0.9584375,0.05984375,5,5,2,3,160,160,20000,5.0,2.0,0.03515625,0.0,0.0,0.0325520833333333,1.0,0.0,0.04296875,1.0,0.0,0.04765624999999995,0.0,0.0
ps_full,strict,2000,smd_ps_full_strict_2000,6029,0.9628125,0.963690267936636,0.98328125,0.05765625,5,5,1,4,160,160,20000,5.0,1.0,0.0,0.0,0.0,0.0026041666666666,0.0,0.0,-0.0015624999999999,1.0,0.0,-0.0046874999999999,1.0,0.0
ps_full,strict,2000,smd_ps_full_strict_2000,6030,0.94375,0.9436777021464684,0.95453125,0.06703125,5,5,2,3,160,160,20000,5.0,2.0,0.0546875,1.0,0.0,0.05729166666666665,0.0,0.0,0.05937499999999995,0.0,0.0,0.06640624999999994,0.0,0.0
unsw_full,never,n/a,smd_unsw_full_never,6001,0.82140625,0.8477266108235739,,,0,0,0,0,0,0,0,,,,,,,,,,,,,,
unsw_full,never,n/a,smd_unsw_full_never,6002,0.838125,0.8570710905125073,,,0,0,0,0,0,0,0,,,,,,,,,,,,,,
unsw_full,never,n/a,smd_unsw_full_never,6003,0.83703125,0.8560126199114332,,,0,0,0,0,0,0,0,,,,,,,,,,,,,,
unsw_full,never,n/a,smd_unsw_full_never,6004,0.846015625,0.8546327179985563,,,0,0,0,0,0,0,0,,,,,,,,,,,,,,
unsw_full,never,n/a,smd_unsw_full_never,6005,0.830703125,0.8524689979392557,,,0,0,0,0,0,0,0,,,,,,,,,,,,,,
unsw_full,never,n/a,smd_unsw_full_never,6006,0.835703125,0.8571961223846978,,,0,0,0,0,0,0,0,,,,,,,,,,,,,,
unsw_full,never,n/a,smd_unsw_full_never,6007,0.843046875,0.8582507789430551,,,0,0,0,0,0,0,0,,,,,,,,,,,,,,
unsw_full,never,n/a,smd_unsw_full_never,6008,0.83671875,0.8567891891971461,,,0,0,0,0,0,0,0,,,,,,,,,,,,,,
unsw_full,never,n/a,smd_unsw_full_never,6009,0.83796875,0.8574503184699384,,,0,0,0,0,0,0,0,,,,,,,,,,,,,,
unsw_full,never,n/a,smd_unsw_full_never,6010,0.834765625,0.8547780804963189,,,0,0,0,0,0,0,0,,,,,,,,,,,,,,
unsw_full,never,n/a,smd_unsw_full_never,6011,0.835859375,0.8575060096900101,,,0,0,0,0,0,0,0,,,,,,,,,,,,,,
unsw_full,never,n/a,smd_unsw_full_never,6012,0.829921875,0.8523156182908181,,,0,0,0,0,0,0,0,,,,,,,,,,,,,,
unsw_full,never,n/a,smd_unsw_full_never,6013,0.825625,0.8502841721060054,,,0,0,0,0,0,0,0,,,,,,,,,,,,,,
unsw_full,never,n/a,smd_unsw_full_never,6014,0.830546875,0.852794529093384,,,0,0,0,0,0,0,0,,,,,,,,,,,,,,
unsw_full,never,n/a,smd_unsw_full_never,6015,0.8303125,0.8528199363032818,,,0,0,0,0,0,0,0,,,,,,,,,,,,,,
unsw_full,never,n/a,smd_unsw_full_never,6016,0.834765625,0.8547626407663923,,,0,0,0,0,0,0,0,,,,,,,,,,,,,,
unsw_full,never,n/a,smd_unsw_full_never,6017,0.838984375,0.8555834646598108,,,0,0,0,0,0,0,0,,,,,,,,,,,,,,
unsw_full,never,n/a,smd_unsw_full_never,6018,0.826015625,0.8499383435515202,,,0,0,0,0,0,0,0,,,,,,,,,,,,,,
unsw_full,never,n/a,smd_unsw_full_never,6019,0.832421875,0.854181471518324,,,0,0,0,0,0,0,0,,,,,,,,,,,,,,
unsw_full,never,n/a,smd_unsw_full_never,6020,0.823515625,0.8479643231947126,,,0,0,0,0,0,0,0,,,,,,,,,,,,,,
unsw_full,never,n/a,smd_unsw_full_never,6021,0.8325,0.8548676617065586,,,0,0,0,0,0,0,0,,,,,,,,,,,,,,
unsw_full,never,n/a,smd_unsw_full_never,6022,0.838828125,0.8589938948009644,,,0,0,0,0,0,0,0,,,,,,,,,,,,,,
unsw_full,never,n/a,smd_unsw_full_never,6023,0.8296875,0.8524495915513739,,,0,0,0,0,0,0,0,,,,,,,,,,,,,,
unsw_full,never,n/a,smd_unsw_full_never,6024,0.838828125,0.8574448669694746,,,0,0,0,0,0,0,0,,,,,,,,,,,,,,
unsw_full,never,n/a,smd_unsw_full_never,6025,0.8375,0.8580969898376858,,,0,0,0,0,0,0,0,,,,,,,,,,,,,,
unsw_full,never,n/a,smd_unsw_full_never,6026,0.831796875,0.8535120640197646,,,0,0,0,0,0,0,0,,,,,,,,,,,,,,
unsw_full,never,n/a,smd_unsw_full_never,6027,0.836953125,0.8568888721371506,,,0,0,0,0,0,0,0,,,,,,,,,,,,,,
unsw_full,never,n/a,smd_unsw_full_never,6028,0.829609375,0.8525853913622506,,,0,0,0,0,0,0,0,,,,,,,,,,,,,,
unsw_full,never,n/a,smd_unsw_full_never,6029,0.836484375,0.8556386851869964,,,0,0,0,0,0,0,0,,,,,,,,,,,,,,
unsw_full,never,n/a,smd_unsw_full_never,6030,0.826796875,0.8521756307863061,,,0,0,0,0,0,0,0,,,,,,,,,,,,,,
unsw_full,naive,512,smd_unsw_full_naive_512,6001,0.850234375,0.86750027058067,0.97375,0.27328125,2,2,2,0,0,0,2048,2.0,2.0,0.03515625,0.0,0.0,0.0286458333333333,0.0,0.0,0.022656250000000003,0.0,0.0,0.026953125,0.0,0.0
unsw_full,naive,512,smd_unsw_full_naive_512,6002,0.861953125,0.8743700297437804,0.9534375,0.22953125,3,3,3,0,0,0,3072,3.0,3.0,0.010416666666666666,1.0,0.0,0.016493055555555566,1.0,0.0,0.02031249999999997,1.0,0.0,0.021614583333333298,1.0,0.0
unsw_full,naive,512,smd_unsw_full_naive_512,6003,0.856875,0.8688408260634253,0.945,0.23125,3,3,3,0,0,0,3072,3.0,3.0,-0.005208333333333333,2.0,0.0,0.020833333333333266,1.0,0.0,0.021354166666666664,0.0,0.0,0.01640624999999993,0.0,0.0
unsw_full,naive,512,smd_unsw_full_naive_512,6004,0.840390625,0.85643918432045,0.94359375,0.2628125,2,2,2,0,0,0,2048,2.0,2.0,-0.02734375,1.0,0.0,-0.009114583333333351,1.0,0.0,-0.01015624999999995,1.0,0.0,-0.009374999999999951,2.0,0.0
unsw_full,naive,512,smd_unsw_full_naive_512,6005,0.852578125,0.8678514946478048,0.9615625,0.25640625,3,3,3,0,0,0,3072,3.0,3.0,0.0026041666666666665,2.0,0.0,0.013020833333333334,1.0,0.0,0.01979166666666667,1.0,0.0,0.0190104166666667,1.0,0.0
unsw_full,naive,512,smd_unsw_full_naive_512,6006,0.856171875,0.8709841738600613,0.9675,0.25515625,2,2,2,0,0,0,2048,2.0,2.0,0.03515625,0.0,0.0,0.02734374999999995,0.0,0.0,0.02031249999999995,0.0,0.0,0.0203125,0.0,0.0
unsw_full,naive,512,smd_unsw_full_naive_512,6007,0.85890625,0.8713212107223738,0.95078125,0.23296875,3,3,3,0,0,0,3072,3.0,3.0,0.028645833333333332,0.0,0.0,0.03298611111111107,0.0,0.0,0.0203125,0.0,1.0,0.008984375000000001,0.0,1.0
unsw_full,naive,512,smd_unsw_full_naive_512,6008,0.858828125,0.8716319163412348,0.9528125,0.23515625,2,2,2,0,0,0,2048,2.0,2.0,0.0234375,1.0,0.0,0.0247395833333333,0.0,0.0,0.02187499999999995,0.0,0.0,0.018359375,0.0,0.0
unsw_full,naive,512,smd_unsw_full_naive_512,6009,0.85046875,0.8668515710115875,0.9640625,0.263125,3,3,3,0,0,0,3072,3.0,3.0,0.020833333333333332,2.0,0.0,0.030381944444444434,1.0,0.0,0.0244791666666667,2.0,0.0,0.027864583333333304,1.0,0.0
unsw_full,naive,512,smd_unsw_full_naive_512,6010,0.84875,0.8651589881702735,0.96328125,0.26578125,2,2,2,0,0,0,2048,2.0,2.0,0.05078125,1.0,0.0,0.03255208333333335,1.0,0.0,0.034375,1.0,0.0,0.026953124999999953,1.0,0.0
unsw_full,naive,512,smd_unsw_full_naive_512,6011,0.858125,0.8729030096198157,0.96984375,0.25359375,3,3,3,0,0,0,3072,3.0,3.0,0.0078125,1.0,0.0,0.018229166666666633,1.0,0.0,0.01979166666666667,0.0,0.0,0.021874999999999964,0.0,0.0
unsw_full,naive,512,smd_unsw_full_naive_512,6012,0.8575,0.8709555914224272,0.95765625,0.24265625,3,3,3,0,0,0,3072,3.0,3.0,0.013020833333333334,0.0,0.0,0.013020833333333301,0.0,0.0,0.018750000000000034,1.0,0.0,0.015104166666666599,1.0,0.0
unsw_full,naive,512,smd_unsw_full_naive_512,6013,0.853515625,0.8685980305651028,0.96046875,0.2534375,3,3,3,0,0,0,3072,3.0,3.0,0.028645833333333332,0.0,0.0,0.02604166666666663,0.0,0.0,0.02864583333333337,1.0,0.0,0.027604166666666666,1.0,0.0
unsw_full,naive,512,smd_unsw_full_naive_512,6014,0.854375,0.8690426322953886,0.9625,0.25375,2,2,2,0,0,0,2048,2.0,2.0,0.01953125,0.0,0.0,0.01041666666666675,1.0,0.0,0.01796874999999995,1.0,0.0,0.01757812499999995,0.0,0.0
unsw_full,naive,512,smd_unsw_full_naive_512,6015,0.85453125,0.8700855473784942,0.9675,0.2584375,2,2,2,0,0,0,2048,2.0,2.0,0.0703125,0.0,0.0,0.05468749999999995,0.0,0.0,0.050781249999999944,0.0,0.0,0.043359375,0.0,0.0
unsw_full,naive,512,smd_unsw_full_naive_512,6016,0.856796875,0.8708171922201441,0.959375,0.24578125,3,3,3,0,0,0,3072,3.0,3.0,0.020833333333333332,1.0,0.0,0.025173611111111067,0.0,0.0,0.030208333333333337,0.0,0.0,0.023697916666666635,0.0,0.0
unsw_full,naive,512,smd_unsw_full_naive_512,6017,0.85453125,0.8680264325647084,0.95328125,0.24421875,3,3,3,0,0,0,3072,3.0,3.0,0.0234375,1.0,0.0,0.019097222222222168,0.0,0.0,0.018749999999999933,0.0,0.0,0.0158854166666667,1.0,0.0
unsw_full,naive,512,smd_unsw_full_naive_512,6018,0.84671875,0.8635609116366608,0.965625,0.2721875,2,2,2,0,0,0,2048,2.0,2.0,0.01953125,1.0,0.0,0.01432291666666665,0.0,0.0,0.01015624999999995,0.0,0.0,0.0140625,0.0,0.0
unsw_full,naive,512,smd_unsw_full_naive_512,6019,0.848359375,0.8655983609460801,0.97046875,0.27375,2,2,2,0,0,0,2048,2.0,2.0,0.0,1.0,0.0,0.00911458333333335,0.0,0.0,0.009375,0.0,0.0,0.0105468749999999,0.0,0.0
unsw_full,naive,512,smd_unsw_full_naive_512,6020,0.85515625,0.8697130052980799,0.9603125,0.25,3,3,3,0,0,0,3072,3.0,3.0,0.018229166666666668,1.0,0.0,0.018229166666666668,0.0,0.0,0.02291666666666667,0.0,0.0,0.023437499999999934,0.0,0.0
unsw_full,naive,512,smd_unsw_full_naive_512,6021,0.859375,0.8729906923094026,0.961875,0.243125,2,2,2,0,0,0,2048,2.0,2.0,0.03125,0.0,0.0,0.03776041666666665,0.0,0.0,0.0335937499999999,0.0,0.0,0.029296874999999903,0.0,0.0
unsw_full,naive,512,smd_unsw_full_naive_512,6022,0.8640625,0.8769736665038471,0.9628125,0.2346875,3,3,3,0,0,0,3072,3.0,3.0,0.0078125,1.0,0.0,0.017361111111111133,1.0,0.0,0.018229166666666633,1.0,0.0,0.023177083333333365,1.0,0.0
unsw_full,naive,512,smd_unsw_full_naive_512,6023,0.85625,0.8705437053473715,0.95921875,0.24671875,2,2,2,0,0,0,2048,2.0,2.0,0.05078125,1.0,0.0,0.04296875,0.0,0.0,0.048437499999999946,0.0,0.0,0.03828124999999995,0.0,0.0
unsw_full,naive,512,smd_unsw_full_naive_512,6024,0.859296875,0.8725847502844652,0.958125,0.23953125,3,3,3,0,0,0,3072,3.0,3.0,0.018229166666666668,0.0,0.0,0.015625,0.0,0.0,0.0140625,0.0,0.0,0.012239583333333333,0.0,0.0
unsw_full,naive,512,smd_unsw_full_naive_512,6025,0.855390625,0.8704759188483143,0.966875,0.25609375,2,2,2,0,0,0,2048,2.0,2.0,0.01171875,0.0,0.0,0.02473958333333335,0.0,0.0,0.014062499999999999,1.0,0.0,0.01484375,1.0,0.0
unsw_full,naive,512,smd_unsw_full_naive_512,6026,0.8540625,0.8695511655615362,0.966875,0.25875,3,3,3,0,0,0,3072,3.0,3.0,-0.010416666666666666,2.0,0.0,0.009548611111111133,1.0,0.0,0.014583333333333332,1.0,0.0,0.016406250000000035,1.0,0.0
unsw_full,naive,512,smd_unsw_full_naive_512,6027,0.855546875,0.8702041823117298,0.963125,0.25203125,2,2,2,0,0,0,2048,2.0,2.0,0.015625,0.0,0.0,0.01171874999999995,1.0,0.0,0.0140625,0.0,0.0,0.01796874999999995,0.0,0.0
unsw_full,naive,512,smd_unsw_full_naive_512,6028,0.852890625,0.8661407222382933,0.94859375,0.2428125,3,3,3,0,0,0,3072,3.0,3.0,0.020833333333333332,0.0,0.0,0.0208333333333333,0.0,0.0,0.0197916666666666,0.0,0.0,0.015104166666666634,0.0,0.0
unsw_full,naive,512,smd_unsw_full_naive_512,6029,0.854921875,0.8690374320185115,0.959375,0.24953125,2,2,2,0,0,0,2048,2.0,2.0,0.0078125,1.0,0.0,0.015625,1.0,0.0,0.01562499999999995,1.0,0.0,0.01679687499999995,0.0,0.0
unsw_full,naive,512,smd_unsw_full_naive_512,6030,0.85953125,0.8726406908505884,0.9584375,0.239375,2,2,2,0,0,0,2048,2.0,2.0,0.0390625,0.0,0.0,0.01432291666666665,0.0,0.0,0.01015625,0.0,0.0,0.01796874999999995,0.0,0.0
unsw_full,naive,2000,smd_unsw_full_naive_2000,6001,0.868828125,0.8806264625603885,0.96265625,0.225,2,2,2,0,0,0,8000,2.0,2.0,0.02734375,0.0,0.0,0.0416666666666666,0.0,0.0,0.03437499999999995,0.0,0.0,0.0328124999999999,0.0,0.0
unsw_full,naive,2000,smd_unsw_full_naive_2000,6002,0.874296875,0.8835586864208416,0.94921875,0.200625,3,3,3,0,0,0,12000,3.0,3.0,0.005208333333333333,0.0,0.0,0.021701388888888867,0.0,0.0,0.020833333333333235,0.0,0.0,0.023437499999999962,0.0,0.0
unsw_full,naive,2000,smd_unsw_full_naive_2000,6003,0.8740625,0.8820347839460523,0.93921875,0.19109375,3,3,3,0,0,0,12000,3.0,3.0,0.005208333333333333,1.0,0.0,0.015624999999999932,0.0,0.0,0.019791666666666635,0.0,0.0,0.019791666666666635,0.0,0.0
unsw_full,naive,2000,smd_unsw_full_naive_2000,6004,0.863828125,0.8726264578108672,0.93015625,0.2025,2,2,2,0,0,0,8000,2.0,2.0,0.00390625,1.0,0.0,-0.00651041666666665,1.0,0.0,0.0046875,1.0,0.0,0.007421875000000051,1.0,0.0
unsw_full,naive,2000,smd_unsw_full_naive_2000,6005,0.871640625,0.8821736678691654,0.955,0.21171875,3,3,3,0,0,0,12000,3.0,3.0,0.044270833333333336,0.0,0.0,0.03125,0.0,0.0,0.03177083333333333,0.0,0.0,0.03151041666666667,0.0,0.0
unsw_full,naive,2000,smd_unsw_full_naive_2000,6006,0.876171875,0.8860183403982376,0.959375,0.20703125,2,2,2,0,0,0,8000,2.0,2.0,0.03125,0.0,0.0,0.022135416666666602,0.0,0.0,0.0195312499999999,0.0,0.0,0.0179687499999999,0.0,0.0
unsw_full,naive,2000,smd_unsw_full_naive_2000,6007,0.86640625,0.8779033875631835,0.95671875,0.22390625,3,3,3,0,0,0,12000,3.0,3.0,0.0234375,0.0,0.0,0.021701388888888867,0.0,0.0,0.0125,0.0,1.0,0.01796874999999995,0.0,1.0
unsw_full,naive,2000,smd_unsw_full_naive_2000,6008,0.871875,0.8816557146117167,0.94890625,0.20515625,2,2,2,0,0,0,8000,2.0,2.0,0.015625,0.0,0.0,0.01822916666666665,0.0,0.0,0.02734374999999995,0.0,0.0,0.03203125,0.0,0.0
unsw_full,naive,2000,smd_unsw_full_naive_2000,6009,0.87484375,0.88513098364924,0.9596875,0.21,3,3,3,0,0,0,12000,3.0,3.0,0.0234375,0.0,0.0,0.03211805555555547,0.0,0.0,0.025520833333333267,1.0,0.0,0.0315104166666666,0.0,0.0
unsw_full,naive,2000,smd_unsw_full_naive_2000,6010,0.861328125,0.8739081873349778,0.95609375,0.2334375,2,2,2,0,0,0,8000,2.0,2.0,0.0234375,0.0,0.0,0.014322916666666699,1.0,0.0,0.02109374999999995,0.0,0.0,0.02187499999999995,0.0,0.0
unsw_full,naive,2000,smd_unsw_full_naive_2000,6011,0.876015625,0.8869595119296075,0.968125,0.21609375,3,3,3,0,0,0,12000,3.0,3.0,0.03125,0.0,0.0,0.030381944444444434,0.0,0.0,0.0302083333333333,0.0,0.0,0.029427083333333298,0.0,0.0
unsw_full,naive,2000,smd_unsw_full_naive_2000,6012,0.873828125,0.8832549284316087,0.95015625,0.2025,3,3,3,0,0,0,12000,3.0,3.0,0.018229166666666668,0.0,0.0,0.027777777777777735,0.0,0.0,0.029687499999999967,0.0,0.0,0.026041666666666602,0.0,0.0
unsw_full,naive,2000,smd_unsw_full_naive_2000,6013,0.868359375,0.8786949465853501,0.94828125,0.2115625,3,3,3,0,0,0,12000,3.0,3.0,0.026041666666666668,0.0,0.0,0.0243055555555555,0.0,0.0,0.02760416666666667,0.0,0.0,0.030208333333333334,0.0,0.0
unsw_full,naive,2000,smd_unsw_full_naive_2000,6014,0.871328125,0.8824339262219858,0.96140625,0.21875,2,2,2,0,0,0,8000,2.0,2.0,0.03125,0.0,0.0,0.04166666666666665,0.0,0.0,0.03671874999999995,0.0,0.0,0.0355468749999999,0.0,0.0
unsw_full,naive,2000,smd_unsw_full_naive_2000,6015,0.87546875,0.88636200902719,0.965,0.2140625,2,2,2,0,0,0,8000,2.0,2.0,0.0859375,0.0,0.0,0.046875,0.0,0.0,0.04296874999999995,0.0,0.0,0.041015624999999944,0.0,0.0
unsw_full,naive,2000,smd_unsw_full_naive_2000,6016,0.875234375,0.8851077215231347,0.9559375,0.20546875,3,3,3,0,0,0,12000,3.0,3.0,0.015625,0.0,0.0,0.018229166666666633,0.0,0.0,0.026562499999999933,0.0,0.0,0.025781249999999967,0.0,0.0
unsw_full,naive,2000,smd_unsw_full_naive_2000,6017,0.875625,0.8840232411845708,0.9453125,0.1940625,3,3,3,0,0,0,12000,3.0,3.0,0.010416666666666666,1.0,0.0,0.0234375,0.0,0.0,0.019791666666666635,0.0,0.0,0.020833333333333332,0.0,0.0
unsw_full,naive,2000,smd_unsw_full_naive_2000,6018,0.862734375,0.8759381532158663,0.96515625,0.2396875,2,2,2,0,0,0,8000,2.0,2.0,0.015625,0.0,0.0,0.029947916666666602,0.0,0.0,0.025,0.0,0.0,0.035546875,0.0,0.0
unsw_full,naive,2000,smd_unsw_full_naive_2000,6019,0.86890625,0.8805971171647012,0.96203125,0.22421875,2,2,2,0,0,0,8000,2.0,2.0,0.03125,0.0,0.0,0.02604166666666665,0.0,0.0,0.02734374999999995,0.0,0.0,0.0281249999999999,0.0,0.0
unsw_full,naive,2000,smd_unsw_full_naive_2000,6020,0.869921875,0.8799632413184991,0.949375,0.20953125,3,3,3,0,0,0,12000,3.0,3.0,0.052083333333333336,0.0,0.0,0.031249999999999962,0.0,0.0,0.027604166666666635,0.0,0.0,0.029687499999999933,0.0,0.0
unsw_full,naive,2000,smd_unsw_full_naive_2000,6021,0.868359375,0.879894889200591,0.95984375,0.223125,2,2,2,0,0,0,8000,2.0,2.0,0.0390625,0.0,0.0,0.03515625,0.0,0.0,0.02890625,0.0,0.0,0.0285156249999999,0.0,0.0
unsw_full,naive,2000,smd_unsw_full_naive_2000,6022,0.873515625,0.8839154672775662,0.9578125,0.21078125,3,3,3,0,0,0,12000,3.0,3.0,0.020833333333333332,0.0,0.0,0.026909722222222168,0.0,0.0,0.019791666666666635,1.0,0.0,0.021874999999999967,0.0,0.0
unsw_full,naive,2000,smd_unsw_full_naive_2000,6023,0.873359375,0.8844593883401316,0.96296875,0.21625,2,2,2,0,0,0,8000,2.0,2.0,0.05859375,0.0,0.0,0.0546875,0.0,0.0,0.05937499999999995,0.0,0.0,0.04999999999999995,0.0,0.0
unsw_full,naive,2000,smd_unsw_full_naive_2000,6024,0.87765625,0.8862458025042598,0.94921875,0.19390625,3,3,3,0,0,0,12000,3.0,3.0,-0.0078125,2.0,0.0,0.009548611111111166,1.0,0.0,0.014062499999999966,0.0,0.0,0.016927083333333266,0.0,0.0
unsw_full,naive,2000,smd_unsw_full_naive_2000,6025,0.870625,0.8816902512139887,0.95984375,0.21859375,2,2,2,0,0,0,8000,2.0,2.0,0.03515625,0.0,0.0,0.02213541666666665,0.0,0.0,0.02109375,0.0,0.0,0.02265625,0.0,0.0
unsw_full,naive,2000,smd_unsw_full_naive_2000,6026,0.875234375,0.8854538663879942,0.95921875,0.20875,3,3,3,0,0,0,12000,3.0,3.0,0.0078125,0.0,0.0,0.014756944444444399,0.0,0.0,0.014062499999999934,0.0,0.0,0.022656249999999933,0.0,0.0
unsw_full,naive,2000,smd_unsw_full_naive_2000,6027,0.875,0.8850340232705572,0.95765625,0.20765625,2,2,2,0,0,0,8000,2.0,2.0,0.0390625,0.0,0.0,0.02734375,0.0,0.0,0.02812499999999995,0.0,0.0,0.03281249999999995,0.0,0.0
unsw_full,naive,2000,smd_unsw_full_naive_2000,6028,0.871875,0.8814573203220456,0.94921875,0.20546875,3,3,3,0,0,0,12000,3.0,3.0,0.044270833333333336,0.0,0.0,0.0381944444444444,0.0,0.0,0.0354166666666666,0.0,0.0,0.0302083333333333,0.0,0.0
unsw_full,naive,2000,smd_unsw_full_naive_2000,6029,0.870859375,0.8810795006129812,0.95359375,0.211875,2,2,2,0,0,0,8000,2.0,2.0,0.01171875,0.0,0.0,0.02994791666666665,0.0,0.0,0.028906249999999953,0.0,0.0,0.0335937499999999,0.0,0.0
unsw_full,naive,2000,smd_unsw_full_naive_2000,6030,0.867421875,0.879914993413679,0.9665625,0.23171875,2,2,2,0,0,0,8000,2.0,2.0,0.015625,0.0,0.0,0.01171875,0.0,0.0,0.0125,0.0,0.0,0.02031249999999995,0.0,0.0
unsw_full,point,512,smd_unsw_full_point_512,6001,0.850234375,0.86750027058067,0.97375,0.27328125,2,2,2,0,64,64,2048,2.0,2.0,0.03515625,0.0,0.0,0.0286458333333333,0.0,0.0,0.022656250000000003,0.0,0.0,0.026953125,0.0,0.0
unsw_full,point,512,smd_unsw_full_point_512,6002,0.851484375,0.8679998526456736,0.9665625,0.26359375,4,4,2,2,128,128,4096,4.0,2.0,0.015625,1.0,0.0,0.0364583333333333,1.0,0.0,0.03359374999999995,1.0,0.0,0.028906249999999998,1.0,0.0
unsw_full,point,512,smd_unsw_full_point_512,6003,0.856875,0.8688408260634253,0.945,0.23125,3,3,3,0,96,96,3072,3.0,3.0,-0.005208333333333333,2.0,0.0,0.020833333333333266,1.0,0.0,0.021354166666666664,0.0,0.0,0.01640624999999993,0.0,0.0
unsw_full,point,512,smd_unsw_full_point_512,6004,0.85859375,0.8675095321019612,0.9221875,0.205,4,4,1,3,128,128,4096,4.0,1.0,0.0234375,0.0,0.0,0.0078125,0.0,0.0,0.0187499999999999,0.0,0.0,0.0234375,0.0,0.0
unsw_full,point,512,smd_unsw_full_point_512,6005,0.856171875,0.8684506009836552,0.945,0.23265625,4,4,3,1,128,128,4096,4.0,3.0,0.020833333333333332,1.0,0.0,0.01562499999999993,0.0,0.0,0.012500000000000002,1.0,0.0,0.016927083333333332,1.0,0.0
unsw_full,point,512,smd_unsw_full_point_512,6006,0.856171875,0.8709841738600613,0.9675,0.25515625,2,2,2,0,64,64,2048,2.0,2.0,0.03515625,0.0,0.0,0.02734374999999995,0.0,0.0,0.02031249999999995,0.0,0.0,0.0203125,0.0,0.0
unsw_full,point,512,smd_unsw_full_point_512,6007,0.85890625,0.8713212107223738,0.95078125,0.23296875,3,3,3,0,96,96,3072,3.0,3.0,0.028645833333333332,0.0,0.0,0.03298611111111107,0.0,0.0,0.0203125,0.0,1.0,0.008984375000000001,0.0,1.0
unsw_full,point,512,smd_unsw_full_point_512,6008,0.859140625,0.8724619944280793,0.9575,0.23921875,3,3,2,1,96,96,3072,3.0,2.0,0.05859375,0.0,0.0,0.03906249999999995,0.0,0.0,0.03046875,0.0,0.0,0.0308593749999999,0.0,0.0
unsw_full,point,512,smd_unsw_full_point_512,6009,0.85046875,0.8668515710115875,0.9640625,0.263125,3,3,3,0,96,96,3072,3.0,3.0,0.020833333333333332,2.0,0.0,0.030381944444444434,1.0,0.0,0.0244791666666667,2.0,0.0,0.027864583333333304,1.0,0.0
unsw_full,point,512,smd_unsw_full_point_512,6010,0.850390625,0.8651379493059673,0.9515625,0.25078125,5,5,2,3,160,160,5120,5.0,2.0,0.01171875,0.0,0.0,0.03515625,1.0,0.0,0.03281250000000005,1.0,0.0,0.0320312499999999,0.0,0.0
unsw_full,point,512,smd_unsw_full_point_512,6011,0.854765625,0.8710361361097513,0.97625,0.26671875,4,4,1,3,128,128,4096,4.0,1.0,0.046875,0.0,0.0,0.046875,0.0,0.0,0.0406249999999999,0.0,0.0,0.03828125,0.0,0.0
unsw_full,point,512,smd_unsw_full_point_512,6012,0.8575,0.8709555914224272,0.95765625,0.24265625,3,3,3,0,96,96,3072,3.0,3.0,0.013020833333333334,0.0,0.0,0.013020833333333301,0.0,0.0,0.018750000000000034,1.0,0.0,0.015104166666666599,1.0,0.0
unsw_full,point,512,smd_unsw_full_point_512,6013,0.853515625,0.8685980305651028,0.96046875,0.2534375,3,3,3,0,96,96,3072,3.0,3.0,0.028645833333333332,0.0,0.0,0.02604166666666663,0.0,0.0,0.02864583333333337,1.0,0.0,0.027604166666666666,1.0,0.0
unsw_full,point,512,smd_unsw_full_point_512,6014,0.854375,0.8690426322953886,0.9625,0.25375,2,2,2,0,64,64,2048,2.0,2.0,0.01953125,0.0,0.0,0.01041666666666675,1.0,0.0,0.01796874999999995,1.0,0.0,0.01757812499999995,0.0,0.0
unsw_full,point,512,smd_unsw_full_point_512,6015,0.855234375,0.8702976219992661,0.96421875,0.25375,3,3,2,1,96,96,3072,3.0,2.0,0.046875,0.0,0.0,0.02994791666666665,1.0,0.0,0.02968749999999995,1.0,0.0,0.03320312499999995,0.0,0.0
unsw_full,point,512,smd_unsw_full_point_512,6016,0.856796875,0.8708171922201441,0.959375,0.24578125,3,3,3,0,96,96,3072,3.0,3.0,0.020833333333333332,1.0,0.0,0.025173611111111067,0.0,0.0,0.030208333333333337,0.0,0.0,0.023697916666666635,0.0,0.0
unsw_full,point,512,smd_unsw_full_point_512,6017,0.856484375,0.8695009954418939,0.95078125,0.2378125,4,4,3,1,128,128,4096,4.0,3.0,0.026041666666666668,1.0,0.0,0.028645833333333332,1.0,0.0,0.024479166666666666,1.0,0.0,0.0153645833333333,1.0,0.0
unsw_full,point,512,smd_unsw_full_point_512,6018,0.847578125,0.8649774514262013,0.9675,0.27234375,3,3,2,1,96,96,3072,3.0,2.0,0.0703125,0.0,0.0,0.0468749999999999,0.0,0.0,0.05156249999999995,0.0,0.0,0.046875,0.0,0.0
unsw_full,point,512,smd_unsw_full_point_512,6019,0.848359375,0.8655983609460801,0.97046875,0.27375,2,2,2,0,64,64,2048,2.0,2.0,0.0,1.0,0.0,0.00911458333333335,0.0,0.0,0.009375,0.0,0.0,0.0105468749999999,0.0,0.0
unsw_full,point,512,smd_unsw_full_point_512,6020,0.85046875,0.8674098172462085,0.97265625,0.27171875,3,3,2,1,96,96,3072,3.0,2.0,0.03515625,0.0,0.0,0.01822916666666665,1.0,0.0,0.028125,0.0,0.0,0.02968749999999995,0.0,0.0
unsw_full,point,512,smd_unsw_full_point_512,6021,0.858671875,0.8728305016018046,0.96328125,0.2459375,3,3,2,1,96,96,3072,3.0,2.0,0.015625,0.0,0.0,0.0338541666666667,0.0,0.0,0.03124999999999995,0.0,0.0,0.03320312499999995,0.0,0.0
unsw_full,point,512,smd_unsw_full_point_512,6022,0.8603125,0.8743032445244766,0.96671875,0.24609375,4,4,3,1,128,128,4096,4.0,3.0,0.010416666666666666,1.0,0.0,0.0199652777777778,1.0,0.0,0.01640625,1.0,1.0,0.02109375000000005,1.0,1.0
unsw_full,point,512,smd_unsw_full_point_512,6023,0.85625,0.8705437053473715,0.95921875,0.24671875,2,2,2,0,64,64,2048,2.0,2.0,0.05078125,1.0,0.0,0.04296875,0.0,0.0,0.048437499999999946,0.0,0.0,0.03828124999999995,0.0,0.0
unsw_full,point,512,smd_unsw_full_point_512,6024,0.860234375,0.8729295147784067,0.95453125,0.2340625,3,3,2,1,96,96,3072,3.0,2.0,0.015625,0.0,0.0,0.014322916666666649,0.0,0.0,0.01875,0.0,0.0,0.01484374999999995,0.0,0.0
unsw_full,point,512,smd_unsw_full_point_512,6025,0.860234375,0.8747721355362164,0.96984375,0.249375,4,4,2,2,128,128,4096,4.0,2.0,0.07421875,0.0,0.0,0.03906249999999995,0.0,0.0,0.03828124999999995,0.0,0.0,0.039453125,0.0,0.0
unsw_full,point,512,smd_unsw_full_point_512,6026,0.8540625,0.8695511655615362,0.966875,0.25875,3,3,3,0,96,96,3072,3.0,3.0,-0.010416666666666666,2.0,0.0,0.009548611111111133,1.0,0.0,0.014583333333333332,1.0,0.0,0.016406250000000035,1.0,0.0
unsw_full,point,512,smd_unsw_full_point_512,6027,0.855546875,0.8702041823117298,0.963125,0.25203125,2,2,2,0,64,64,2048,2.0,2.0,0.015625,0.0,0.0,0.01171874999999995,1.0,0.0,0.0140625,0.0,0.0,0.01796874999999995,0.0,0.0
unsw_full,point,512,smd_unsw_full_point_512,6028,0.845078125,0.8621438946927757,0.9628125,0.27265625,3,3,2,1,96,96,3072,3.0,2.0,0.0234375,1.0,0.0,0.02864583333333335,1.0,0.0,0.028906249999999998,1.0,0.0,0.02851562499999995,1.0,0.0
unsw_full,point,512,smd_unsw_full_point_512,6029,0.85921875,0.8723917381984357,0.958125,0.2396875,4,4,2,2,128,128,4096,4.0,2.0,0.04296875,0.0,0.0,0.04296875,0.0,0.0,0.0390624999999999,0.0,0.0,0.03710937499999995,0.0,0.0
unsw_full,point,512,smd_unsw_full_point_512,6030,0.85953125,0.8726406908505884,0.9584375,0.239375,2,2,2,0,64,64,2048,2.0,2.0,0.0390625,0.0,0.0,0.01432291666666665,0.0,0.0,0.01015625,0.0,0.0,0.01796874999999995,0.0,0.0
unsw_full,point,2000,smd_unsw_full_point_2000,6001,0.868828125,0.8806264625603885,0.96265625,0.225,2,2,2,0,64,64,8000,2.0,2.0,0.02734375,0.0,0.0,0.0416666666666666,0.0,0.0,0.03437499999999995,0.0,0.0,0.0328124999999999,0.0,0.0
unsw_full,point,2000,smd_unsw_full_point_2000,6002,0.874296875,0.8835586864208416,0.94921875,0.200625,3,3,3,0,96,96,12000,3.0,3.0,0.005208333333333333,0.0,0.0,0.021701388888888867,0.0,0.0,0.020833333333333235,0.0,0.0,0.023437499999999962,0.0,0.0
unsw_full,point,2000,smd_unsw_full_point_2000,6003,0.8740625,0.8820347839460523,0.93921875,0.19109375,3,3,3,0,96,96,12000,3.0,3.0,0.005208333333333333,1.0,0.0,0.015624999999999932,0.0,0.0,0.019791666666666635,0.0,0.0,0.019791666666666635,0.0,0.0
unsw_full,point,2000,smd_unsw_full_point_2000,6004,0.863828125,0.8726264578108672,0.93015625,0.2025,2,2,2,0,64,64,8000,2.0,2.0,0.00390625,1.0,0.0,-0.00651041666666665,1.0,0.0,0.0046875,1.0,0.0,0.007421875000000051,1.0,0.0
unsw_full,point,2000,smd_unsw_full_point_2000,6005,0.862109375,0.8747873432131845,0.9571875,0.23296875,3,3,2,1,96,96,12000,3.0,2.0,0.05859375,0.0,0.0,0.0364583333333333,0.0,0.0,0.0390625,0.0,0.0,0.03242187499999995,0.0,0.0
unsw_full,point,2000,smd_unsw_full_point_2000,6006,0.876171875,0.8860183403982376,0.959375,0.20703125,2,2,2,0,64,64,8000,2.0,2.0,0.03125,0.0,0.0,0.022135416666666602,0.0,0.0,0.0195312499999999,0.0,0.0,0.0179687499999999,0.0,0.0
unsw_full,point,2000,smd_unsw_full_point_2000,6007,0.8740625,0.8827185697452031,0.9453125,0.1971875,3,3,2,1,96,96,12000,3.0,2.0,0.0390625,0.0,0.0,0.03515625,0.0,0.0,0.0289062499999999,0.0,0.0,0.02734374999999995,0.0,0.0
unsw_full,point,2000,smd_unsw_full_point_2000,6008,0.87171875,0.882519634816834,0.95640625,0.21296875,3,3,2,1,96,96,12000,3.0,2.0,0.0390625,0.0,0.0,0.03515625,0.0,0.0,0.03828124999999995,0.0,0.0,0.04531249999999995,0.0,0.0
unsw_full,point,2000,smd_unsw_full_point_2000,6009,0.8759375,0.8854168166128842,0.9553125,0.2034375,4,4,3,1,128,128,16000,4.0,3.0,0.018229166666666668,0.0,0.0,0.0199652777777777,0.0,0.0,0.022395833333333268,0.0,0.0,0.026302083333333268,0.0,0.0
unsw_full,point,2000,smd_unsw_full_point_2000,6010,0.861328125,0.8739081873349778,0.95609375,0.2334375,2,2,2,0,64,64,8000,2.0,2.0,0.0234375,0.0,0.0,0.014322916666666699,1.0,0.0,0.02109374999999995,0.0,0.0,0.02187499999999995,0.0,0.0
unsw_full,point,2000,smd_unsw_full_point_2000,6011,0.872265625,0.8838844506183754,0.9665625,0.22203125,3,3,2,1,96,96,12000,3.0,2.0,0.0390625,0.0,0.0,0.046875,0.0,0.0,0.05078125,0.0,0.0,0.0472656249999999,0.0,0.0
unsw_full,point,2000,smd_unsw_full_point_2000,6012,0.873828125,0.8832549284316087,0.95015625,0.2025,3,3,3,0,96,96,12000,3.0,3.0,0.018229166666666668,0.0,0.0,0.027777777777777735,0.0,0.0,0.029687499999999967,0.0,0.0,0.026041666666666602,0.0,0.0
unsw_full,point,2000,smd_unsw_full_point_2000,6013,0.868359375,0.8786949465853501,0.94828125,0.2115625,3,3,3,0,96,96,12000,3.0,3.0,0.026041666666666668,0.0,0.0,0.0243055555555555,0.0,0.0,0.02760416666666667,0.0,0.0,0.030208333333333334,0.0,0.0
unsw_full,point,2000,smd_unsw_full_point_2000,6014,0.871328125,0.8824339262219858,0.96140625,0.21875,2,2,2,0,64,64,8000,2.0,2.0,0.03125,0.0,0.0,0.04166666666666665,0.0,0.0,0.03671874999999995,0.0,0.0,0.0355468749999999,0.0,0.0
unsw_full,point,2000,smd_unsw_full_point_2000,6015,0.871328125,0.8830311626697113,0.96546875,0.2228125,3,3,2,1,96,96,12000,3.0,2.0,0.07421875,0.0,0.0,0.06770833333333334,0.0,0.0,0.06171875,0.0,0.0,0.0558593749999999,0.0,0.0
unsw_full,point,2000,smd_unsw_full_point_2000,6016,0.871953125,0.8824359923256742,0.9559375,0.21203125,3,3,2,1,96,96,12000,3.0,2.0,0.01171875,0.0,0.0,0.03515625,0.0,0.0,0.03515624999999995,0.0,0.0,0.03710937499999995,0.0,0.0
unsw_full,point,2000,smd_unsw_full_point_2000,6017,0.87375,0.8827547622696211,0.94671875,0.19921875,4,4,3,1,128,128,16000,4.0,3.0,0.0234375,0.0,0.0,0.01996527777777773,0.0,0.0,0.022395833333333268,0.0,0.0,0.024479166666666635,0.0,0.0
unsw_full,point,2000,smd_unsw_full_point_2000,6018,0.862734375,0.8759381532158663,0.96515625,0.2396875,2,2,2,0,64,64,8000,2.0,2.0,0.015625,0.0,0.0,0.029947916666666602,0.0,0.0,0.025,0.0,0.0,0.035546875,0.0,0.0
unsw_full,point,2000,smd_unsw_full_point_2000,6019,0.86890625,0.8805971171647012,0.96203125,0.22421875,2,2,2,0,64,64,8000,2.0,2.0,0.03125,0.0,0.0,0.02604166666666665,0.0,0.0,0.02734374999999995,0.0,0.0,0.0281249999999999,0.0,0.0
unsw_full,point,2000,smd_unsw_full_point_2000,6020,0.869921875,0.8799632413184991,0.949375,0.20953125,3,3,3,0,96,96,12000,3.0,3.0,0.052083333333333336,0.0,0.0,0.031249999999999962,0.0,0.0,0.027604166666666635,0.0,0.0,0.029687499999999933,0.0,0.0
unsw_full,point,2000,smd_unsw_full_point_2000,6021,0.868359375,0.879894889200591,0.95984375,0.223125,2,2,2,0,64,64,8000,2.0,2.0,0.0390625,0.0,0.0,0.03515625,0.0,0.0,0.02890625,0.0,0.0,0.0285156249999999,0.0,0.0
unsw_full,point,2000,smd_unsw_full_point_2000,6022,0.873515625,0.8839154672775662,0.9578125,0.21078125,3,3,3,0,96,96,12000,3.0,3.0,0.020833333333333332,0.0,0.0,0.026909722222222168,0.0,0.0,0.019791666666666635,1.0,0.0,0.021874999999999967,0.0,0.0
unsw_full,point,2000,smd_unsw_full_point_2000,6023,0.873359375,0.8844593883401316,0.96296875,0.21625,2,2,2,0,64,64,8000,2.0,2.0,0.05859375,0.0,0.0,0.0546875,0.0,0.0,0.05937499999999995,0.0,0.0,0.04999999999999995,0.0,0.0
unsw_full,point,2000,smd_unsw_full_point_2000,6024,0.87765625,0.8862458025042598,0.94921875,0.19390625,3,3,3,0,96,96,12000,3.0,3.0,-0.0078125,2.0,0.0,0.009548611111111166,1.0,0.0,0.014062499999999966,0.0,0.0,0.016927083333333266,0.0,0.0
unsw_full,point,2000,smd_unsw_full_point_2000,6025,0.870625,0.8816902512139887,0.95984375,0.21859375,2,2,2,0,64,64,8000,2.0,2.0,0.03515625,0.0,0.0,0.02213541666666665,0.0,0.0,0.02109375,0.0,0.0,0.02265625,0.0,0.0
unsw_full,point,2000,smd_unsw_full_point_2000,6026,0.875234375,0.8854538663879942,0.95921875,0.20875,3,3,3,0,96,96,12000,3.0,3.0,0.0078125,0.0,0.0,0.014756944444444399,0.0,0.0,0.014062499999999934,0.0,0.0,0.022656249999999933,0.0,0.0
unsw_full,point,2000,smd_unsw_full_point_2000,6027,0.875,0.8850340232705572,0.95765625,0.20765625,2,2,2,0,64,64,8000,2.0,2.0,0.0390625,0.0,0.0,0.02734375,0.0,0.0,0.02812499999999995,0.0,0.0,0.03281249999999995,0.0,0.0
unsw_full,point,2000,smd_unsw_full_point_2000,6028,0.871875,0.8814573203220456,0.94921875,0.20546875,3,3,3,0,96,96,12000,3.0,3.0,0.044270833333333336,0.0,0.0,0.0381944444444444,0.0,0.0,0.0354166666666666,0.0,0.0,0.0302083333333333,0.0,0.0
unsw_full,point,2000,smd_unsw_full_point_2000,6029,0.866171875,0.8774217309364325,0.95375,0.22140625,3,3,2,1,96,96,12000,3.0,2.0,0.0234375,0.0,0.0,0.039062499999999896,0.0,0.0,0.0460937499999999,0.0,0.0,0.044531249999999946,0.0,0.0
unsw_full,point,2000,smd_unsw_full_point_2000,6030,0.867421875,0.879914993413679,0.9665625,0.23171875,2,2,2,0,64,64,8000,2.0,2.0,0.015625,0.0,0.0,0.01171875,0.0,0.0,0.0125,0.0,0.0,0.02031249999999995,0.0,0.0
unsw_full,strict,512,smd_unsw_full_strict_512,6001,0.853515625,0.8697777107325567,0.97140625,0.264375,4,4,2,2,128,128,4096,4.0,2.0,0.0546875,0.0,0.0,0.04166666666666665,0.0,0.0,0.03984375,0.0,0.0,0.04023437499999995,0.0,0.0
unsw_full,strict,512,smd_unsw_full_strict_512,6002,0.857265625,0.870374477561671,0.9540625,0.23953125,5,5,1,4,160,160,5120,5.0,1.0,0.0078125,0.0,0.0,0.0078125,0.0,0.0,0.0171875,0.0,0.0,0.0218749999999999,0.0,0.0
unsw_full,strict,512,smd_unsw_full_strict_512,6003,0.85546875,0.8684230996347427,0.9490625,0.238125,5,5,2,3,160,160,5120,5.0,2.0,0.01171875,0.0,0.0,0.027343749999999903,0.0,0.0,0.02578124999999995,0.0,0.0,0.023046875,0.0,0.0
unsw_full,strict,512,smd_unsw_full_strict_512,6004,0.85859375,0.8675095321019612,0.9221875,0.205,4,4,1,3,128,128,4096,4.0,1.0,0.0234375,0.0,0.0,0.0078125,0.0,0.0,0.0187499999999999,0.0,0.0,0.0234375,0.0,0.0
unsw_full,strict,512,smd_unsw_full_strict_512,6005,0.846640625,0.8632964727642742,0.9615625,0.26828125,4,4,2,2,128,128,4096,4.0,2.0,0.015625,0.0,0.0,0.015624999999999951,0.0,0.0,0.011718750000000049,1.0,0.0,0.021484375,0.0,0.0
unsw_full,strict,512,smd_unsw_full_strict_512,6006,0.863046875,0.875262467653284,0.9578125,0.23171875,3,3,2,1,96,96,3072,3.0,2.0,0.03125,0.0,0.0,0.0286458333333333,0.0,0.0,0.02343749999999995,0.0,0.0,0.025,0.0,0.0
unsw_full,strict,512,smd_unsw_full_strict_512,6007,0.85890625,0.871469131005732,0.9540625,0.23625,4,4,1,3,128,128,4096,4.0,1.0,0.0234375,0.0,0.0,0.0260416666666667,0.0,0.0,0.028125,0.0,0.0,0.02734375,0.0,0.0
unsw_full,strict,512,smd_unsw_full_strict_512,6008,0.859140625,0.8724619944280793,0.9575,0.23921875,3,3,2,1,96,96,3072,3.0,2.0,0.05859375,0.0,0.0,0.03906249999999995,0.0,0.0,0.03046875,0.0,0.0,0.0308593749999999,0.0,0.0
unsw_full,strict,512,smd_unsw_full_strict_512,6009,0.85078125,0.8671076765677509,0.9671875,0.265625,4,4,3,1,128,128,4096,4.0,3.0,0.0234375,1.0,1.0,0.02604166666666665,0.0,1.0,0.01640624999999995,1.0,1.0,0.017187499999999953,1.0,1.0
unsw_full,strict,512,smd_unsw_full_strict_512,6010,0.855703125,0.8696985423524073,0.9571875,0.24578125,7,7,1,6,224,224,7168,7.0,1.0,0.015625,0.0,0.0,0.03125,0.0,0.0,0.046875,0.0,0.0,0.0460937499999999,0.0,0.0
unsw_full,strict,512,smd_unsw_full_strict_512,6011,0.854765625,0.8710361361097513,0.97625,0.26671875,4,4,1,3,128,128,4096,4.0,1.0,0.046875,0.0,0.0,0.046875,0.0,0.0,0.0406249999999999,0.0,0.0,0.03828125,0.0,0.0
unsw_full,strict,512,smd_unsw_full_strict_512,6012,0.850859375,0.864494130928993,0.948125,0.24640625,4,4,2,2,128,128,4096,4.0,2.0,0.03515625,0.0,0.0,0.0559895833333333,0.0,0.0,0.04609374999999995,0.0,0.0,0.0425781249999999,0.0,0.0
unsw_full,strict,512,smd_unsw_full_strict_512,6013,0.849375,0.8661724882253019,0.96953125,0.27078125,3,3,2,1,96,96,3072,3.0,2.0,0.05078125,0.0,0.0,0.03124999999999995,0.0,0.0,0.01953125,1.0,0.0,0.02226562500000005,1.0,0.0
unsw_full,strict,512,smd_unsw_full_strict_512,6014,0.85578125,0.8702354888323012,0.96265625,0.25109375,4,4,2,2,128,128,4096,4.0,2.0,0.00390625,0.0,0.0,0.03125,0.0,0.0,0.030468750000000003,0.0,0.0,0.0347656249999999,0.0,0.0
unsw_full,strict,512,smd_unsw_full_strict_512,6015,0.855234375,0.8702976219992661,0.96421875,0.25375,3,3,2,1,96,96,3072,3.0,2.0,0.046875,0.0,0.0,0.02994791666666665,1.0,0.0,0.02968749999999995,1.0,0.0,0.03320312499999995,0.0,0.0
unsw_full,strict,512,smd_unsw_full_strict_512,6016,0.852265625,0.8683336934859163,0.96796875,0.2634375,3,3,2,1,96,96,3072,3.0,2.0,0.0078125,1.0,0.0,0.0234375,0.0,0.0,0.025,0.0,0.0,0.021484375,0.0,0.0
unsw_full,strict,512,smd_unsw_full_strict_512,6017,0.85140625,0.8664523242955317,0.9584375,0.255625,6,6,2,4,192,192,6144,6.0,2.0,-0.015625,1.0,1.0,0.0234375,0.0,1.0,0.0124999999999999,0.0,1.0,0.00625,0.0,1.0
unsw_full,strict,512,smd_unsw_full_strict_512,6018,0.847578125,0.8649774514262013,0.9675,0.27234375,3,3,2,1,96,96,3072,3.0,2.0,0.0703125,0.0,0.0,0.0468749999999999,0.0,0.0,0.05156249999999995,0.0,0.0,0.046875,0.0,0.0
unsw_full,strict,512,smd_unsw_full_strict_512,6019,0.848359375,0.8655983609460801,0.97046875,0.27375,2,2,2,0,64,64,2048,2.0,2.0,0.0,1.0,0.0,0.00911458333333335,0.0,0.0,0.009375,0.0,0.0,0.0105468749999999,0.0,0.0
unsw_full,strict,512,smd_unsw_full_strict_512,6020,0.85015625,0.8666283547806699,0.964375,0.2640625,4,4,2,2,128,128,4096,4.0,2.0,0.046875,0.0,0.0,0.04427083333333335,1.0,0.0,0.046875,0.0,0.0,0.04453124999999995,0.0,0.0
unsw_full,strict,512,smd_unsw_full_strict_512,6021,0.857109375,0.8711733469426965,0.9609375,0.24671875,4,4,2,2,128,128,4096,4.0,2.0,0.01953125,0.0,0.0,0.01692708333333335,1.0,0.0,0.01874999999999995,0.0,0.0,0.021484375,0.0,0.0
unsw_full,strict,512,smd_unsw_full_strict_512,6022,0.86515625,0.8777243620901607,0.96390625,0.23359375,3,3,2,1,96,96,3072,3.0,2.0,0.05078125,0.0,0.0,0.029947916666666602,0.0,0.0,0.028125,0.0,0.0,0.02460937499999995,0.0,0.0
unsw_full,strict,512,smd_unsw_full_strict_512,6023,0.85625,0.8705437053473715,0.95921875,0.24671875,2,2,2,0,64,64,2048,2.0,2.0,0.05078125,1.0,0.0,0.04296875,0.0,0.0,0.048437499999999946,0.0,0.0,0.03828124999999995,0.0,0.0
unsw_full,strict,512,smd_unsw_full_strict_512,6024,0.862734375,0.8747860801000626,0.953125,0.22765625,4,4,2,2,128,128,4096,4.0,2.0,0.03125,0.0,0.0,0.0338541666666666,0.0,0.0,0.03437499999999995,0.0,0.0,0.035546875,0.0,0.0
unsw_full,strict,512,smd_unsw_full_strict_512,6025,0.855078125,0.8712726349979641,0.97453125,0.264375,4,4,1,3,128,128,4096,4.0,1.0,0.078125,0.0,0.0,0.0416666666666666,0.0,0.0,0.04375,0.0,0.0,0.03984375,0.0,0.0
unsw_full,strict,512,smd_unsw_full_strict_512,6026,0.8446875,0.8624704088104231,0.9675,0.278125,4,4,2,2,128,128,4096,4.0,2.0,0.015625,1.0,0.0,0.0234375,1.0,0.0,0.02812499999999995,1.0,0.0,0.02421875000000005,1.0,0.0
unsw_full,strict,512,smd_unsw_full_strict_512,6027,0.86078125,0.8744370473997986,0.9625,0.2409375,3,3,2,1,96,96,3072,3.0,2.0,0.03515625,0.0,0.0,0.0429687499999999,0.0,0.0,0.03828125,0.0,0.0,0.03437499999999995,0.0,0.0
unsw_full,strict,512,smd_unsw_full_strict_512,6028,0.8475,0.8644514646490497,0.96625,0.27125,5,5,1,4,160,160,5120,5.0,1.0,0.0703125,0.0,0.0,0.0651041666666667,0.0,0.0,0.0734375,0.0,0.0,0.0726562499999999,0.0,0.0
unsw_full,strict,512,smd_unsw_full_strict_512,6029,0.85921875,0.8723917381984357,0.958125,0.2396875,4,4,2,2,128,128,4096,4.0,2.0,0.04296875,0.0,0.0,0.04296875,0.0,0.0,0.0390624999999999,0.0,0.0,0.03710937499999995,0.0,0.0
unsw_full,strict,512,smd_unsw_full_strict_512,6030,0.853515625,0.8702346356560154,0.9746875,0.26765625,5,5,2,3,160,160,5120,5.0,2.0,0.01171875,0.0,0.0,0.0364583333333333,0.0,0.0,0.0367187499999999,0.0,0.0,0.04218749999999995,0.0,0.0
unsw_full,strict,2000,smd_unsw_full_strict_2000,6001,0.86625,0.8792833143741512,0.96484375,0.23234375,4,4,2,2,128,128,16000,4.0,2.0,0.04296875,0.0,0.0,0.04947916666666665,0.0,0.0,0.04140624999999995,0.0,0.0,0.04296874999999995,0.0,0.0
unsw_full,strict,2000,smd_unsw_full_strict_2000,6002,0.863203125,0.8749518612960387,0.9534375,0.22703125,5,5,1,4,160,160,20000,5.0,1.0,0.0,0.0,0.0,0.0182291666666666,0.0,0.0,0.0265625,0.0,0.0,0.03125,0.0,0.0
unsw_full,strict,2000,smd_unsw_full_strict_2000,6003,0.868203125,0.8781020493671349,0.9453125,0.20890625,4,4,2,2,128,128,16000,4.0,2.0,0.03125,0.0,0.0,0.0377604166666666,0.0,0.0,0.0374999999999999,0.0,0.0,0.038671874999999994,0.0,0.0
unsw_full,strict,2000,smd_unsw_full_strict_2000,6004,0.8709375,0.8775281382322941,0.9228125,0.1809375,4,4,1,3,128,128,16000,4.0,1.0,0.078125,0.0,0.0,0.0442708333333333,0.0,0.0,0.0546875,0.0,0.0,0.06015625,0.0,0.0
unsw_full,strict,2000,smd_unsw_full_strict_2000,6005,0.862109375,0.8747873432131845,0.9571875,0.23296875,3,3,2,1,96,96,12000,3.0,2.0,0.05859375,0.0,0.0,0.0364583333333333,0.0,0.0,0.0390625,0.0,0.0,0.03242187499999995,0.0,0.0
unsw_full,strict,2000,smd_unsw_full_strict_2000,6006,0.876171875,0.8860183403982376,0.959375,0.20703125,2,2,2,0,64,64,8000,2.0,2.0,0.03125,0.0,0.0,0.022135416666666602,0.0,0.0,0.0195312499999999,0.0,0.0,0.0179687499999999,0.0,0.0
unsw_full,strict,2000,smd_unsw_full_strict_2000,6007,0.8740625,0.8827185697452031,0.9453125,0.1971875,3,3,2,1,96,96,12000,3.0,2.0,0.0390625,0.0,0.0,0.03515625,0.0,0.0,0.0289062499999999,0.0,0.0,0.02734374999999995,0.0,0.0
unsw_full,strict,2000,smd_unsw_full_strict_2000,6008,0.87171875,0.882519634816834,0.95640625,0.21296875,3,3,2,1,96,96,12000,3.0,2.0,0.0390625,0.0,0.0,0.03515625,0.0,0.0,0.03828124999999995,0.0,0.0,0.04531249999999995,0.0,0.0
unsw_full,strict,2000,smd_unsw_full_strict_2000,6009,0.8759375,0.8854168166128842,0.9553125,0.2034375,4,4,3,1,128,128,16000,4.0,3.0,0.018229166666666668,0.0,0.0,0.0199652777777777,0.0,0.0,0.022395833333333268,0.0,0.0,0.026302083333333268,0.0,0.0
unsw_full,strict,2000,smd_unsw_full_strict_2000,6010,0.859609375,0.8727095120415757,0.95609375,0.236875,7,7,1,6,224,224,28000,7.0,1.0,0.03125,0.0,0.0,0.0520833333333333,0.0,0.0,0.0625,0.0,0.0,0.0601562499999999,0.0,0.0
unsw_full,strict,2000,smd_unsw_full_strict_2000,6011,0.866171875,0.8797726603029505,0.97359375,0.24125,4,4,1,3,128,128,16000,4.0,1.0,0.0703125,0.0,0.0,0.0755208333333332,0.0,0.0,0.0656249999999999,0.0,0.0,0.0640625,0.0,0.0
unsw_full,strict,2000,smd_unsw_full_strict_2000,6012,0.870546875,0.8805197822899683,0.94984375,0.20875,4,4,3,1,128,128,16000,4.0,3.0,0.015625,0.0,0.0,0.03298611111111107,0.0,0.0,0.03437499999999993,0.0,0.0,0.032552083333333266,0.0,0.0
unsw_full,strict,2000,smd_unsw_full_strict_2000,6013,0.868359375,0.8786949465853501,0.94828125,0.2115625,3,3,3,0,96,96,12000,3.0,3.0,0.026041666666666668,0.0,0.0,0.0243055555555555,0.0,0.0,0.02760416666666667,0.0,0.0,0.030208333333333334,0.0,0.0
unsw_full,strict,2000,smd_unsw_full_strict_2000,6014,0.8584375,0.8726068260366511,0.96390625,0.24703125,4,4,2,2,128,128,16000,4.0,2.0,0.03515625,0.0,0.0,0.04557291666666665,0.0,0.0,0.037500000000000006,0.0,0.0,0.04296874999999995,0.0,0.0
unsw_full,strict,2000,smd_unsw_full_strict_2000,6015,0.871328125,0.8830311626697113,0.96546875,0.2228125,3,3,2,1,96,96,12000,3.0,2.0,0.07421875,0.0,0.0,0.06770833333333334,0.0,0.0,0.06171875,0.0,0.0,0.0558593749999999,0.0,0.0
unsw_full,strict,2000,smd_unsw_full_strict_2000,6016,0.86859375,0.880329116725216,0.9615625,0.224375,4,4,2,2,128,128,16000,4.0,2.0,0.02734375,1.0,0.0,0.04036458333333335,0.0,0.0,0.04375,0.0,0.0,0.04765624999999995,0.0,0.0
unsw_full,strict,2000,smd_unsw_full_strict_2000,6017,0.8684375,0.8788656027896049,0.9503125,0.2134375,4,4,2,2,128,128,16000,4.0,2.0,0.0703125,0.0,0.0,0.04817708333333325,0.0,0.0,0.04062499999999995,0.0,0.0,0.039062499999999944,0.0,0.0
unsw_full,strict,2000,smd_unsw_full_strict_2000,6018,0.862734375,0.8759381532158663,0.96515625,0.2396875,2,2,2,0,64,64,8000,2.0,2.0,0.015625,0.0,0.0,0.029947916666666602,0.0,0.0,0.025,0.0,0.0,0.035546875,0.0,0.0
unsw_full,strict,2000,smd_unsw_full_strict_2000,6019,0.852421875,0.8689995220875424,0.96703125,0.2621875,5,5,1,4,160,160,20000,5.0,1.0,0.125,0.0,0.0,0.0677083333333333,0.0,0.0,0.0890625,0.0,0.0,0.1023437499999999,0.0,0.0
unsw_full,strict,2000,smd_unsw_full_strict_2000,6020,0.865703125,0.8775063459818029,0.95578125,0.224375,4,4,2,2,128,128,16000,4.0,2.0,0.04296875,0.0,0.0,0.0455729166666666,0.0,0.0,0.047656249999999956,0.0,0.0,0.0539062499999999,0.0,0.0
unsw_full,strict,2000,smd_unsw_full_strict_2000,6021,0.863671875,0.876962565803096,0.9665625,0.23921875,4,4,2,2,128,128,16000,4.0,2.0,0.03515625,0.0,0.0,0.04296874999999995,0.0,0.0,0.0171875,0.0,1.0,0.0242187499999999,0.0,1.0
unsw_full,strict,2000,smd_unsw_full_strict_2000,6022,0.873515625,0.8839154672775662,0.9578125,0.21078125,3,3,3,0,96,96,12000,3.0,3.0,0.020833333333333332,0.0,0.0,0.026909722222222168,0.0,0.0,0.019791666666666635,1.0,0.0,0.021874999999999967,0.0,0.0
unsw_full,strict,2000,smd_unsw_full_strict_2000,6023,0.868515625,0.8802181181495758,0.95953125,0.2225,4,4,2,2,128,128,16000,4.0,2.0,0.03125,0.0,0.0,0.04296874999999995,0.0,0.0,0.0374999999999999,0.0,0.0,0.046875,0.0,1.0
unsw_full,strict,2000,smd_unsw_full_strict_2000,6024,0.87765625,0.8862458025042598,0.94921875,0.19390625,3,3,3,0,96,96,12000,3.0,3.0,-0.0078125,2.0,0.0,0.009548611111111166,1.0,0.0,0.014062499999999966,0.0,0.0,0.016927083333333266,0.0,0.0
unsw_full,strict,2000,smd_unsw_full_strict_2000,6025,0.870625,0.8816902512139887,0.95984375,0.21859375,2,2,2,0,64,64,8000,2.0,2.0,0.03515625,0.0,0.0,0.02213541666666665,0.0,0.0,0.02109375,0.0,0.0,0.02265625,0.0,0.0
unsw_full,strict,2000,smd_unsw_full_strict_2000,6026,0.86859375,0.8806098329697198,0.9625,0.2253125,4,4,2,2,128,128,16000,4.0,2.0,0.03125,0.0,0.0,0.0338541666666666,0.0,0.0,0.03515625,0.0,0.0,0.0332031249999999,0.0,0.0
unsw_full,strict,2000,smd_unsw_full_strict_2000,6027,0.875,0.8850340232705572,0.95765625,0.20765625,2,2,2,0,64,64,8000,2.0,2.0,0.0390625,0.0,0.0,0.02734375,0.0,0.0,0.02812499999999995,0.0,0.0,0.03281249999999995,0.0,0.0
unsw_full,strict,2000,smd_unsw_full_strict_2000,6028,0.86546875,0.878140731883869,0.96265625,0.23171875,3,3,2,1,96,96,12000,3.0,2.0,0.05859375,0.0,0.0,0.05078124999999995,0.0,0.0,0.044531249999999946,0.0,0.0,0.04062499999999995,0.0,0.0
unsw_full,strict,2000,smd_unsw_full_strict_2000,6029,0.866171875,0.8774217309364325,0.95375,0.22140625,3,3,2,1,96,96,12000,3.0,2.0,0.0234375,0.0,0.0,0.039062499999999896,0.0,0.0,0.0460937499999999,0.0,0.0,0.044531249999999946,0.0,0.0
unsw_full,strict,2000,smd_unsw_full_strict_2000,6030,0.8728125,0.8851075068017655,0.9728125,0.2271875,4,4,2,2,128,128,16000,4.0,2.0,0.0703125,0.0,0.0,0.04427083333333335,0.0,0.0,0.04296874999999995,0.0,0.0,0.0417968749999999,0.0,0.0
ton_full,never,n/a,smd_ton_full_never,6001,0.925859375,0.92719770485852,,,0,0,0,0,0,0,0,,,,,,,,,,,,,,
ton_full,never,n/a,smd_ton_full_never,6002,0.92140625,0.9217165492931373,,,0,0,0,0,0,0,0,,,,,,,,,,,,,,
ton_full,never,n/a,smd_ton_full_never,6003,0.906875,0.9061149791953405,,,0,0,0,0,0,0,0,,,,,,,,,,,,,,
ton_full,never,n/a,smd_ton_full_never,6004,0.847421875,0.8331536663819046,,,0,0,0,0,0,0,0,,,,,,,,,,,,,,
ton_full,never,n/a,smd_ton_full_never,6005,0.92453125,0.9252356299819822,,,0,0,0,0,0,0,0,,,,,,,,,,,,,,
ton_full,never,n/a,smd_ton_full_never,6006,0.93296875,0.9339292933227524,,,0,0,0,0,0,0,0,,,,,,,,,,,,,,
ton_full,never,n/a,smd_ton_full_never,6007,0.89390625,0.891377706632221,,,0,0,0,0,0,0,0,,,,,,,,,,,,,,
ton_full,never,n/a,smd_ton_full_never,6008,0.93140625,0.9325512979307485,,,0,0,0,0,0,0,0,,,,,,,,,,,,,,
ton_full,never,n/a,smd_ton_full_never,6009,0.92375,0.9245226344642339,,,0,0,0,0,0,0,0,,,,,,,,,,,,,,
ton_full,never,n/a,smd_ton_full_never,6010,0.92046875,0.9214452840776873,,,0,0,0,0,0,0,0,,,,,,,,,,,,,,
ton_full,never,n/a,smd_ton_full_never,6011,0.904453125,0.9098861556577219,,,0,0,0,0,0,0,0,,,,,,,,,,,,,,
ton_full,never,n/a,smd_ton_full_never,6012,0.923828125,0.9247084259614133,,,0,0,0,0,0,0,0,,,,,,,,,,,,,,
ton_full,never,n/a,smd_ton_full_never,6013,0.928671875,0.929468814490488,,,0,0,0,0,0,0,0,,,,,,,,,,,,,,
ton_full,never,n/a,smd_ton_full_never,6014,0.92640625,0.9272591067881515,,,0,0,0,0,0,0,0,,,,,,,,,,,,,,
ton_full,never,n/a,smd_ton_full_never,6015,0.926796875,0.9272549962868953,,,0,0,0,0,0,0,0,,,,,,,,,,,,,,
ton_full,never,n/a,smd_ton_full_never,6016,0.928671875,0.9295547368724252,,,0,0,0,0,0,0,0,,,,,,,,,,,,,,
ton_full,never,n/a,smd_ton_full_never,6017,0.928359375,0.9289420195244028,,,0,0,0,0,0,0,0,,,,,,,,,,,,,,
ton_full,never,n/a,smd_ton_full_never,6018,0.906640625,0.9119166137099901,,,0,0,0,0,0,0,0,,,,,,,,,,,,,,
ton_full,never,n/a,smd_ton_full_never,6019,0.92171875,0.9227541316404657,,,0,0,0,0,0,0,0,,,,,,,,,,,,,,
ton_full,never,n/a,smd_ton_full_never,6020,0.92625,0.9268522285267241,,,0,0,0,0,0,0,0,,,,,,,,,,,,,,
ton_full,never,n/a,smd_ton_full_never,6021,0.922109375,0.9225659963695553,,,0,0,0,0,0,0,0,,,,,,,,,,,,,,
ton_full,never,n/a,smd_ton_full_never,6022,0.922109375,0.9224172675145644,,,0,0,0,0,0,0,0,,,,,,,,,,,,,,
ton_full,never,n/a,smd_ton_full_never,6023,0.924296875,0.9241926587936633,,,0,0,0,0,0,0,0,,,,,,,,,,,,,,
ton_full,never,n/a,smd_ton_full_never,6024,0.881015625,0.8759248363565565,,,0,0,0,0,0,0,0,,,,,,,,,,,,,,
ton_full,never,n/a,smd_ton_full_never,6025,0.908359375,0.9071958543737635,,,0,0,0,0,0,0,0,,,,,,,,,,,,,,
ton_full,never,n/a,smd_ton_full_never,6026,0.927421875,0.9280960370083811,,,0,0,0,0,0,0,0,,,,,,,,,,,,,,
ton_full,never,n/a,smd_ton_full_never,6027,0.9265625,0.9272890470845871,,,0,0,0,0,0,0,0,,,,,,,,,,,,,,
ton_full,never,n/a,smd_ton_full_never,6028,0.925625,0.9263009376748176,,,0,0,0,0,0,0,0,,,,,,,,,,,,,,
ton_full,never,n/a,smd_ton_full_never,6029,0.92,0.9207795223051345,,,0,0,0,0,0,0,0,,,,,,,,,,,,,,
ton_full,never,n/a,smd_ton_full_never,6030,0.92890625,0.9295870278648124,,,0,0,0,0,0,0,0,,,,,,,,,,,,,,
ton_full,naive,512,smd_ton_full_naive_512,6001,0.9428125,0.9436329467156943,0.95453125,0.06890625,2,2,2,0,0,0,2048,2.0,2.0,0.015625,0.0,0.0,0.015625,0.0,0.0,0.01015625,0.0,0.0,0.014453125,0.0,0.0
ton_full,naive,512,smd_ton_full_naive_512,6002,0.91875,0.9226880034377324,0.9584375,0.1209375,3,3,3,0,0,0,3072,3.0,3.0,0.010416666666666666,1.0,0.0,0.019965277777777735,1.0,0.0,0.018229166666666664,1.0,0.0,0.015624999999999998,1.0,0.0
ton_full,naive,512,smd_ton_full_naive_512,6003,0.936328125,0.9395999410806505,0.96859375,0.0959375,3,3,3,0,0,0,3072,3.0,3.0,0.013020833333333334,2.0,0.0,0.014756944444444498,2.0,0.0,0.018749999999999965,2.0,0.0,0.015104166666666698,2.0,0.0
ton_full,naive,512,smd_ton_full_naive_512,6004,0.9184375,0.9197906837772168,0.94078125,0.10390625,3,3,3,0,0,0,3072,3.0,3.0,0.0078125,0.0,0.0,0.010416666666666635,1.0,0.0,0.016666666666666635,1.0,0.0,0.01796875,1.0,0.0
ton_full,naive,512,smd_ton_full_naive_512,6005,0.9446875,0.9453080614872761,0.9471875,0.0578125,4,4,4,0,0,0,4096,4.0,4.0,0.009765625,1.0,0.0,0.01171875,1.0,0.0,0.012890625000000001,1.0,0.0,0.01269531249999995,1.0,0.0
ton_full,naive,512,smd_ton_full_naive_512,6006,0.923203125,0.9271829921807756,0.96140625,0.115,3,3,3,0,0,0,3072,3.0,3.0,-0.010416666666666666,1.0,0.0,-0.020833333333333332,1.0,0.0,-0.0161458333333333,1.0,0.0,-0.011458333333333333,1.0,0.0
ton_full,naive,512,smd_ton_full_naive_512,6007,0.925703125,0.92877331299147,0.9596875,0.10828125,3,3,3,0,0,0,3072,3.0,3.0,-0.005208333333333333,1.0,0.0,0.0086805555555555,1.0,0.0,0.013020833333333334,1.0,0.0,0.0177083333333333,1.0,0.0
ton_full,naive,512,smd_ton_full_naive_512,6008,0.933046875,0.9359893251680366,0.96328125,0.0971875,2,2,2,0,0,0,2048,2.0,2.0,-0.00390625,1.0,0.0,-0.0052083333333334016,1.0,0.0,0.013281249999999998,1.0,0.0,0.01796875,1.0,0.0
ton_full,naive,512,smd_ton_full_naive_512,6009,0.931484375,0.934417514134334,0.96078125,0.0978125,3,3,3,0,0,0,3072,3.0,3.0,0.018229166666666668,1.0,0.0,0.0208333333333333,1.0,0.0,0.019791666666666635,1.0,0.0,0.018489583333333365,1.0,0.0
ton_full,naive,512,smd_ton_full_naive_512,6010,0.913828125,0.9182164331100254,0.9584375,0.13078125,3,3,3,0,0,0,3072,3.0,3.0,0.010416666666666666,1.0,0.0,0.013020833333333334,1.0,0.0,0.017187499999999963,1.0,0.0,-0.014453124999999949,1.0,1.0
ton_full,naive,512,smd_ton_full_naive_512,6011,0.9265625,0.929749245575803,0.96125,0.108125,3,3,3,0,0,0,3072,3.0,3.0,0.0234375,1.0,0.0,0.0173611111111111,1.0,0.0,0.0140625,1.0,0.0,0.0166666666666667,1.0,0.0
ton_full,naive,512,smd_ton_full_naive_512,6012,0.933359375,0.9353469942081472,0.961875,0.09515625,2,2,2,0,0,0,2048,2.0,2.0,0.015625,0.0,0.0,0.005208333333333299,1.0,0.0,0.00625,1.0,0.0,0.0054687499999999,0.0,0.0
ton_full,naive,512,smd_ton_full_naive_512,6013,0.949765625,0.9503487522680848,0.9575,0.05796875,2,2,2,0,0,0,2048,2.0,2.0,0.0234375,0.0,0.0,0.0156249999999999,0.0,0.0,0.01640624999999995,0.0,0.0,0.017578125,0.0,0.0
ton_full,naive,512,smd_ton_full_naive_512,6014,0.954453125,0.9550384718419699,0.9628125,0.05390625,2,2,2,0,0,0,2048,2.0,2.0,0.01171875,0.0,0.0,0.02213541666666665,0.0,0.0,0.02656249999999995,0.0,0.0,0.02265624999999995,0.0,0.0
ton_full,naive,512,smd_ton_full_naive_512,6015,0.93234375,0.9346400458830603,0.9584375,0.09375,3,3,3,0,0,0,3072,3.0,3.0,0.018229166666666668,1.0,0.0,0.010416666666666666,1.0,0.0,0.013541666666666665,1.0,0.0,0.012239583333333299,1.0,0.0
ton_full,naive,512,smd_ton_full_naive_512,6016,0.93390625,0.9355349846898455,0.95828125,0.09046875,3,3,3,0,0,0,3072,3.0,3.0,-0.0078125,1.0,0.0,0.0008680555555555004,1.0,0.0,0.0015624999999999667,1.0,0.0,0.0013020833333332999,1.0,0.0
ton_full,naive,512,smd_ton_full_naive_512,6017,0.924453125,0.9275028178564366,0.9634375,0.11453125,2,2,2,0,0,0,2048,2.0,2.0,-0.00390625,1.0,0.0,-0.009114583333333249,1.0,0.0,-0.004687500000000001,1.0,0.0,-0.0031250000000000496,1.0,0.0
ton_full,naive,512,smd_ton_full_naive_512,6018,0.9246875,0.9291060449551316,0.97109375,0.12171875,2,2,2,0,0,0,2048,2.0,2.0,0.0390625,1.0,0.0,0.029947916666666602,1.0,0.0,0.03593750000000005,1.0,0.0,0.03554687499999995,1.0,0.0
ton_full,naive,512,smd_ton_full_naive_512,6019,0.93,0.9320031397642932,0.95625,0.09625,2,2,2,0,0,0,2048,2.0,2.0,-0.00390625,1.0,0.0,0.00390624999999995,0.0,0.0,0.0039062499999999,0.0,0.0,0.0007812499999999998,1.0,0.0
ton_full,naive,512,smd_ton_full_naive_512,6020,0.94171875,0.9429451539749182,0.96078125,0.07734375,3,3,3,0,0,0,3072,3.0,3.0,0.0026041666666666665,1.0,0.0,0.0017361111111111665,1.0,0.0,0.004687499999999967,1.0,0.0,0.0078125,1.0,0.0
ton_full,naive,512,smd_ton_full_naive_512,6021,0.92625,0.9299869226703487,0.96515625,0.11265625,3,3,3,0,0,0,3072,3.0,3.0,0.0234375,2.0,0.0,0.0217013888888889,2.0,0.0,0.01979166666666667,2.0,0.0,0.011458333333333364,2.0,0.0
ton_full,naive,512,smd_ton_full_naive_512,6022,0.931875,0.9331622127605584,0.95234375,0.08859375,2,2,2,0,0,0,2048,2.0,2.0,-0.00390625,1.0,0.0,0.009114583333333301,0.0,0.0,0.00312499999999995,1.0,0.0,0.00312500000000005,1.0,0.0
ton_full,naive,512,smd_ton_full_naive_512,6023,0.9409375,0.941390012150801,0.9496875,0.0678125,3,3,3,0,0,0,3072,3.0,3.0,0.0026041666666666665,1.0,0.0,0.006076388888888899,1.0,0.0,0.0052083333333333,1.0,0.0,0.009374999999999967,0.0,0.0
ton_full,naive,512,smd_ton_full_naive_512,6024,0.9271875,0.9284502707588617,0.945625,0.09125,3,3,3,0,0,0,3072,3.0,3.0,0.018229166666666668,0.0,0.0,0.0138888888888889,1.0,0.0,0.018229166666666633,1.0,0.0,0.02265625,1.0,0.0
ton_full,naive,512,smd_ton_full_naive_512,6025,0.944453125,0.9448374725446718,0.948125,0.05921875,2,2,2,0,0,0,2048,2.0,2.0,0.03515625,0.0,0.0,0.02994791666666665,0.0,0.0,0.028125,0.0,0.0,0.02578124999999995,0.0,0.0
ton_full,naive,512,smd_ton_full_naive_512,6026,0.922890625,0.9259284971347763,0.95734375,0.1115625,2,2,2,0,0,0,2048,2.0,2.0,-0.0078125,1.0,0.0,-0.015625,1.0,0.0,-0.01796875,1.0,0.0,-0.01796875000000005,1.0,0.0
ton_full,naive,512,smd_ton_full_naive_512,6027,0.93625,0.937994971734594,0.96359375,0.09109375,2,2,2,0,0,0,2048,2.0,2.0,0.00390625,1.0,0.0,-0.0013020833333332992,1.0,0.0,-0.00156250000000005,1.0,0.0,0.0,1.0,0.0
ton_full,naive,512,smd_ton_full_naive_512,6028,0.93796875,0.9393741863647314,0.96046875,0.08453125,2,2,2,0,0,0,2048,2.0,2.0,-0.00390625,1.0,0.0,0.0026041666666667,1.0,0.0,0.0046875,0.0,0.0,0.00546874999999995,1.0,0.0
ton_full,naive,512,smd_ton_full_naive_512,6029,0.94375,0.9452067542444648,0.95875,0.07125,3,3,3,0,0,0,3072,3.0,3.0,0.010416666666666666,1.0,0.0,0.0034722222222222008,1.0,0.0,0.0062499999999999995,1.0,0.0,0.011197916666666667,2.0,0.0
ton_full,naive,512,smd_ton_full_naive_512,6030,0.91890625,0.9234412127282087,0.96265625,0.12484375,3,3,3,0,0,0,3072,3.0,3.0,0.015625,1.0,0.0,0.014756944444444467,1.0,0.0,0.0135416666666667,1.0,0.0,-0.02578125000000005,1.0,1.0
ton_full,naive,2000,smd_ton_full_naive_2000,6001,0.949609375,0.9504093155211472,0.9621875,0.06296875,2,2,2,0,0,0,8000,2.0,2.0,-0.00390625,1.0,0.0,0.00390625,1.0,0.0,0.0023437500000000507,1.0,0.0,-0.0011718749999999993,1.0,0.0
ton_full,naive,2000,smd_ton_full_naive_2000,6002,0.9571875,0.9576419937685939,0.961875,0.0475,3,3,3,0,0,0,12000,3.0,3.0,0.013020833333333334,0.0,0.0,0.015625000000000066,2.0,0.0,0.014583333333333335,2.0,0.0,0.014583333333333335,2.0,0.0
ton_full,naive,2000,smd_ton_full_naive_2000,6003,0.948125,0.9488053454894356,0.9553125,0.0590625,3,3,3,0,0,0,12000,3.0,3.0,0.0078125,1.0,0.0,0.010416666666666635,0.0,0.0,0.018229166666666633,0.0,0.0,0.0184895833333333,0.0,0.0
ton_full,naive,2000,smd_ton_full_naive_2000,6004,0.922265625,0.9240834858552261,0.94140625,0.096875,3,3,3,0,0,0,12000,3.0,3.0,0.0078125,1.0,0.0,0.0243055555555555,1.0,0.0,0.025520833333333368,1.0,0.0,0.03411458333333333,1.0,0.0
ton_full,naive,2000,smd_ton_full_naive_2000,6005,0.95046875,0.9517970417325228,0.961875,0.0609375,4,4,4,0,0,0,16000,4.0,4.0,0.0,2.0,0.0,0.011718750000000024,2.0,0.0,0.012890625,2.0,0.0,0.0140625,2.0,0.0
ton_full,naive,2000,smd_ton_full_naive_2000,6006,0.95140625,0.952507812587501,0.9690625,0.06625,3,3,3,0,0,0,12000,3.0,3.0,0.013020833333333334,0.0,0.0,0.016493055555555535,0.0,0.0,0.012499999999999964,0.0,0.0,0.017187499999999998,0.0,0.0
ton_full,naive,2000,smd_ton_full_naive_2000,6007,0.939296875,0.9405917973059792,0.9578125,0.07921875,3,3,3,0,0,0,12000,3.0,3.0,0.005208333333333333,1.0,0.0,0.013888888888888867,0.0,0.0,0.015104166666666634,0.0,0.0,0.02083333333333327,0.0,0.0
ton_full,naive,2000,smd_ton_full_naive_2000,6008,0.95140625,0.9520027533490105,0.96046875,0.05765625,2,2,2,0,0,0,8000,2.0,2.0,0.02734375,0.0,0.0,0.020833333333333297,1.0,0.0,0.02421875,1.0,0.0,0.02539062499999995,1.0,0.0
ton_full,naive,2000,smd_ton_full_naive_2000,6009,0.93546875,0.9382559684296737,0.96515625,0.09421875,3,3,3,0,0,0,12000,3.0,3.0,0.0078125,2.0,0.0,0.016493055555555566,1.0,0.0,0.019270833333333334,1.0,0.0,0.020833333333333332,1.0,0.0
ton_full,naive,2000,smd_ton_full_naive_2000,6010,0.92203125,0.9255587208523625,0.96484375,0.12078125,3,3,3,0,0,0,12000,3.0,3.0,-0.0078125,1.0,0.0,-0.0017361111111111338,1.0,0.0,0.004166666666666634,1.0,0.0,-0.006640625000000001,1.0,1.0
ton_full,naive,2000,smd_ton_full_naive_2000,6011,0.936875,0.9387029861274853,0.9603125,0.0865625,3,3,3,0,0,0,12000,3.0,3.0,0.028645833333333332,0.0,0.0,0.022569444444444402,0.0,0.0,0.026041666666666633,0.0,0.0,0.024479166666666635,0.0,0.0
ton_full,naive,2000,smd_ton_full_naive_2000,6012,0.929765625,0.932784043727628,0.96890625,0.109375,2,2,2,0,0,0,8000,2.0,2.0,0.02734375,0.0,0.0,0.01171875,1.0,0.0,0.01562499999999995,1.0,0.0,0.015625,1.0,0.0
ton_full,naive,2000,smd_ton_full_naive_2000,6013,0.938984375,0.9406241850330117,0.96515625,0.0871875,2,2,2,0,0,0,8000,2.0,2.0,0.00390625,1.0,0.0,0.0130208333333333,0.0,0.0,0.01015624999999995,0.0,0.0,0.00703125,1.0,0.0
ton_full,naive,2000,smd_ton_full_naive_2000,6014,0.955546875,0.9562449355194726,0.96640625,0.0553125,2,2,2,0,0,0,8000,2.0,2.0,0.0078125,0.0,0.0,0.02213541666666665,0.0,0.0,0.027343749999999948,0.0,0.0,0.02421874999999995,0.0,0.0
ton_full,naive,2000,smd_ton_full_naive_2000,6015,0.9390625,0.9396450468697773,0.945625,0.0675,3,3,3,0,0,0,12000,3.0,3.0,0.0234375,0.0,0.0,0.013020833333333266,0.0,0.0,0.013020833333333334,1.0,0.0,0.0158854166666666,1.0,0.0
ton_full,naive,2000,smd_ton_full_naive_2000,6016,0.950390625,0.9512260481428102,0.96359375,0.0628125,3,3,3,0,0,0,12000,3.0,3.0,0.0078125,1.0,0.0,0.012152777777777735,0.0,0.0,0.0166666666666666,0.0,0.0,0.0161458333333333,0.0,0.0
ton_full,naive,2000,smd_ton_full_naive_2000,6017,0.946484375,0.9470607069096664,0.95375,0.06078125,2,2,2,0,0,0,8000,2.0,2.0,0.02734375,0.0,0.0,0.0234375,1.0,0.0,0.02109374999999995,1.0,0.0,0.02421875000000005,1.0,0.0
ton_full,naive,2000,smd_ton_full_naive_2000,6018,0.94171875,0.9440432617615824,0.9696875,0.08625,2,2,2,0,0,0,8000,2.0,2.0,0.046875,0.0,0.0,0.036458333333333245,0.0,0.0,0.03828125,0.0,0.0,0.0390624999999999,0.0,0.0
ton_full,naive,2000,smd_ton_full_naive_2000,6019,0.93375,0.9366955783413498,0.96765625,0.10015625,2,2,2,0,0,0,8000,2.0,2.0,0.0390625,1.0,0.0,0.03125,1.0,0.0,0.03359375,1.0,0.0,0.03632812500000005,1.0,0.0
ton_full,naive,2000,smd_ton_full_naive_2000,6020,0.946953125,0.9481433256325065,0.96484375,0.0709375,3,3,3,0,0,0,12000,3.0,3.0,0.005208333333333333,0.0,0.0,0.006944444444444399,0.0,0.0,0.011458333333333334,0.0,0.0,0.013541666666666632,0.0,0.0
ton_full,naive,2000,smd_ton_full_naive_2000,6021,0.943125,0.9441209863396354,0.956875,0.070625,3,3,3,0,0,0,12000,3.0,3.0,0.028645833333333332,0.0,0.0,0.027777777777777735,0.0,0.0,0.020833333333333332,1.0,0.0,0.021093749999999967,1.0,0.0
ton_full,naive,2000,smd_ton_full_naive_2000,6022,0.93875,0.9400177272517645,0.96109375,0.08359375,2,2,2,0,0,0,8000,2.0,2.0,0.015625,0.0,0.0,0.02343749999999995,0.0,0.0,0.0164062499999999,0.0,0.0,0.01445312499999995,0.0,0.0
ton_full,naive,2000,smd_ton_full_naive_2000,6023,0.94578125,0.9463927209878682,0.9559375,0.064375,3,3,3,0,0,0,12000,3.0,3.0,0.010416666666666666,0.0,0.0,0.010416666666666666,1.0,0.0,0.012499999999999968,0.0,0.0,0.015104166666666634,0.0,0.0
ton_full,naive,2000,smd_ton_full_naive_2000,6024,0.95,0.9502180291384795,0.9534375,0.0534375,3,3,3,0,0,0,12000,3.0,3.0,0.020833333333333332,0.0,0.0,0.027777777777777735,0.0,0.0,0.024999999999999935,0.0,0.0,0.024739583333333263,0.0,0.0
ton_full,naive,2000,smd_ton_full_naive_2000,6025,0.924765625,0.9273736771165387,0.9571875,0.10765625,2,2,2,0,0,0,8000,2.0,2.0,0.0,1.0,0.0,0.01171875,1.0,0.0,0.01406250000000005,1.0,0.0,0.020703125000000003,1.0,0.0
ton_full,naive,2000,smd_ton_full_naive_2000,6026,0.939453125,0.9414195121516216,0.96234375,0.0834375,2,2,2,0,0,0,8000,2.0,2.0,0.03125,1.0,0.0,0.0377604166666667,1.0,0.0,0.033593750000000054,1.0,0.0,0.025,1.0,0.0
ton_full,naive,2000,smd_ton_full_naive_2000,6027,0.952109375,0.9528158833134364,0.963125,0.05890625,2,2,2,0,0,0,8000,2.0,2.0,0.01953125,0.0,0.0,0.0182291666666667,1.0,0.0,0.0234375,0.0,0.0,0.025,0.0,0.0
ton_full,naive,2000,smd_ton_full_naive_2000,6028,0.9521875,0.9528568871908277,0.9640625,0.0596875,2,2,2,0,0,0,8000,2.0,2.0,0.0234375,0.0,0.0,0.026041666666666602,0.0,0.0,0.02968749999999995,0.0,0.0,0.03085937499999995,0.0,0.0
ton_full,naive,2000,smd_ton_full_naive_2000,6029,0.9528125,0.9535426483252705,0.9615625,0.0559375,3,3,3,0,0,0,12000,3.0,3.0,0.018229166666666668,1.0,0.0,0.015624999999999967,0.0,0.0,0.014062499999999966,0.0,0.0,0.0184895833333333,0.0,0.0
ton_full,naive,2000,smd_ton_full_naive_2000,6030,0.92375,0.9275411425423041,0.963125,0.115625,3,3,3,0,0,0,12000,3.0,3.0,0.020833333333333332,1.0,0.0,0.019965277777777766,1.0,0.0,0.01614583333333333,1.0,0.0,-0.01874999999999995,1.0,1.0
ton_full,point,512,smd_ton_full_point_512,6001,0.937421875,0.9386270037306912,0.95484375,0.08,3,3,2,1,96,96,3072,3.0,2.0,0.01953125,0.0,0.0,0.02734375,0.0,0.0,0.02265625,0.0,0.0,0.02148437499999995,0.0,0.0
ton_full,point,512,smd_ton_full_point_512,6002,0.935234375,0.9358809706822953,0.94453125,0.0740625,5,5,2,3,160,160,5120,5.0,2.0,0.01171875,0.0,0.0,0.0091145833333333,0.0,0.0,0.02187499999999995,0.0,0.0,0.02812499999999995,0.0,0.0
ton_full,point,512,smd_ton_full_point_512,6003,0.925859375,0.9292121294167268,0.9634375,0.11171875,3,3,2,1,96,96,3072,3.0,2.0,0.03125,0.0,0.0,0.01953125,1.0,0.0,0.021093749999999953,1.0,0.0,0.02500000000000005,1.0,0.0
ton_full,point,512,smd_ton_full_point_512,6004,0.9175,0.9168095852754544,0.91859375,0.08359375,3,3,2,1,96,96,3072,3.0,2.0,0.09375,0.0,0.0,0.06380208333333326,0.0,0.0,0.0593749999999999,0.0,0.0,0.07226562499999994,0.0,0.0
ton_full,point,512,smd_ton_full_point_512,6005,0.951171875,0.9516559840269797,0.95625,0.05390625,4,4,2,2,128,128,4096,4.0,2.0,0.03125,0.0,0.0,0.02994791666666665,0.0,0.0,0.027343749999999948,0.0,0.0,0.026953125,0.0,0.0
ton_full,point,512,smd_ton_full_point_512,6006,0.962578125,0.9627940813939242,0.9640625,0.03890625,3,3,2,1,96,96,3072,3.0,2.0,0.01953125,0.0,0.0,0.0130208333333333,0.0,0.0,0.01640624999999995,0.0,0.0,0.019140625,0.0,0.0
ton_full,point,512,smd_ton_full_point_512,6007,0.925703125,0.92877331299147,0.9596875,0.10828125,3,3,3,0,96,96,3072,3.0,3.0,-0.005208333333333333,1.0,0.0,0.0086805555555555,1.0,0.0,0.013020833333333334,1.0,0.0,0.0177083333333333,1.0,0.0
ton_full,point,512,smd_ton_full_point_512,6008,0.933046875,0.9359893251680366,0.96328125,0.0971875,2,2,2,0,64,64,2048,2.0,2.0,-0.00390625,1.0,0.0,-0.0052083333333334016,1.0,0.0,0.013281249999999998,1.0,0.0,0.01796875,1.0,0.0
ton_full,point,512,smd_ton_full_point_512,6009,0.941484375,0.942719277250112,0.9590625,0.07609375,4,4,2,2,128,128,4096,4.0,2.0,0.03125,0.0,0.0,0.03385416666666665,0.0,0.0,0.0328124999999999,0.0,0.0,0.02968749999999995,0.0,0.0
ton_full,point,512,smd_ton_full_point_512,6010,0.913828125,0.9182164331100254,0.9584375,0.13078125,3,3,3,0,96,96,3072,3.0,3.0,0.010416666666666666,1.0,0.0,0.013020833333333334,1.0,0.0,0.017187499999999963,1.0,0.0,-0.014453124999999949,1.0,1.0
ton_full,point,512,smd_ton_full_point_512,6011,0.926953125,0.9298072287609429,0.96328125,0.109375,4,4,3,1,128,128,4096,4.0,3.0,0.028645833333333332,1.0,0.0,-0.0039062499999999506,1.0,1.0,0.000781250000000051,1.0,1.0,0.005078125000000001,1.0,1.0
ton_full,point,512,smd_ton_full_point_512,6012,0.933359375,0.9353469942081472,0.961875,0.09515625,2,2,2,0,64,64,2048,2.0,2.0,0.015625,0.0,0.0,0.005208333333333299,1.0,0.0,0.00625,1.0,0.0,0.0054687499999999,0.0,0.0
ton_full,point,512,smd_ton_full_point_512,6013,0.949765625,0.9503487522680848,0.9575,0.05796875,2,2,2,0,64,64,2048,2.0,2.0,0.0234375,0.0,0.0,0.0156249999999999,0.0,0.0,0.01640624999999995,0.0,0.0,0.017578125,0.0,0.0
ton_full,point,512,smd_ton_full_point_512,6014,0.954453125,0.9550384718419699,0.9628125,0.05390625,2,2,2,0,64,64,2048,2.0,2.0,0.01171875,0.0,0.0,0.02213541666666665,0.0,0.0,0.02656249999999995,0.0,0.0,0.02265624999999995,0.0,0.0
ton_full,point,512,smd_ton_full_point_512,6015,0.93234375,0.9346400458830603,0.9584375,0.09375,3,3,3,0,96,96,3072,3.0,3.0,0.018229166666666668,1.0,0.0,0.010416666666666666,1.0,0.0,0.013541666666666665,1.0,0.0,0.012239583333333299,1.0,0.0
ton_full,point,512,smd_ton_full_point_512,6016,0.94390625,0.944865982977355,0.95796875,0.07015625,4,4,3,1,128,128,4096,4.0,3.0,0.010416666666666666,0.0,0.0,0.02083333333333323,0.0,0.0,0.021874999999999933,0.0,0.0,0.0205729166666666,0.0,0.0
ton_full,point,512,smd_ton_full_point_512,6017,0.927265625,0.9297200753158288,0.95984375,0.1053125,3,3,2,1,96,96,3072,3.0,2.0,0.0234375,1.0,0.0,-0.001302083333333249,1.0,0.0,0.0007812499999999504,1.0,0.0,-0.00039062500000000035,1.0,0.0
ton_full,point,512,smd_ton_full_point_512,6018,0.9246875,0.9291060449551316,0.97109375,0.12171875,2,2,2,0,64,64,2048,2.0,2.0,0.0390625,1.0,0.0,0.029947916666666602,1.0,0.0,0.03593750000000005,1.0,0.0,0.03554687499999995,1.0,0.0
ton_full,point,512,smd_ton_full_point_512,6019,0.93,0.9320031397642932,0.95625,0.09625,2,2,2,0,64,64,2048,2.0,2.0,-0.00390625,1.0,0.0,0.00390624999999995,0.0,0.0,0.0039062499999999,0.0,0.0,0.0007812499999999998,1.0,0.0
ton_full,point,512,smd_ton_full_point_512,6020,0.94171875,0.9429451539749182,0.96078125,0.07734375,3,3,3,0,96,96,3072,3.0,3.0,0.0026041666666666665,1.0,0.0,0.0017361111111111665,1.0,0.0,0.004687499999999967,1.0,0.0,0.0078125,1.0,0.0
ton_full,point,512,smd_ton_full_point_512,6021,0.945703125,0.9465406183818742,0.95859375,0.0671875,4,4,2,2,128,128,4096,4.0,2.0,0.0390625,0.0,0.0,0.0325520833333333,0.0,0.0,0.02890624999999995,0.0,0.0,0.02851562499999995,0.0,0.0
ton_full,point,512,smd_ton_full_point_512,6022,0.931875,0.9331622127605584,0.95234375,0.08859375,2,2,2,0,64,64,2048,2.0,2.0,-0.00390625,1.0,0.0,0.009114583333333301,0.0,0.0,0.00312499999999995,1.0,0.0,0.00312500000000005,1.0,0.0
ton_full,point,512,smd_ton_full_point_512,6023,0.941484375,0.9421197508000216,0.95453125,0.0715625,5,5,2,3,160,160,5120,5.0,2.0,0.0234375,0.0,0.0,0.02473958333333335,0.0,0.0,0.01875,0.0,0.0,0.02109375,0.0,1.0
ton_full,point,512,smd_ton_full_point_512,6024,0.935703125,0.9361241802241314,0.94359375,0.0721875,3,3,2,1,96,96,3072,3.0,2.0,0.03515625,0.0,0.0,0.03515625,0.0,0.0,0.0328124999999999,0.0,0.0,0.03710937499999995,0.0,0.0
ton_full,point,512,smd_ton_full_point_512,6025,0.944453125,0.9448374725446718,0.948125,0.05921875,2,2,2,0,64,64,2048,2.0,2.0,0.03515625,0.0,0.0,0.02994791666666665,0.0,0.0,0.028125,0.0,0.0,0.02578124999999995,0.0,0.0
ton_full,point,512,smd_ton_full_point_512,6026,0.943828125,0.9446454278326317,0.95671875,0.0690625,3,3,2,1,96,96,3072,3.0,2.0,0.04296875,0.0,0.0,0.0208333333333333,0.0,0.0,0.02343749999999995,0.0,0.0,0.0203124999999999,0.0,0.0
ton_full,point,512,smd_ton_full_point_512,6027,0.93625,0.937994971734594,0.96359375,0.09109375,2,2,2,0,64,64,2048,2.0,2.0,0.00390625,1.0,0.0,-0.0013020833333332992,1.0,0.0,-0.00156250000000005,1.0,0.0,0.0,1.0,0.0
ton_full,point,512,smd_ton_full_point_512,6028,0.93796875,0.9393741863647314,0.96046875,0.08453125,2,2,2,0,64,64,2048,2.0,2.0,-0.00390625,1.0,0.0,0.0026041666666667,1.0,0.0,0.0046875,0.0,0.0,0.00546874999999995,1.0,0.0
ton_full,point,512,smd_ton_full_point_512,6029,0.931015625,0.9324650452429709,0.95265625,0.090625,4,4,1,3,128,128,4096,4.0,1.0,0.03125,0.0,0.0,0.015625,0.0,0.0,0.0171874999999999,0.0,0.0,0.02890625,0.0,0.0
ton_full,point,512,smd_ton_full_point_512,6030,0.950859375,0.951479100626265,0.9603125,0.05859375,3,3,2,1,96,96,3072,3.0,2.0,0.02734375,0.0,0.0,0.01953125,0.0,0.0,0.01796875,0.0,0.0,0.01796874999999995,0.0,0.0
ton_full,point,2000,smd_ton_full_point_2000,6001,0.949609375,0.9504093155211472,0.9621875,0.06296875,2,2,2,0,64,64,8000,2.0,2.0,-0.00390625,1.0,0.0,0.00390625,1.0,0.0,0.0023437500000000507,1.0,0.0,-0.0011718749999999993,1.0,0.0
ton_full,point,2000,smd_ton_full_point_2000,6002,0.9571875,0.9576419937685939,0.961875,0.0475,3,3,3,0,96,96,12000,3.0,3.0,0.013020833333333334,0.0,0.0,0.015625000000000066,2.0,0.0,0.014583333333333335,2.0,0.0,0.014583333333333335,2.0,0.0
ton_full,point,2000,smd_ton_full_point_2000,6003,0.948125,0.9488053454894356,0.9553125,0.0590625,3,3,3,0,96,96,12000,3.0,3.0,0.0078125,1.0,0.0,0.010416666666666635,0.0,0.0,0.018229166666666633,0.0,0.0,0.0184895833333333,0.0,0.0
ton_full,point,2000,smd_ton_full_point_2000,6004,0.926640625,0.924719210495835,0.91578125,0.0625,3,3,2,1,96,96,12000,3.0,2.0,0.1015625,0.0,0.0,0.07552083333333334,0.0,0.0,0.06796874999999994,0.0,0.0,0.07031249999999994,0.0,0.0
ton_full,point,2000,smd_ton_full_point_2000,6005,0.946875,0.9478418529861284,0.960625,0.066875,3,3,2,1,96,96,12000,3.0,2.0,0.015625,0.0,0.0,0.014322916666666699,1.0,0.0,0.0195312499999999,0.0,0.0,0.02148437499999995,0.0,0.0
ton_full,point,2000,smd_ton_full_point_2000,6006,0.95140625,0.952507812587501,0.9690625,0.06625,3,3,3,0,96,96,12000,3.0,3.0,0.013020833333333334,0.0,0.0,0.016493055555555535,0.0,0.0,0.012499999999999964,0.0,0.0,0.017187499999999998,0.0,0.0
ton_full,point,2000,smd_ton_full_point_2000,6007,0.939296875,0.9405917973059792,0.9578125,0.07921875,3,3,3,0,96,96,12000,3.0,3.0,0.005208333333333333,1.0,0.0,0.013888888888888867,0.0,0.0,0.015104166666666634,0.0,0.0,0.02083333333333327,0.0,0.0
ton_full,point,2000,smd_ton_full_point_2000,6008,0.95140625,0.9520027533490105,0.96046875,0.05765625,2,2,2,0,64,64,8000,2.0,2.0,0.02734375,0.0,0.0,0.020833333333333297,1.0,0.0,0.02421875,1.0,0.0,0.02539062499999995,1.0,0.0
ton_full,point,2000,smd_ton_full_point_2000,6009,0.93546875,0.9382559684296737,0.96515625,0.09421875,3,3,3,0,96,96,12000,3.0,3.0,0.0078125,2.0,0.0,0.016493055555555566,1.0,0.0,0.019270833333333334,1.0,0.0,0.020833333333333332,1.0,0.0
ton_full,point,2000,smd_ton_full_point_2000,6010,0.92203125,0.9255587208523625,0.96484375,0.12078125,3,3,3,0,96,96,12000,3.0,3.0,-0.0078125,1.0,0.0,-0.0017361111111111338,1.0,0.0,0.004166666666666634,1.0,0.0,-0.006640625000000001,1.0,1.0
ton_full,point,2000,smd_ton_full_point_2000,6011,0.936875,0.9387029861274853,0.9603125,0.0865625,3,3,3,0,96,96,12000,3.0,3.0,0.028645833333333332,0.0,0.0,0.022569444444444402,0.0,0.0,0.026041666666666633,0.0,0.0,0.024479166666666635,0.0,0.0
ton_full,point,2000,smd_ton_full_point_2000,6012,0.929765625,0.932784043727628,0.96890625,0.109375,2,2,2,0,64,64,8000,2.0,2.0,0.02734375,0.0,0.0,0.01171875,1.0,0.0,0.01562499999999995,1.0,0.0,0.015625,1.0,0.0
ton_full,point,2000,smd_ton_full_point_2000,6013,0.938984375,0.9406241850330117,0.96515625,0.0871875,2,2,2,0,64,64,8000,2.0,2.0,0.00390625,1.0,0.0,0.0130208333333333,0.0,0.0,0.01015624999999995,0.0,0.0,0.00703125,1.0,0.0
ton_full,point,2000,smd_ton_full_point_2000,6014,0.955546875,0.9562449355194726,0.96640625,0.0553125,2,2,2,0,64,64,8000,2.0,2.0,0.0078125,0.0,0.0,0.02213541666666665,0.0,0.0,0.027343749999999948,0.0,0.0,0.02421874999999995,0.0,0.0
ton_full,point,2000,smd_ton_full_point_2000,6015,0.94671875,0.9476342810658778,0.96046875,0.06703125,4,4,3,1,128,128,16000,4.0,3.0,0.0078125,1.0,0.0,0.006944444444444399,0.0,0.0,0.011979166666666633,0.0,0.0,0.013541666666666632,0.0,0.0
ton_full,point,2000,smd_ton_full_point_2000,6016,0.950390625,0.9512260481428102,0.96359375,0.0628125,3,3,3,0,96,96,12000,3.0,3.0,0.0078125,1.0,0.0,0.012152777777777735,0.0,0.0,0.0166666666666666,0.0,0.0,0.0161458333333333,0.0,0.0
ton_full,point,2000,smd_ton_full_point_2000,6017,0.946484375,0.9470607069096664,0.95375,0.06078125,2,2,2,0,64,64,8000,2.0,2.0,0.02734375,0.0,0.0,0.0234375,1.0,0.0,0.02109374999999995,1.0,0.0,0.02421875000000005,1.0,0.0
ton_full,point,2000,smd_ton_full_point_2000,6018,0.94171875,0.9440432617615824,0.9696875,0.08625,2,2,2,0,64,64,8000,2.0,2.0,0.046875,0.0,0.0,0.036458333333333245,0.0,0.0,0.03828125,0.0,0.0,0.0390624999999999,0.0,0.0
ton_full,point,2000,smd_ton_full_point_2000,6019,0.934296875,0.9359724982897016,0.95921875,0.090625,3,3,1,2,96,96,12000,3.0,1.0,0.03125,0.0,0.0,0.0182291666666666,0.0,0.0,0.0187499999999999,0.0,0.0,0.01953125,0.0,0.0
ton_full,point,2000,smd_ton_full_point_2000,6020,0.946953125,0.9481433256325065,0.96484375,0.0709375,3,3,3,0,96,96,12000,3.0,3.0,0.005208333333333333,0.0,0.0,0.006944444444444399,0.0,0.0,0.011458333333333334,0.0,0.0,0.013541666666666632,0.0,0.0
ton_full,point,2000,smd_ton_full_point_2000,6021,0.943125,0.9441209863396354,0.956875,0.070625,3,3,3,0,96,96,12000,3.0,3.0,0.028645833333333332,0.0,0.0,0.027777777777777735,0.0,0.0,0.020833333333333332,1.0,0.0,0.021093749999999967,1.0,0.0
ton_full,point,2000,smd_ton_full_point_2000,6022,0.93875,0.9400177272517645,0.96109375,0.08359375,2,2,2,0,64,64,8000,2.0,2.0,0.015625,0.0,0.0,0.02343749999999995,0.0,0.0,0.0164062499999999,0.0,0.0,0.01445312499999995,0.0,0.0
ton_full,point,2000,smd_ton_full_point_2000,6023,0.94578125,0.9463927209878682,0.9559375,0.064375,3,3,3,0,96,96,12000,3.0,3.0,0.010416666666666666,0.0,0.0,0.010416666666666666,1.0,0.0,0.012499999999999968,0.0,0.0,0.015104166666666634,0.0,0.0
ton_full,point,2000,smd_ton_full_point_2000,6024,0.94421875,0.9445479703292995,0.949375,0.0609375,3,3,2,1,96,96,12000,3.0,2.0,0.03515625,0.0,0.0,0.04296874999999995,0.0,0.0,0.03906249999999995,0.0,0.0,0.04257812499999995,0.0,0.0
ton_full,point,2000,smd_ton_full_point_2000,6025,0.924765625,0.9273736771165387,0.9571875,0.10765625,2,2,2,0,64,64,8000,2.0,2.0,0.0,1.0,0.0,0.01171875,1.0,0.0,0.01406250000000005,1.0,0.0,0.020703125000000003,1.0,0.0
ton_full,point,2000,smd_ton_full_point_2000,6026,0.939453125,0.9414195121516216,0.96234375,0.0834375,2,2,2,0,64,64,8000,2.0,2.0,0.03125,1.0,0.0,0.0377604166666667,1.0,0.0,0.033593750000000054,1.0,0.0,0.025,1.0,0.0
ton_full,point,2000,smd_ton_full_point_2000,6027,0.952109375,0.9528158833134364,0.963125,0.05890625,2,2,2,0,64,64,8000,2.0,2.0,0.01953125,0.0,0.0,0.0182291666666667,1.0,0.0,0.0234375,0.0,0.0,0.025,0.0,0.0
ton_full,point,2000,smd_ton_full_point_2000,6028,0.9521875,0.9528568871908277,0.9640625,0.0596875,2,2,2,0,64,64,8000,2.0,2.0,0.0234375,0.0,0.0,0.026041666666666602,0.0,0.0,0.02968749999999995,0.0,0.0,0.03085937499999995,0.0,0.0
ton_full,point,2000,smd_ton_full_point_2000,6029,0.9528125,0.9535426483252705,0.9615625,0.0559375,3,3,3,0,96,96,12000,3.0,3.0,0.018229166666666668,1.0,0.0,0.015624999999999967,0.0,0.0,0.014062499999999966,0.0,0.0,0.0184895833333333,0.0,0.0
ton_full,point,2000,smd_ton_full_point_2000,6030,0.92375,0.9275411425423041,0.963125,0.115625,3,3,3,0,96,96,12000,3.0,3.0,0.020833333333333332,1.0,0.0,0.019965277777777766,1.0,0.0,0.01614583333333333,1.0,0.0,-0.01874999999999995,1.0,1.0
ton_full,strict,512,smd_ton_full_strict_512,6001,0.950234375,0.9502854761734656,0.94859375,0.048125,3,3,2,1,96,96,3072,3.0,2.0,-0.01171875,1.0,0.0,0.00390625,1.0,0.0,0.0109375,0.0,0.0,0.012499999999999949,0.0,0.0
ton_full,strict,512,smd_ton_full_strict_512,6002,0.9340625,0.9343583877361022,0.938125,0.07,6,6,1,5,192,192,6144,6.0,1.0,0.0546875,0.0,0.0,0.0546875,0.0,0.0,0.0484374999999999,0.0,0.0,0.05234375,0.0,0.0
ton_full,strict,512,smd_ton_full_strict_512,6003,0.929296875,0.9301953468904322,0.941875,0.08328125,6,6,1,5,192,192,6144,6.0,1.0,0.015625,0.0,0.0,0.0260416666666667,0.0,0.0,0.0234375,0.0,0.0,0.0257812499999999,0.0,0.0
ton_full,strict,512,smd_ton_full_strict_512,6004,0.9175,0.9168095852754544,0.91859375,0.08359375,3,3,2,1,96,96,3072,3.0,2.0,0.09375,0.0,0.0,0.06380208333333326,0.0,0.0,0.0593749999999999,0.0,0.0,0.07226562499999994,0.0,0.0
ton_full,strict,512,smd_ton_full_strict_512,6005,0.95109375,0.9515769548106152,0.95609375,0.05390625,5,5,1,4,160,160,5120,5.0,1.0,0.0625,0.0,0.0,0.0598958333333333,0.0,0.0,0.0515625,0.0,0.0,0.05234375,0.0,0.0
ton_full,strict,512,smd_ton_full_strict_512,6006,0.961171875,0.9614613307719155,0.96453125,0.0421875,4,4,2,2,128,128,4096,4.0,2.0,0.01171875,1.0,0.0,0.006510416666666649,1.0,0.0,0.01093750000000005,1.0,0.0,0.01757812499999995,0.0,0.0
ton_full,strict,512,smd_ton_full_strict_512,6007,0.935234375,0.935708112953604,0.9425,0.07203125,3,3,2,1,96,96,3072,3.0,2.0,0.03515625,0.0,0.0,0.04166666666666665,0.0,0.0,0.03828124999999995,0.0,0.0,0.0417968749999999,0.0,0.0
ton_full,strict,512,smd_ton_full_strict_512,6008,0.933046875,0.9359893251680366,0.96328125,0.0971875,2,2,2,0,64,64,2048,2.0,2.0,-0.00390625,1.0,0.0,-0.0052083333333334016,1.0,0.0,0.013281249999999998,1.0,0.0,0.01796875,1.0,0.0
ton_full,strict,512,smd_ton_full_strict_512,6009,0.933046875,0.9348785858028846,0.96,0.09390625,5,5,1,4,160,160,5120,5.0,1.0,0.0,0.0,0.0,0.0052083333333333,0.0,0.0,0.0140624999999999,0.0,0.0,0.0124999999999999,0.0,0.0
ton_full,strict,512,smd_ton_full_strict_512,6010,0.93515625,0.9361973532591944,0.9496875,0.079375,3,3,2,1,96,96,3072,3.0,2.0,0.05859375,0.0,0.0,0.02994791666666665,0.0,0.0,0.0296875,0.0,0.0,0.02421875,0.0,0.0
ton_full,strict,512,smd_ton_full_strict_512,6011,0.93390625,0.9358755624966331,0.9596875,0.091875,6,6,2,4,192,192,6144,6.0,2.0,0.015625,0.0,0.0,0.02734375,0.0,0.0,0.03203124999999995,0.0,0.0,0.025,0.0,1.0
ton_full,strict,512,smd_ton_full_strict_512,6012,0.94671875,0.9473521785635348,0.9553125,0.061875,4,4,1,3,128,128,4096,4.0,1.0,0.0546875,0.0,0.0,0.0286458333333333,0.0,0.0,0.0359374999999999,0.0,0.0,0.040625,0.0,0.0
ton_full,strict,512,smd_ton_full_strict_512,6013,0.949453125,0.9499650492748196,0.955,0.05609375,4,4,2,2,128,128,4096,4.0,2.0,0.015625,0.0,0.0,0.01822916666666665,0.0,0.0,0.01640624999999995,0.0,0.0,0.01601562499999995,0.0,0.0
ton_full,strict,512,smd_ton_full_strict_512,6014,0.92640625,0.9272591067881515,0.93703125,0.08421875,7,7,0,7,224,224,7168,7.0,0.0,,0.0,0.0,,0.0,0.0,,0.0,0.0,,0.0,0.0
ton_full,strict,512,smd_ton_full_strict_512,6015,0.943671875,0.9445197405321869,0.95640625,0.0690625,4,4,2,2,128,128,4096,4.0,2.0,0.01171875,0.0,0.0,0.013020833333333301,0.0,0.0,0.0171875,0.0,0.0,0.01992187499999995,0.0,0.0
ton_full,strict,512,smd_ton_full_strict_512,6016,0.931875,0.9329135684406744,0.94796875,0.08421875,5,5,1,4,160,160,5120,5.0,1.0,-0.015625,1.0,0.0,-0.0052083333333332,1.0,0.0,0.0062499999999999,0.0,0.0,0.0148437499999999,0.0,0.0
ton_full,strict,512,smd_ton_full_strict_512,6017,0.9215625,0.9241789597268266,0.9528125,0.1096875,4,4,1,3,128,128,4096,4.0,1.0,-0.015625,1.0,0.0,-0.0208333333333332,1.0,0.0,-0.0234375,1.0,0.0,-0.025,1.0,0.0
ton_full,strict,512,smd_ton_full_strict_512,6018,0.93265625,0.9356813816820826,0.9646875,0.099375,3,3,2,1,96,96,3072,3.0,2.0,0.015625,1.0,0.0,0.03515625,0.0,0.0,0.03671875,0.0,0.0,0.0355468749999999,0.0,0.0
ton_full,strict,512,smd_ton_full_strict_512,6019,0.914140625,0.9178486129404737,0.95203125,0.12375,4,4,1,3,128,128,4096,4.0,1.0,0.0078125,0.0,0.0,-0.0104166666666667,1.0,0.0,-0.0062499999999999,1.0,0.0,-0.0171874999999999,1.0,0.0
ton_full,strict,512,smd_ton_full_strict_512,6020,0.94765625,0.9484641063915761,0.95875,0.0634375,4,4,2,2,128,128,4096,4.0,2.0,0.015625,0.0,0.0,0.0130208333333333,0.0,0.0,0.0124999999999999,0.0,0.0,0.01757812499999995,0.0,0.0
ton_full,strict,512,smd_ton_full_strict_512,6021,0.941328125,0.9424667845362715,0.95875,0.07609375,5,5,2,3,160,160,5120,5.0,2.0,0.0234375,0.0,0.0,0.02994791666666665,0.0,0.0,0.0242187499999999,0.0,0.0,0.0234375,0.0,0.0
ton_full,strict,512,smd_ton_full_strict_512,6022,0.939140625,0.939945069141162,0.95171875,0.0734375,4,4,2,2,128,128,4096,4.0,2.0,0.0234375,0.0,0.0,0.0195312499999999,0.0,0.0,0.01796874999999995,0.0,0.0,0.02031249999999995,0.0,0.0
ton_full,strict,512,smd_ton_full_strict_512,6023,0.928828125,0.9288406875457893,0.9303125,0.07265625,7,7,1,6,224,224,7168,7.0,1.0,0.0703125,0.0,0.0,0.0677083333333333,0.0,0.0,0.059375,0.0,0.0,,0.0,1.0
ton_full,strict,512,smd_ton_full_strict_512,6024,0.9140625,0.915857729251195,0.936875,0.10875,6,6,2,4,192,192,6144,6.0,2.0,0.0234375,0.0,0.0,0.04036458333333325,0.0,0.0,0.04843749999999995,0.0,0.0,0.0421874999999999,0.0,0.0
ton_full,strict,512,smd_ton_full_strict_512,6025,0.944453125,0.9448374725446718,0.948125,0.05921875,2,2,2,0,64,64,2048,2.0,2.0,0.03515625,0.0,0.0,0.02994791666666665,0.0,0.0,0.028125,0.0,0.0,0.02578124999999995,0.0,0.0
ton_full,strict,512,smd_ton_full_strict_512,6026,0.920859375,0.9238434808766608,0.95640625,0.1146875,2,2,1,1,64,64,2048,2.0,1.0,-0.0234375,1.0,0.0,-0.0364583333333332,1.0,0.0,-0.0203124999999999,1.0,0.0,-0.0171875,1.0,0.0
ton_full,strict,512,smd_ton_full_strict_512,6027,0.94453125,0.9456845336144494,0.963125,0.0740625,4,4,2,2,128,128,4096,4.0,2.0,0.01953125,0.0,0.0,0.01953125,0.0,0.0,0.0195312499999999,0.0,0.0,0.02109375,0.0,0.0
ton_full,strict,512,smd_ton_full_strict_512,6028,0.9434375,0.9444354817546068,0.95921875,0.07234375,4,4,2,2,128,128,4096,4.0,2.0,0.01171875,0.0,0.0,0.01432291666666665,0.0,0.0,0.015624999999999951,0.0,0.0,0.02070312499999995,0.0,0.0
ton_full,strict,512,smd_ton_full_strict_512,6029,0.9315625,0.9322611561175133,0.94046875,0.07734375,5,5,1,4,160,160,5120,5.0,1.0,0.078125,0.0,0.0,0.0729166666666666,0.0,0.0,0.0578125,0.0,0.0,0.0554687499999999,0.0,0.0
ton_full,strict,512,smd_ton_full_strict_512,6030,0.9390625,0.9402575071933605,0.955625,0.0775,5,5,2,3,160,160,5120,5.0,2.0,0.0390625,0.0,0.0,0.01953125,1.0,0.0,0.02421875,1.0,0.0,0.02421875000000005,1.0,0.0
ton_full,strict,2000,smd_ton_full_strict_2000,6001,0.962109375,0.9620891830122144,0.9596875,0.03546875,4,4,2,2,128,128,16000,4.0,2.0,0.01953125,0.0,0.0,0.02734375,0.0,0.0,0.02109375,0.0,0.0,0.0296874999999999,0.0,1.0
ton_full,strict,2000,smd_ton_full_strict_2000,6002,0.9353125,0.9366418341010788,0.956875,0.08625,4,4,2,2,128,128,16000,4.0,2.0,0.0078125,0.0,0.0,0.0026041666666667502,1.0,0.0,0.006250000000000051,1.0,0.0,0.008984375000000051,1.0,0.0
ton_full,strict,2000,smd_ton_full_strict_2000,6003,0.943671875,0.9448882150584231,0.9628125,0.07546875,4,4,3,1,128,128,16000,4.0,3.0,0.028645833333333332,0.0,0.0,0.024305555555555535,0.0,0.0,0.0276041666666666,0.0,0.0,0.028124999999999966,0.0,0.0
ton_full,strict,2000,smd_ton_full_strict_2000,6004,0.926640625,0.924719210495835,0.91578125,0.0625,3,3,2,1,96,96,12000,3.0,2.0,0.1015625,0.0,0.0,0.07552083333333334,0.0,0.0,0.06796874999999994,0.0,0.0,0.07031249999999994,0.0,0.0
ton_full,strict,2000,smd_ton_full_strict_2000,6005,0.9528125,0.9532759284278285,0.95703125,0.05140625,4,4,2,2,128,128,16000,4.0,2.0,0.03515625,0.0,0.0,0.0325520833333333,0.0,0.0,0.02734375,0.0,0.0,0.02851562499999995,0.0,0.0
ton_full,strict,2000,smd_ton_full_strict_2000,6006,0.950390625,0.9511555276177458,0.96171875,0.0609375,4,4,2,2,128,128,16000,4.0,2.0,0.015625,0.0,0.0,0.0260416666666666,0.0,0.0,0.0265625,0.0,0.0,0.03007812499999995,0.0,0.0
ton_full,strict,2000,smd_ton_full_strict_2000,6007,0.941640625,0.9425788814842406,0.956875,0.07359375,3,3,2,1,96,96,12000,3.0,2.0,0.04296875,0.0,0.0,0.05338541666666665,0.0,0.0,0.048437499999999994,0.0,0.0,0.04687499999999995,0.0,0.0
ton_full,strict,2000,smd_ton_full_strict_2000,6008,0.95140625,0.9520027533490105,0.96046875,0.05765625,2,2,2,0,64,64,8000,2.0,2.0,0.02734375,0.0,0.0,0.020833333333333297,1.0,0.0,0.02421875,1.0,0.0,0.02539062499999995,1.0,0.0
ton_full,strict,2000,smd_ton_full_strict_2000,6009,0.94375,0.944211710319319,0.9490625,0.0615625,6,6,1,5,192,192,24000,6.0,1.0,0.0859375,0.0,0.0,0.0807291666666666,0.0,0.0,0.0812499999999999,0.0,0.0,0.08203125,0.0,0.0
ton_full,strict,2000,smd_ton_full_strict_2000,6010,0.9384375,0.9394377858811273,0.95171875,0.07484375,3,3,2,1,96,96,12000,3.0,2.0,0.05078125,0.0,0.0,0.03255208333333335,1.0,0.0,0.03749999999999995,1.0,0.0,0.03632812499999995,0.0,0.0
ton_full,strict,2000,smd_ton_full_strict_2000,6011,0.930390625,0.9324386111662908,0.95921875,0.0984375,4,4,2,2,128,128,16000,4.0,2.0,0.01953125,0.0,0.0,0.0169270833333333,0.0,0.0,0.02421875,0.0,0.0,0.028124999999999952,0.0,0.0
ton_full,strict,2000,smd_ton_full_strict_2000,6012,0.929765625,0.932784043727628,0.96890625,0.109375,2,2,2,0,64,64,8000,2.0,2.0,0.02734375,0.0,0.0,0.01171875,1.0,0.0,0.01562499999999995,1.0,0.0,0.015625,1.0,0.0
ton_full,strict,2000,smd_ton_full_strict_2000,6013,0.947890625,0.9483316117387268,0.95421875,0.0584375,4,4,1,3,128,128,16000,4.0,1.0,0.03125,0.0,0.0,0.0520833333333332,0.0,0.0,0.05,0.0,0.0,0.046875,0.0,0.0
ton_full,strict,2000,smd_ton_full_strict_2000,6014,0.93078125,0.931523561729036,0.93984375,0.07828125,7,7,1,6,224,224,28000,7.0,1.0,0.0859375,0.0,0.0,0.0677083333333332,0.0,0.0,0.071875,0.0,0.0,,0.0,1.0
ton_full,strict,2000,smd_ton_full_strict_2000,6015,0.94640625,0.9470735852403732,0.9553125,0.0625,4,4,2,2,128,128,16000,4.0,2.0,0.015625,0.0,0.0,0.02083333333333335,0.0,0.0,0.0218749999999999,0.0,0.0,0.02382812499999995,0.0,0.0
ton_full,strict,2000,smd_ton_full_strict_2000,6016,0.94265625,0.9433130691828572,0.95203125,0.06671875,5,5,1,4,160,160,20000,5.0,1.0,0.0234375,0.0,0.0,0.0442708333333333,0.0,0.0,0.0578125,0.0,0.0,0.0609374999999999,0.0,0.0
ton_full,strict,2000,smd_ton_full_strict_2000,6017,0.91859375,0.9217547354222363,0.95390625,0.11671875,4,4,1,3,128,128,16000,4.0,1.0,-0.0390625,1.0,0.0,-0.0286458333333332,1.0,0.0,-0.0281249999999999,1.0,0.0,-0.0296875,1.0,0.0
ton_full,strict,2000,smd_ton_full_strict_2000,6018,0.94171875,0.9440432617615824,0.9696875,0.08625,2,2,2,0,64,64,8000,2.0,2.0,0.046875,0.0,0.0,0.036458333333333245,0.0,0.0,0.03828125,0.0,0.0,0.0390624999999999,0.0,0.0
ton_full,strict,2000,smd_ton_full_strict_2000,6019,0.949609375,0.9500999778790501,0.95625,0.05703125,4,4,1,3,128,128,16000,4.0,1.0,0.1328125,0.0,0.0,0.0833333333333332,0.0,0.0,0.0843749999999999,0.0,0.0,0.0734375,0.0,0.0
ton_full,strict,2000,smd_ton_full_strict_2000,6020,0.949765625,0.9507200114412203,0.9625,0.06296875,4,4,2,2,128,128,16000,4.0,2.0,0.0078125,0.0,0.0,0.0156249999999999,0.0,0.0,0.015624999999999951,0.0,0.0,0.01874999999999995,0.0,0.0
ton_full,strict,2000,smd_ton_full_strict_2000,6021,0.93828125,0.9396146367279407,0.960625,0.0840625,3,3,2,1,96,96,12000,3.0,2.0,0.0078125,0.0,0.0,0.01041666666666665,0.0,0.0,0.00781249999999995,0.0,0.0,0.0066406249999999,0.0,0.0
ton_full,strict,2000,smd_ton_full_strict_2000,6022,0.93515625,0.9360736792174387,0.95203125,0.08171875,4,4,1,3,128,128,16000,4.0,1.0,0.0078125,0.0,0.0,0.0234375,0.0,0.0,0.025,0.0,0.0,0.0296874999999999,0.0,0.0
ton_full,strict,2000,smd_ton_full_strict_2000,6023,0.9396875,0.940093971242045,0.94953125,0.07015625,6,6,2,4,192,192,24000,6.0,2.0,0.0390625,0.0,0.0,0.024739583333333252,0.0,0.0,0.02187499999999995,0.0,0.0,0.02421875,0.0,1.0
ton_full,strict,2000,smd_ton_full_strict_2000,6024,0.929921875,0.9304414472070428,0.93796875,0.078125,4,4,2,2,128,128,16000,4.0,2.0,0.03125,0.0,0.0,0.03645833333333325,0.0,0.0,0.03671875,0.0,0.0,0.0437499999999999,0.0,0.0
ton_full,strict,2000,smd_ton_full_strict_2000,6025,0.924765625,0.9273736771165387,0.9571875,0.10765625,2,2,2,0,64,64,8000,2.0,2.0,0.0,1.0,0.0,0.01171875,1.0,0.0,0.01406250000000005,1.0,0.0,0.020703125000000003,1.0,0.0
ton_full,strict,2000,smd_ton_full_strict_2000,6026,0.938984375,0.9400803985868287,0.95875,0.08078125,2,2,1,1,64,64,8000,2.0,1.0,0.0078125,0.0,0.0,0.0130208333333333,0.0,0.0,0.0109375,0.0,0.0,0.01484375,0.0,0.0
ton_full,strict,2000,smd_ton_full_strict_2000,6027,0.94625,0.947184514607486,0.9596875,0.0671875,3,3,2,1,96,96,12000,3.0,2.0,0.03515625,0.0,0.0,0.0221354166666667,1.0,0.0,0.02109374999999995,0.0,0.0,0.022265625,0.0,0.0
ton_full,strict,2000,smd_ton_full_strict_2000,6028,0.9521875,0.9528568871908277,0.9640625,0.0596875,2,2,2,0,64,64,8000,2.0,2.0,0.0234375,0.0,0.0,0.026041666666666602,0.0,0.0,0.02968749999999995,0.0,0.0,0.03085937499999995,0.0,0.0
ton_full,strict,2000,smd_ton_full_strict_2000,6029,0.940859375,0.941958938196492,0.95609375,0.074375,4,4,2,2,128,128,16000,4.0,2.0,0.03515625,0.0,0.0,0.02994791666666665,0.0,0.0,0.0281249999999999,0.0,0.0,0.03125,0.0,0.0
ton_full,strict,2000,smd_ton_full_strict_2000,6030,0.948984375,0.9496374114348589,0.9584375,0.06046875,5,5,2,3,160,160,20000,5.0,2.0,0.0234375,0.0,0.0,0.02473958333333325,0.0,0.0,0.02734375,0.0,0.0,0.026953125,0.0,0.0
